transaction_id,customer_id,amount,payment_method,failure_reason,retry_count,previous_transactions,previous_success_rate,subscription_status,customer_type,days_since_failure,time_since_last_success,device_risk_score,historical_failure_count,recovered,recovery_outcome
txn_4ed2dc5fe8e6,cust_000419,2567.74,netbanking,bank_server_error,0,8,0.585,paused,returning,12,17.9,0.055,2,1,recovered
txn_0acba31a9dae,cust_000735,671.59,upi,network_timeout,1,5,0.609,active,returning,11,197.3,0.454,2,1,recovered
txn_cab88e79975f,cust_000852,1387.83,card,bank_server_error,0,18,0.838,none,loyal,19,299.5,0.474,3,1,recovered
txn_6d0808fbb90c,cust_001018,1125.2,upi,network_timeout,1,5,0.89,active,returning,22,66.0,0.09,0,1,recovered
txn_9d397f7c8aff,cust_001078,822.72,card,network_timeout,0,0,0.5,active,new,12,720.0,0.107,1,1,recovered
txn_73c6f2c76eb0,cust_000078,2062.96,netbanking,bank_server_error,1,9,0.554,none,loyal,25,17.3,0.22,3,1,recovered
txn_5dba1735ef86,cust_000737,198.1,upi,otp_failed,0,6,0.76,active,returning,8,183.6,0.068,2,1,recovered
txn_233847eeeb85,cust_000813,1504.27,card,risk_flagged,0,7,0.62,none,returning,24,29.0,0.389,2,0,not_recovered
txn_e4160b797a0c,cust_001332,1842.24,card,card_declined_bank,0,0,0.5,none,new,11,720.0,0.135,1,0,not_recovered
txn_1e91840e37d0,cust_000628,587.96,netbanking,risk_flagged,1,6,0.783,active,returning,20,149.9,0.16,5,1,recovered
txn_9418eed0a3dd,cust_001227,7800.14,card,card_declined_bank,0,7,0.823,none,returning,30,9.9,0.1,2,0,not_recovered
txn_f9e4a0b47878,cust_001124,1170.27,wallet,otp_failed,1,18,0.775,none,loyal,23,213.9,0.337,5,1,recovered
txn_495d2f346287,cust_000673,1613.67,netbanking,network_timeout,0,9,0.484,paused,returning,9,48.3,0.162,0,1,recovered
txn_7a33b7db62a0,cust_001372,1172.63,upi,otp_failed,2,22,0.965,active,loyal,17,64.0,0.026,1,1,recovered
txn_bee2a377abf9,cust_000152,1856.76,card,network_timeout,1,6,0.823,cancelled,returning,6,64.7,0.029,2,1,recovered
txn_41b92ea66522,cust_000051,6485.54,upi,network_timeout,0,0,0.5,paused,new,14,720.0,0.408,0,0,not_recovered
txn_39a1f0c09e67,cust_001016,18503.48,wallet,network_timeout,1,6,0.659,none,returning,19,188.8,0.263,4,0,not_recovered
txn_1c56ccf1261a,cust_000416,3909.15,card,card_declined_bank,0,0,0.5,none,new,1,720.0,0.139,0,0,not_recovered
txn_05ce350a412e,cust_000423,5319.82,card,card_declined_bank,1,12,0.73,none,loyal,12,26.4,0.23,1,0,not_recovered
txn_485dd21aaa4d,cust_001004,9365.47,card,invalid_card,0,3,0.609,paused,returning,30,202.4,0.379,0,0,not_recovered
txn_adde09ea138c,cust_000833,2499.84,card,invalid_card,1,4,0.616,none,returning,30,121.4,0.209,1,0,not_recovered
txn_133c6e26e395,cust_001482,8210.97,upi,risk_flagged,0,7,0.54,cancelled,returning,26,41.6,0.391,3,0,not_recovered
txn_c48eda9c392b,cust_000601,4077.18,upi,network_timeout,0,16,0.552,cancelled,loyal,22,56.8,0.329,3,0,not_recovered
txn_6d64818ecc26,cust_001475,2274.67,upi,risk_flagged,1,20,0.575,none,loyal,20,226.2,0.299,0,0,not_recovered
txn_8dd1599d7aa0,cust_001464,2738.89,card,card_declined_bank,0,4,0.805,none,returning,16,54.4,0.225,2,0,not_recovered
txn_4feb4e548583,cust_001544,387.89,card,risk_flagged,0,0,0.5,none,new,19,720.0,0.142,1,1,recovered
txn_a8c45457cfd9,cust_000951,2599.07,card,network_timeout,0,8,0.791,paused,returning,7,178.0,0.152,4,1,recovered
txn_c18d05277d3e,cust_001316,498.01,netbanking,network_timeout,1,0,0.5,paused,new,17,720.0,0.292,2,0,not_recovered
txn_15ca2e953fd8,cust_000066,462.78,upi,risk_flagged,0,0,0.5,active,new,17,720.0,0.629,1,0,not_recovered
txn_e340bf4f4bfa,cust_000182,2376.99,card,network_timeout,0,7,0.751,active,returning,2,53.3,0.39,3,1,recovered
txn_9696df0cb927,cust_000290,733.13,netbanking,insufficient_funds,2,7,0.646,none,returning,8,254.4,0.257,2,0,not_recovered
txn_a645dad090fa,cust_001255,1985.44,card,bank_server_error,2,20,0.75,cancelled,loyal,9,25.7,0.379,1,0,not_recovered
txn_86d62383ec57,cust_001494,2263.33,card,network_timeout,0,0,0.5,none,new,21,720.0,0.332,0,1,recovered
txn_17e57bc3535c,cust_000256,2356.06,card,network_timeout,0,4,0.945,paused,returning,10,95.2,0.087,0,1,recovered
txn_721da7af1924,cust_000323,885.62,emi,invalid_card,0,6,0.749,none,returning,6,416.8,0.127,3,0,not_recovered
txn_2d38c2d7a612,cust_000790,4486.44,upi,risk_flagged,2,0,0.5,active,new,24,720.0,0.032,0,0,not_recovered
txn_82c899b72901,cust_000527,1843.99,upi,risk_flagged,0,0,0.5,cancelled,new,15,720.0,0.406,0,0,not_recovered
txn_e6bddb30255f,cust_000887,2971.93,card,insufficient_funds,0,5,0.741,none,returning,18,15.2,0.189,2,0,not_recovered
txn_78a1322cdcda,cust_001504,680.76,card,insufficient_funds,0,0,0.5,none,new,10,720.0,0.21,0,0,not_recovered
txn_3589e334c5df,cust_000970,1701.91,upi,bank_server_error,0,2,0.318,active,returning,12,215.4,0.166,1,1,recovered
txn_8159011e247c,cust_001359,5364.54,card,bank_server_error,0,9,0.792,active,returning,17,169.3,0.197,2,0,not_recovered
txn_56751a4ac567,cust_000193,4784.61,wallet,network_timeout,1,11,0.475,active,loyal,10,101.4,0.272,2,0,not_recovered
txn_edc121eb39ab,cust_000337,975.0,netbanking,card_declined_bank,0,8,0.596,none,returning,29,134.7,0.238,0,0,not_recovered
txn_6d17784a7110,cust_001180,1222.92,upi,invalid_card,0,0,0.5,none,new,26,720.0,0.198,1,0,not_recovered
txn_cc04b6d044e0,cust_000325,820.72,upi,bank_server_error,1,16,0.713,none,loyal,29,296.6,0.261,2,1,recovered
txn_7b56fbe937a7,cust_000108,1106.8,emi,insufficient_funds,0,22,0.72,active,loyal,24,13.3,0.111,2,0,not_recovered
txn_3c70334b15c1,cust_000930,567.27,upi,insufficient_funds,0,2,0.879,active,returning,2,98.5,0.041,1,0,not_recovered
txn_a9cae9c6f7e1,cust_001484,1764.53,upi,network_timeout,0,0,0.5,none,new,25,720.0,0.195,1,1,recovered
txn_04d4c3863e2b,cust_001214,3532.72,wallet,insufficient_funds,1,3,0.907,cancelled,returning,7,210.4,0.174,3,0,not_recovered
txn_d103b5e35487,cust_000799,985.8,card,bank_server_error,0,0,0.5,none,new,12,720.0,0.143,0,0,not_recovered
txn_e45c612ba76a,cust_001054,1841.72,wallet,bank_server_error,1,0,0.5,active,new,12,720.0,0.12,0,1,recovered
txn_8c32716fb9b0,cust_000504,1638.52,card,bank_server_error,0,0,0.5,none,new,14,720.0,0.12,1,1,recovered
txn_3f5fdd46f818,cust_000757,5164.72,upi,risk_flagged,0,8,0.717,cancelled,returning,24,4.7,0.23,2,0,not_recovered
txn_2ca062692645,cust_000306,1152.36,netbanking,insufficient_funds,0,8,0.867,paused,returning,17,11.4,0.331,4,1,recovered
txn_b8b2d9119a0b,cust_000928,1190.71,upi,network_timeout,0,3,0.742,paused,returning,16,5.7,0.432,0,0,not_recovered
txn_36e41309b4f1,cust_001432,933.16,upi,network_timeout,0,5,0.491,cancelled,returning,5,227.9,0.372,1,0,not_recovered
txn_82d1e6e1b7ae,cust_000408,717.84,upi,network_timeout,1,4,0.733,none,returning,24,20.6,0.212,4,0,not_recovered
txn_dce9090ffede,cust_001107,3217.2,card,otp_failed,0,6,0.318,cancelled,returning,11,112.7,0.128,0,0,not_recovered
txn_c399e9bb21de,cust_000515,1769.41,card,card_declined_bank,0,0,0.5,active,new,20,720.0,0.091,1,0,not_recovered
txn_03c2814a19e5,cust_000862,2099.24,card,risk_flagged,2,0,0.5,paused,new,15,720.0,0.243,0,0,not_recovered
txn_b419cbd52f15,cust_000720,6292.9,upi,otp_failed,0,5,0.779,paused,returning,20,244.0,0.254,5,1,recovered
txn_030ed02ae34e,cust_001120,6626.77,upi,insufficient_funds,0,4,0.789,cancelled,returning,20,5.7,0.345,2,0,not_recovered
txn_52f7cb35f95f,cust_000124,454.13,card,network_timeout,0,11,0.43,none,returning,17,175.1,0.199,2,1,recovered
txn_5fd4148e46ec,cust_001340,3579.76,wallet,insufficient_funds,0,6,0.476,paused,returning,13,57.7,0.387,1,1,recovered
txn_78d26ba80a66,cust_000295,2448.14,card,insufficient_funds,2,9,0.188,active,returning,22,158.8,0.118,5,0,not_recovered
txn_a7a219b1b5bd,cust_000730,1318.92,upi,risk_flagged,2,8,0.901,none,returning,4,165.6,0.345,2,0,not_recovered
txn_fdb5048cb469,cust_000605,2683.6,upi,bank_server_error,0,3,0.984,none,returning,30,3.7,0.173,1,1,recovered
txn_2d529a3586e0,cust_001491,422.53,card,insufficient_funds,2,0,0.5,none,new,13,720.0,0.32,0,0,not_recovered
txn_abd5768d4919,cust_000780,7453.05,upi,insufficient_funds,0,0,0.5,none,new,30,720.0,0.08,0,0,not_recovered
txn_2e78fb8ea826,cust_000355,3176.23,upi,network_timeout,2,9,0.696,none,returning,16,21.9,0.473,3,1,recovered
txn_5518e6e3b496,cust_001289,917.2,card,risk_flagged,1,0,0.5,active,new,4,720.0,0.524,1,0,not_recovered
txn_d06ab3cb1ce3,cust_001213,1179.84,emi,network_timeout,0,3,0.535,none,returning,20,31.1,0.312,0,0,not_recovered
txn_125976174eb1,cust_001322,431.46,netbanking,network_timeout,0,16,0.42,none,loyal,16,25.8,0.346,2,0,not_recovered
txn_0518594af508,cust_000984,1506.34,upi,network_timeout,1,0,0.5,none,new,26,720.0,0.062,0,0,not_recovered
txn_5c3fc4243633,cust_000731,1294.06,netbanking,card_declined_bank,0,0,0.5,none,new,25,720.0,0.364,0,0,not_recovered
txn_709022c18dbf,cust_001549,606.32,wallet,bank_server_error,0,0,0.5,active,new,7,720.0,0.074,0,1,recovered
txn_696ce8254dc8,cust_001167,4019.98,card,otp_failed,1,0,0.5,paused,new,23,720.0,0.127,0,0,not_recovered
txn_96303446cad7,cust_001322,6305.12,upi,insufficient_funds,0,5,0.857,none,returning,17,261.8,0.3,2,0,not_recovered
txn_bc1d2cf473b4,cust_001503,1949.59,upi,network_timeout,0,5,0.533,active,returning,14,25.5,0.358,2,1,recovered
txn_a48c1dad7bf7,cust_001531,1517.65,card,risk_flagged,0,2,0.619,none,returning,12,53.2,0.41,2,1,recovered
txn_bcff6193a5be,cust_000239,2955.69,card,network_timeout,1,4,0.893,none,returning,20,69.2,0.176,3,1,recovered
txn_851c972c53e7,cust_001075,1963.19,card,network_timeout,0,3,0.935,none,returning,21,79.8,0.084,2,1,recovered
txn_711a896c3800,cust_001318,754.49,upi,otp_failed,0,16,0.742,active,loyal,27,1.6,0.185,2,1,recovered
txn_2183431d0152,cust_000891,1110.53,netbanking,network_timeout,0,0,0.5,active,new,27,720.0,0.269,0,0,not_recovered
txn_fc5321e4529b,cust_001509,1530.28,netbanking,network_timeout,0,0,0.5,active,new,7,720.0,0.101,0,1,recovered
txn_a81e2e35b4f0,cust_000691,2498.31,card,card_declined_bank,1,0,0.5,active,new,14,720.0,0.407,0,0,not_recovered
txn_3aee5eebcd3c,cust_001400,2015.06,card,bank_server_error,0,5,0.691,active,returning,30,96.3,0.116,1,1,recovered
txn_aff6fae4fca0,cust_000665,2414.71,upi,insufficient_funds,1,6,0.509,paused,returning,26,122.5,0.292,2,1,recovered
txn_89a32bcf6b01,cust_000957,506.57,upi,insufficient_funds,0,0,0.5,none,new,13,720.0,0.481,0,0,not_recovered
txn_6767d9b45772,cust_001110,3636.21,wallet,card_declined_bank,1,5,0.807,none,returning,0,22.0,0.321,2,0,not_recovered
txn_9d76c4c7eae0,cust_001508,2004.35,wallet,network_timeout,0,0,0.5,none,new,7,720.0,0.374,1,0,not_recovered
txn_3904762184e0,cust_000236,19879.38,wallet,network_timeout,1,6,0.786,none,returning,28,23.9,0.103,1,1,recovered
txn_f8be18eace7f,cust_001538,1409.7,netbanking,otp_failed,0,9,0.739,active,returning,21,60.7,0.23,1,1,recovered
txn_70138ff6cdfc,cust_000418,2673.42,emi,otp_failed,1,6,0.763,active,returning,24,57.9,0.19,1,1,recovered
txn_925b52dfe271,cust_000894,25496.52,upi,invalid_card,0,0,0.5,active,new,24,720.0,0.565,0,0,not_recovered
txn_1a55a9c85fb3,cust_000675,2379.59,card,insufficient_funds,0,7,0.721,none,returning,4,21.8,0.302,2,0,not_recovered
txn_e128c754985d,cust_000020,1880.2,card,network_timeout,0,6,0.886,none,returning,18,175.9,0.204,2,1,recovered
txn_ae2ef1f2fcfa,cust_001313,822.02,card,bank_server_error,0,0,0.5,none,new,20,720.0,0.066,0,0,not_recovered
txn_19720c134d78,cust_000325,7906.49,card,otp_failed,0,0,0.5,none,new,2,720.0,0.4,0,0,not_recovered
txn_6d7b307caf52,cust_000028,704.02,card,network_timeout,1,26,0.744,cancelled,loyal,15,49.7,0.179,3,0,not_recovered
txn_42c012a46c6f,cust_000388,2934.84,wallet,bank_server_error,1,11,0.824,none,loyal,8,65.4,0.302,3,0,not_recovered
txn_7be9ae1013e9,cust_000265,1304.79,card,network_timeout,0,9,0.528,none,returning,30,321.4,0.53,0,0,not_recovered
txn_6a97fe436349,cust_000837,1685.13,wallet,risk_flagged,2,0,0.5,none,new,7,720.0,0.203,0,0,not_recovered
txn_c6d6ed131bce,cust_001327,554.72,netbanking,card_declined_bank,0,27,0.551,none,loyal,9,161.8,0.271,1,1,recovered
txn_9159c1439d4f,cust_000441,6692.98,upi,bank_server_error,0,5,0.807,none,returning,27,71.3,0.37,1,0,not_recovered
txn_70f4b38f0e4b,cust_000790,1556.17,upi,invalid_card,1,3,0.701,none,returning,18,12.9,0.058,3,1,recovered
txn_2c92c4be5a38,cust_000502,669.43,card,invalid_card,0,6,0.712,active,returning,29,43.9,0.071,6,0,not_recovered
txn_f206f4cfeda2,cust_000625,6169.8,upi,network_timeout,0,0,0.5,none,new,16,720.0,0.124,1,0,not_recovered
txn_4da289caee75,cust_000327,1269.37,card,insufficient_funds,0,0,0.5,paused,new,5,720.0,0.263,0,0,not_recovered
txn_0fe519c42c42,cust_000057,2700.38,wallet,otp_failed,0,13,0.653,none,loyal,6,27.5,0.163,2,1,recovered
txn_4becad338ac2,cust_000271,4261.07,card,network_timeout,0,3,0.853,cancelled,returning,5,6.4,0.056,3,1,recovered
txn_2efd567fe8aa,cust_000904,3061.41,card,insufficient_funds,0,0,0.5,none,new,25,720.0,0.336,0,0,not_recovered
txn_5dfa839af0c6,cust_000566,276.73,upi,insufficient_funds,0,0,0.5,none,new,0,720.0,0.253,0,1,recovered
txn_d135e572e275,cust_001038,3736.19,upi,invalid_card,1,4,0.618,none,returning,23,36.4,0.356,2,0,not_recovered
txn_60d262e5af58,cust_000507,1825.21,upi,insufficient_funds,2,0,0.5,none,new,13,720.0,0.309,0,0,not_recovered
txn_7563b213bd3e,cust_000199,1486.05,upi,card_declined_bank,0,19,0.495,paused,loyal,16,44.0,0.094,0,1,recovered
txn_cb92e95bf762,cust_000606,1811.36,card,insufficient_funds,0,7,0.764,active,returning,25,108.5,0.137,2,0,not_recovered
txn_8235c0e5907e,cust_001022,469.17,upi,network_timeout,0,8,0.954,none,returning,29,165.2,0.244,4,0,not_recovered
txn_b99498ed1232,cust_000337,2375.48,card,risk_flagged,0,5,0.524,none,returning,8,35.9,0.269,2,0,not_recovered
txn_7b8a703dcf22,cust_001478,585.26,card,network_timeout,0,6,0.846,paused,returning,28,47.2,0.253,2,1,recovered
txn_5844b4e870ba,cust_001265,1544.95,card,network_timeout,1,10,0.694,none,returning,28,220.2,0.081,2,1,recovered
txn_80cd8e8c88a2,cust_000850,2299.94,card,insufficient_funds,1,5,0.486,cancelled,returning,25,44.5,0.265,3,0,not_recovered
txn_fa7e5d4dd86b,cust_001404,5253.41,card,otp_failed,0,0,0.5,paused,new,3,720.0,0.105,0,0,not_recovered
txn_1b9ab7744ca7,cust_000348,955.61,upi,insufficient_funds,1,4,0.905,none,returning,4,3.7,0.312,1,1,recovered
txn_e2c9eb268571,cust_001320,7379.26,card,network_timeout,1,0,0.5,paused,new,1,720.0,0.219,0,0,not_recovered
txn_a02d6354387e,cust_001194,4685.22,card,insufficient_funds,1,7,0.751,cancelled,returning,27,95.8,0.096,0,0,not_recovered
txn_f7d3b91b117b,cust_001174,1357.68,upi,insufficient_funds,0,0,0.5,active,new,29,720.0,0.102,1,0,not_recovered
txn_3ff0a98b23c7,cust_000231,736.66,card,network_timeout,1,0,0.5,none,new,9,720.0,0.339,0,1,recovered
txn_61ac16d141fa,cust_001108,544.88,upi,bank_server_error,1,0,0.5,active,new,16,720.0,0.386,1,1,recovered
txn_1c0f65e5c6f8,cust_000308,2551.86,wallet,network_timeout,0,5,0.67,none,returning,17,90.9,0.214,1,1,recovered
txn_0d6cf3d523d4,cust_001097,1029.1,upi,insufficient_funds,1,0,0.5,active,new,12,720.0,0.266,0,0,not_recovered
txn_76ec8a9a1686,cust_001152,5880.64,wallet,otp_failed,1,19,0.775,none,loyal,30,34.8,0.139,2,0,not_recovered
txn_16f03692311c,cust_000526,1084.02,card,card_declined_bank,0,9,0.823,none,returning,29,9.6,0.279,0,0,not_recovered
txn_9a42918fb310,cust_001347,888.38,card,insufficient_funds,0,0,0.5,none,new,7,720.0,0.662,0,0,not_recovered
txn_9057d7ea0f3b,cust_000126,2465.78,upi,insufficient_funds,0,6,0.635,active,returning,17,312.8,0.296,4,1,recovered
txn_f200c5425e20,cust_000480,1077.67,netbanking,insufficient_funds,1,0,0.5,none,new,6,720.0,0.41,0,0,not_recovered
txn_e9547946b615,cust_001099,2013.63,netbanking,invalid_card,0,20,0.754,none,loyal,2,100.6,0.079,3,0,not_recovered
txn_4b825581aa5e,cust_000857,4853.18,card,network_timeout,0,4,0.804,none,returning,26,46.6,0.233,4,0,not_recovered
txn_ec9b215d6c00,cust_001277,2220.54,netbanking,network_timeout,0,6,0.686,none,returning,26,53.9,0.096,1,1,recovered
txn_0df737d4ba3e,cust_000872,2228.02,card,bank_server_error,1,0,0.5,active,new,0,720.0,0.058,0,1,recovered
txn_bb9fc5ea35d2,cust_000991,2403.38,card,network_timeout,1,6,0.794,none,returning,16,99.6,0.141,0,1,recovered
txn_94977de76e4d,cust_001146,435.38,card,network_timeout,0,0,0.969,cancelled,returning,5,77.3,0.434,1,1,recovered
txn_5ae2e5ae7575,cust_001442,2843.11,emi,network_timeout,0,22,0.755,active,loyal,17,8.1,0.187,4,1,recovered
txn_d25047c358eb,cust_000260,2307.54,card,otp_failed,0,3,0.603,none,returning,10,177.6,0.149,2,1,recovered
txn_5a796be474a8,cust_001090,4463.14,netbanking,otp_failed,0,10,0.462,active,returning,16,1.6,0.198,1,1,recovered
txn_87c6e0bbec9f,cust_000124,3446.9,upi,otp_failed,1,0,0.5,none,new,22,720.0,0.232,1,0,not_recovered
txn_af70ff05b75a,cust_000635,1666.11,upi,card_declined_bank,0,0,0.5,active,new,2,720.0,0.167,1,0,not_recovered
txn_448c788543f8,cust_001135,5060.16,upi,insufficient_funds,1,6,0.748,none,returning,14,137.7,0.229,1,0,not_recovered
txn_1dcf6936830d,cust_001008,1535.53,netbanking,risk_flagged,1,5,0.63,none,returning,10,100.7,0.46,1,0,not_recovered
txn_b1e513925141,cust_001470,2495.99,card,card_declined_bank,1,0,0.5,active,new,12,720.0,0.346,0,0,not_recovered
txn_2f8ab6ab36fc,cust_001089,1510.15,card,card_declined_bank,0,22,0.617,none,loyal,28,48.9,0.283,3,0,not_recovered
txn_3654dd6cf254,cust_001481,3027.77,upi,card_declined_bank,0,15,0.658,none,loyal,28,171.2,0.706,2,1,recovered
txn_3332d2219b2d,cust_001199,1423.91,card,insufficient_funds,0,0,0.5,none,new,20,720.0,0.219,0,0,not_recovered
txn_bf54a7e7e5e3,cust_001275,8802.55,card,insufficient_funds,2,3,0.446,cancelled,returning,23,142.5,0.3,0,1,recovered
txn_50897643b7f4,cust_001421,12278.76,card,bank_server_error,1,0,0.5,none,new,11,720.0,0.395,0,1,recovered
txn_bd973f67a2e6,cust_001429,4387.63,card,network_timeout,1,12,0.954,cancelled,returning,19,172.0,0.46,1,0,not_recovered
txn_9145be9fa2e1,cust_000086,7999.76,card,bank_server_error,1,0,0.5,none,new,14,720.0,0.374,0,0,not_recovered
txn_81d1b4f588cc,cust_000370,500.05,card,network_timeout,0,7,0.59,active,returning,10,10.7,0.262,2,1,recovered
txn_e773cede9462,cust_000654,556.0,wallet,network_timeout,0,5,0.825,active,returning,24,121.0,0.302,2,1,recovered
txn_93f72be83d0a,cust_000043,1496.07,card,invalid_card,1,3,0.704,none,returning,26,7.9,0.272,1,0,not_recovered
txn_3c942032d16d,cust_001338,2073.74,emi,otp_failed,0,0,0.5,none,new,10,720.0,0.089,0,1,recovered
txn_fbcd129f1b63,cust_000280,1671.73,emi,bank_server_error,2,12,0.82,paused,loyal,7,317.4,0.2,1,0,not_recovered
txn_4f6bf93cc811,cust_000165,455.81,card,insufficient_funds,1,0,0.5,none,new,12,720.0,0.471,0,0,not_recovered
txn_794ea533102e,cust_000940,5633.2,upi,otp_failed,2,0,0.5,none,new,29,720.0,0.442,0,0,not_recovered
txn_6069f045b4e8,cust_000665,13887.97,upi,risk_flagged,1,5,0.722,none,returning,23,28.9,0.261,1,0,not_recovered
txn_bd3bb56ab98f,cust_000816,6328.95,upi,otp_failed,0,4,0.829,none,returning,8,80.4,0.449,3,0,not_recovered
txn_76df013c48d9,cust_000127,5308.0,card,otp_failed,0,21,0.559,none,loyal,19,41.0,0.213,1,0,not_recovered
txn_599da3edc8ec,cust_001496,2449.18,card,bank_server_error,0,18,0.703,active,loyal,25,103.6,0.141,0,1,recovered
txn_a5b649a75c51,cust_000988,935.71,card,insufficient_funds,1,0,0.5,active,new,11,720.0,0.203,0,0,not_recovered
txn_7e05e9046583,cust_000159,2132.98,upi,otp_failed,0,24,0.931,none,loyal,28,30.0,0.417,1,1,recovered
txn_047e066d9725,cust_001282,13293.48,emi,invalid_card,1,0,0.5,active,new,28,720.0,0.219,0,0,not_recovered
txn_a5194e22b0a7,cust_000333,1455.65,upi,bank_server_error,0,9,0.971,none,returning,7,287.5,0.354,1,1,recovered
txn_28ba279ccc11,cust_000058,1326.82,upi,insufficient_funds,0,0,0.5,active,new,18,720.0,0.205,1,0,not_recovered
txn_f5e66284063c,cust_000025,5413.08,emi,bank_server_error,0,14,0.757,active,loyal,7,24.0,0.044,2,1,recovered
txn_be8b9ffe0c25,cust_000079,5746.33,upi,bank_server_error,1,0,0.5,cancelled,new,20,720.0,0.048,0,0,not_recovered
txn_5fa44194bb29,cust_000382,931.59,card,invalid_card,0,0,0.5,cancelled,new,2,720.0,0.019,0,0,not_recovered
txn_0f691cb25bf3,cust_000431,1579.18,netbanking,otp_failed,0,9,0.74,none,returning,19,2.3,0.348,2,0,not_recovered
txn_53e2ebaed1ba,cust_000623,1271.92,card,insufficient_funds,0,22,0.815,none,loyal,10,103.3,0.118,3,1,recovered
txn_a6c3a91df328,cust_001285,2127.54,card,insufficient_funds,0,18,0.777,paused,loyal,15,121.3,0.113,3,0,not_recovered
txn_e60dc18e05b8,cust_000572,5395.49,upi,bank_server_error,2,6,0.893,active,returning,15,73.5,0.574,3,0,not_recovered
txn_bf670d47e736,cust_001322,969.11,wallet,network_timeout,0,16,0.779,none,loyal,30,10.8,0.218,5,1,recovered
txn_c5291a4deb56,cust_000074,5327.82,card,bank_server_error,0,15,0.633,active,loyal,2,88.0,0.144,1,1,recovered
txn_215e114e9a07,cust_001547,2189.63,upi,card_declined_bank,0,3,0.651,none,returning,18,8.7,0.127,1,0,not_recovered
txn_3ab76acc74a4,cust_000897,16213.07,card,otp_failed,0,0,0.5,cancelled,new,4,720.0,0.392,0,0,not_recovered
txn_ca5a78e55f90,cust_000871,2662.31,card,network_timeout,0,8,0.818,paused,returning,20,68.4,0.133,2,1,recovered
txn_60599b55d95f,cust_000429,1831.29,card,card_declined_bank,0,6,0.468,cancelled,returning,13,110.9,0.277,3,0,not_recovered
txn_dbbf984c317a,cust_001257,3351.77,upi,card_declined_bank,0,1,0.808,none,returning,5,42.5,0.258,0,0,not_recovered
txn_0a57c1dca87f,cust_000089,1475.23,netbanking,insufficient_funds,0,0,0.5,none,new,5,720.0,0.386,0,1,recovered
txn_9df3eba46e42,cust_000912,397.13,card,otp_failed,0,5,0.816,paused,returning,3,158.6,0.22,4,1,recovered
txn_82484d7b1f73,cust_000619,1609.26,card,otp_failed,1,0,0.5,none,new,23,720.0,0.217,0,1,recovered
txn_ce099709828e,cust_000777,1586.58,card,card_declined_bank,0,13,0.785,none,loyal,28,299.5,0.18,1,0,not_recovered
txn_2b665e7865cb,cust_001439,476.71,card,network_timeout,1,0,0.5,active,new,9,720.0,0.091,0,0,not_recovered
txn_32b5926468b3,cust_001032,1871.07,upi,network_timeout,1,0,0.5,none,new,11,720.0,0.272,0,1,recovered
txn_7e20d8c3c897,cust_001417,310.94,upi,bank_server_error,1,12,0.84,active,loyal,1,52.9,0.16,2,1,recovered
txn_9aaf69cd8233,cust_000169,1461.3,upi,network_timeout,0,0,0.5,none,new,5,720.0,0.595,0,0,not_recovered
txn_2997c72cddaf,cust_000316,2488.0,card,insufficient_funds,1,0,0.5,active,new,4,720.0,0.292,0,0,not_recovered
txn_e803eae00a33,cust_000739,2180.47,upi,card_declined_bank,1,7,0.837,none,returning,29,75.8,0.52,5,0,not_recovered
txn_d7d4a669f5e5,cust_000284,1380.27,card,network_timeout,2,13,0.598,active,loyal,9,114.8,0.223,5,1,recovered
txn_20295f2e2fc6,cust_001397,1850.15,card,bank_server_error,1,0,0.5,active,new,24,720.0,0.246,0,0,not_recovered
txn_d97b646c5bd3,cust_001019,986.68,wallet,invalid_card,0,0,0.5,none,new,4,720.0,0.173,0,1,recovered
txn_ea1bcd20e165,cust_000902,2017.74,netbanking,bank_server_error,2,1,0.747,active,returning,5,93.5,0.579,4,0,not_recovered
txn_3e97a7db4774,cust_001382,2105.44,wallet,bank_server_error,1,21,0.563,cancelled,loyal,6,41.0,0.251,1,0,not_recovered
txn_dd56e9904c30,cust_000503,888.71,wallet,bank_server_error,0,10,0.67,none,returning,5,69.1,0.114,1,0,not_recovered
txn_9025fe061302,cust_000832,2542.57,upi,network_timeout,0,0,0.5,none,new,6,720.0,0.3,0,0,not_recovered
txn_cd69d15a19ae,cust_000923,2528.31,wallet,network_timeout,2,0,0.5,active,new,8,720.0,0.26,0,0,not_recovered
txn_9a3fa7bf4a4e,cust_000912,1720.57,upi,otp_failed,0,0,0.5,paused,new,12,720.0,0.092,0,0,not_recovered
txn_4c4df9856d33,cust_000779,17657.97,card,insufficient_funds,1,0,0.5,none,new,5,720.0,0.419,2,0,not_recovered
txn_b1378efcc693,cust_000934,1760.53,card,insufficient_funds,0,10,0.938,none,returning,16,137.7,0.169,2,0,not_recovered
txn_b31c6d7acf7f,cust_001365,1554.16,card,network_timeout,1,0,0.5,active,new,11,720.0,0.332,0,0,not_recovered
txn_b89e3275c3d2,cust_001014,1366.28,card,risk_flagged,0,5,0.518,none,returning,19,24.7,0.26,2,1,recovered
txn_c2961ed31d4f,cust_001415,833.93,card,network_timeout,1,8,0.951,cancelled,returning,18,15.2,0.138,5,0,not_recovered
txn_a5764b57662e,cust_001407,3704.51,upi,card_declined_bank,0,8,0.886,none,returning,28,28.0,0.308,1,0,not_recovered
txn_6f1f6dfe112c,cust_000995,1077.48,netbanking,insufficient_funds,2,0,0.5,active,new,19,720.0,0.469,0,0,not_recovered
txn_551e3ef356ad,cust_001004,1198.52,upi,otp_failed,0,28,0.645,active,loyal,21,45.0,0.476,2,1,recovered
txn_e8dbb5036d4b,cust_000967,1231.0,card,insufficient_funds,0,8,0.514,active,returning,25,42.4,0.328,1,0,not_recovered
txn_d064ecc9b301,cust_000192,823.49,upi,network_timeout,0,6,0.788,none,returning,6,75.0,0.134,2,0,not_recovered
txn_d5cfb73c94b0,cust_000919,413.24,card,bank_server_error,0,0,0.5,cancelled,new,27,720.0,0.358,0,0,not_recovered
txn_175e598fbccc,cust_001426,1317.32,card,otp_failed,2,0,0.5,cancelled,new,13,720.0,0.508,1,0,not_recovered
txn_680f2ecba772,cust_001102,4385.25,card,network_timeout,0,13,0.723,paused,loyal,20,124.9,0.169,2,1,recovered
txn_5ab187977e02,cust_000635,2385.78,card,bank_server_error,0,7,0.687,active,returning,22,281.9,0.171,2,0,not_recovered
txn_e03620431362,cust_000522,8139.77,card,bank_server_error,1,0,0.5,cancelled,new,6,720.0,0.406,0,0,not_recovered
txn_54d336c33a6c,cust_000011,3927.9,netbanking,network_timeout,0,6,0.923,none,returning,17,55.0,0.22,4,1,recovered
txn_f0bc4ae0a182,cust_000922,3202.12,netbanking,bank_server_error,0,7,0.509,none,returning,8,26.9,0.196,1,0,not_recovered
txn_cf48d8bc445e,cust_000931,10876.76,upi,network_timeout,1,16,0.783,none,loyal,5,105.4,0.322,1,1,recovered
txn_de607500201e,cust_000941,1830.91,card,bank_server_error,0,0,0.5,active,new,27,720.0,0.294,1,1,recovered
txn_1b3eec4c3a31,cust_001357,2114.91,netbanking,network_timeout,1,29,0.698,paused,loyal,24,127.4,0.114,0,1,recovered
txn_f9d34331991f,cust_000800,1977.68,upi,bank_server_error,1,0,0.5,cancelled,new,5,720.0,0.251,0,0,not_recovered
txn_5eada631f0da,cust_000994,8017.71,card,insufficient_funds,0,9,0.829,paused,returning,6,8.9,0.19,1,1,recovered
txn_148b9f1715ad,cust_000818,2002.72,upi,bank_server_error,0,4,0.742,paused,returning,2,158.3,0.169,0,1,recovered
txn_9f9f980a3296,cust_000035,1114.93,upi,bank_server_error,1,0,0.5,none,new,10,720.0,0.204,0,1,recovered
txn_dd55aa587379,cust_001065,3391.09,upi,risk_flagged,0,0,0.5,active,new,7,720.0,0.302,0,0,not_recovered
txn_ba5f62d5174c,cust_000817,958.5,card,bank_server_error,1,7,0.605,paused,returning,22,46.6,0.162,4,1,recovered
txn_b48d9e08f282,cust_001024,3229.63,upi,card_declined_bank,0,21,0.897,none,loyal,12,52.2,0.14,1,0,not_recovered
txn_f0f0808ff273,cust_001185,2899.97,card,insufficient_funds,0,6,0.676,cancelled,returning,30,27.5,0.045,2,0,not_recovered
txn_f79db993575a,cust_000174,1685.03,card,insufficient_funds,1,21,0.686,active,loyal,17,1.0,0.472,4,0,not_recovered
txn_d2ea9ce62ab6,cust_000675,3325.02,card,network_timeout,0,19,0.517,none,loyal,27,36.0,0.502,0,0,not_recovered
txn_c8b71ae9f0a5,cust_000733,523.74,wallet,bank_server_error,0,2,0.661,none,returning,2,189.2,0.297,2,0,not_recovered
txn_59b8e3b6cc0f,cust_000350,2313.84,card,otp_failed,0,3,0.919,none,returning,30,5.2,0.675,1,1,recovered
txn_767271e5b6e1,cust_000390,1317.53,card,card_declined_bank,1,0,0.5,paused,new,10,720.0,0.275,1,0,not_recovered
txn_87a8c2a72b42,cust_001473,26266.17,card,bank_server_error,0,0,0.5,cancelled,new,12,720.0,0.03,0,0,not_recovered
txn_7aa3ea3fe1e1,cust_000549,2299.03,wallet,otp_failed,0,20,0.521,active,loyal,18,20.0,0.293,2,1,recovered
txn_ce991f2f78c1,cust_000087,1168.23,upi,network_timeout,0,4,0.724,none,returning,13,17.9,0.222,3,0,not_recovered
txn_fe42f7c8f7e2,cust_001119,577.97,wallet,network_timeout,2,0,0.5,active,new,9,720.0,0.149,1,0,not_recovered
txn_34a8d230e3aa,cust_000072,6469.57,card,card_declined_bank,0,4,0.432,active,returning,5,77.3,0.405,2,0,not_recovered
txn_c9eabe813d50,cust_000738,1458.22,card,network_timeout,0,10,0.458,none,returning,12,100.1,0.13,1,1,recovered
txn_9c6df139ca8b,cust_000988,980.23,upi,network_timeout,0,26,0.81,none,loyal,14,183.0,0.273,2,1,recovered
txn_ba049741ad4a,cust_000663,2704.49,card,invalid_card,0,5,0.918,none,returning,4,64.8,0.085,2,0,not_recovered
txn_8026c48e2b58,cust_000487,3585.84,netbanking,invalid_card,0,8,0.686,none,returning,24,120.9,0.197,2,0,not_recovered
txn_b2333ef699a8,cust_001440,3535.31,wallet,otp_failed,1,0,0.643,none,returning,5,154.3,0.43,3,0,not_recovered
txn_a01726f736b4,cust_001418,2034.03,upi,insufficient_funds,1,8,0.64,paused,returning,2,2.9,0.384,1,0,not_recovered
txn_a7de6ce36b63,cust_000244,2306.0,emi,card_declined_bank,0,9,0.882,active,returning,9,24.8,0.208,0,1,recovered
txn_f37268cf3fb9,cust_001255,2462.26,upi,network_timeout,0,24,0.887,none,loyal,9,20.7,0.088,4,0,not_recovered
txn_0bb93138619b,cust_001042,2704.73,card,bank_server_error,0,1,0.659,none,returning,9,75.3,0.604,1,0,not_recovered
txn_4bc80fc84a96,cust_000746,2928.94,upi,insufficient_funds,0,0,0.5,paused,new,28,720.0,0.141,0,1,recovered
txn_a4f871d95956,cust_000392,5350.83,card,risk_flagged,0,0,0.5,paused,new,18,720.0,0.216,0,0,not_recovered
txn_61dad7db0bc4,cust_000733,2102.27,netbanking,risk_flagged,0,5,0.728,active,returning,5,21.5,0.196,0,0,not_recovered
txn_732e8128295b,cust_000450,958.03,card,otp_failed,1,14,0.834,none,loyal,16,82.2,0.164,1,1,recovered
txn_6d42768055e6,cust_001261,1754.85,card,network_timeout,0,0,0.5,cancelled,new,9,720.0,0.218,0,0,not_recovered
txn_c738579b63d1,cust_001275,3937.9,upi,bank_server_error,0,0,0.5,none,new,29,720.0,0.196,0,0,not_recovered
txn_0e955761e49e,cust_001175,400.26,card,insufficient_funds,2,8,0.752,none,returning,28,87.2,0.423,4,0,not_recovered
txn_732e02316026,cust_001058,402.35,card,risk_flagged,0,0,0.5,cancelled,new,18,720.0,0.268,0,0,not_recovered
txn_aabc42f265f8,cust_000979,4566.25,upi,network_timeout,0,20,0.614,active,loyal,10,163.2,0.253,0,1,recovered
txn_68cbf725b463,cust_000337,7848.76,card,network_timeout,0,0,0.5,none,new,4,720.0,0.293,0,1,recovered
txn_10a1d49c965a,cust_001057,639.91,upi,otp_failed,2,0,0.5,paused,new,25,720.0,0.32,1,1,recovered
txn_f3255f622bee,cust_000702,2187.28,card,bank_server_error,0,19,0.628,active,loyal,0,270.8,0.41,2,0,not_recovered
txn_6106b2cb9197,cust_001391,1394.66,card,card_declined_bank,0,0,0.5,none,new,8,720.0,0.055,0,0,not_recovered
txn_f0b8c6d9f9f0,cust_000237,1580.11,card,network_timeout,0,0,0.5,none,new,16,720.0,0.097,0,1,recovered
txn_ebe1115d0ecb,cust_000136,2630.63,netbanking,card_declined_bank,0,0,0.5,paused,new,7,720.0,0.016,0,0,not_recovered
txn_22f7b3252a4c,cust_000149,624.17,wallet,network_timeout,0,0,0.5,cancelled,new,22,720.0,0.063,0,0,not_recovered
txn_a35512851a3b,cust_000315,737.68,card,network_timeout,0,0,0.5,paused,new,5,720.0,0.324,0,1,recovered
txn_496f047e900c,cust_001324,1523.67,wallet,bank_server_error,1,0,0.5,active,new,26,720.0,0.127,0,0,not_recovered
txn_34ba691cdc4a,cust_000493,1753.14,upi,insufficient_funds,1,0,0.5,paused,new,1,720.0,0.123,0,0,not_recovered
txn_8fbf6f495fcf,cust_000876,725.34,upi,otp_failed,0,0,0.5,cancelled,new,10,720.0,0.183,0,0,not_recovered
txn_89514883e745,cust_000571,4067.09,upi,network_timeout,0,3,0.488,none,returning,12,39.7,0.315,3,1,recovered
txn_e27e1e8bd7dc,cust_000235,1372.23,upi,network_timeout,0,5,0.404,none,returning,30,119.9,0.199,1,1,recovered
txn_ad53e98f8ea2,cust_000196,1366.99,netbanking,card_declined_bank,0,8,0.641,active,returning,22,105.9,0.223,3,1,recovered
txn_bbbeeccf6c3f,cust_000943,2577.03,upi,network_timeout,1,0,0.5,paused,new,30,720.0,0.247,0,0,not_recovered
txn_ca7931675532,cust_001008,1779.31,upi,otp_failed,0,5,0.875,active,returning,15,136.5,0.452,1,1,recovered
txn_114ef84a25e3,cust_000637,4245.99,card,card_declined_bank,1,20,0.923,none,loyal,29,156.4,0.32,0,0,not_recovered
txn_5cd5d38e0cdf,cust_000641,862.57,card,network_timeout,0,18,0.925,cancelled,loyal,12,124.7,0.09,1,1,recovered
txn_9c809c8827ed,cust_000838,568.13,upi,card_declined_bank,1,0,0.5,cancelled,new,0,720.0,0.339,1,0,not_recovered
txn_c6a3a78691b0,cust_000377,1512.0,card,insufficient_funds,1,0,0.5,cancelled,new,6,720.0,0.308,0,0,not_recovered
txn_ce49697c4a99,cust_000070,2109.51,card,insufficient_funds,1,0,0.5,none,new,11,720.0,0.398,0,0,not_recovered
txn_df16995fd4b0,cust_001329,654.14,card,network_timeout,1,0,0.5,active,new,21,720.0,0.207,0,0,not_recovered
txn_acc818a6d0cd,cust_000201,573.08,card,card_declined_bank,1,9,0.561,none,returning,6,284.0,0.138,1,0,not_recovered
txn_241c39c1155d,cust_000829,2354.46,upi,bank_server_error,0,9,0.706,active,returning,7,69.8,0.319,1,1,recovered
txn_470b33afee17,cust_000606,1010.29,upi,bank_server_error,0,0,0.5,paused,new,20,720.0,0.207,0,1,recovered
txn_9b5d2c68f4c6,cust_000494,540.63,upi,invalid_card,0,6,0.555,none,returning,0,79.6,0.22,2,0,not_recovered
txn_a19d7e79934f,cust_000054,4763.83,card,insufficient_funds,1,3,0.739,none,returning,27,16.2,0.273,2,0,not_recovered
txn_0177230e5b96,cust_001281,1131.6,upi,risk_flagged,0,0,0.5,active,new,29,720.0,0.489,0,1,recovered
txn_7ef553103d73,cust_001442,5624.18,card,card_declined_bank,2,20,0.688,none,loyal,25,78.4,0.343,0,1,recovered
txn_fa6fc2c93be3,cust_000733,2050.06,upi,risk_flagged,0,0,0.5,paused,new,29,720.0,0.451,0,0,not_recovered
txn_0f21a33e788b,cust_001350,2605.25,upi,risk_flagged,1,27,0.83,none,loyal,5,94.9,0.224,2,1,recovered
txn_5e5b23686643,cust_000649,1651.85,upi,invalid_card,0,0,0.5,active,new,6,720.0,0.315,1,0,not_recovered
txn_964c9126abed,cust_001217,183.16,upi,network_timeout,2,17,0.937,active,loyal,26,2.5,0.133,1,1,recovered
txn_efe0370d6d81,cust_001115,718.3,emi,card_declined_bank,0,22,0.804,none,loyal,7,194.7,0.293,0,0,not_recovered
txn_131d47dfa1db,cust_000629,1784.44,netbanking,card_declined_bank,0,22,0.956,active,loyal,21,3.4,0.078,1,0,not_recovered
txn_d6149da05508,cust_001450,2774.58,upi,otp_failed,1,26,0.871,cancelled,loyal,17,29.2,0.264,2,1,recovered
txn_4ef09406b2d9,cust_000894,399.13,upi,insufficient_funds,0,5,0.776,none,returning,9,183.4,0.037,2,1,recovered
txn_4c7e88744814,cust_001110,1904.09,card,invalid_card,0,8,0.806,active,returning,13,259.7,0.049,1,0,not_recovered
txn_45a2127792f5,cust_000326,727.75,wallet,network_timeout,1,8,0.376,paused,returning,13,15.9,0.217,3,0,not_recovered
txn_e2d2a2bf6f3a,cust_001417,2467.99,card,bank_server_error,1,0,0.5,none,new,27,720.0,0.141,0,0,not_recovered
txn_2a6bbb1399d1,cust_000820,1963.61,card,bank_server_error,0,9,0.689,active,returning,16,321.4,0.275,1,1,recovered
txn_129ef34e941f,cust_001541,3901.64,emi,network_timeout,0,6,0.815,none,returning,13,2.9,0.314,2,1,recovered
txn_cbcd244a889f,cust_001311,5219.42,upi,card_declined_bank,0,20,0.713,active,loyal,20,149.0,0.117,1,1,recovered
txn_df6c31025f12,cust_001298,3020.24,card,network_timeout,0,2,0.92,none,returning,4,347.1,0.244,1,0,not_recovered
txn_41cd9aafe69b,cust_001415,4334.47,card,otp_failed,0,9,0.835,paused,returning,9,52.3,0.216,1,1,recovered
txn_f92301ce501e,cust_001098,1457.81,card,risk_flagged,0,9,0.839,cancelled,returning,16,43.3,0.401,0,0,not_recovered
txn_eec1b5023713,cust_001480,25356.89,upi,insufficient_funds,0,0,0.5,none,new,19,720.0,0.447,1,1,recovered
txn_1f0e66067122,cust_000756,667.18,card,otp_failed,0,0,0.5,none,new,3,720.0,0.183,0,0,not_recovered
txn_27d6c032f05e,cust_000344,1242.67,wallet,network_timeout,1,6,0.75,active,returning,9,54.0,0.458,1,0,not_recovered
txn_6127a7e19d56,cust_000592,4497.26,wallet,risk_flagged,0,4,0.64,none,returning,13,416.7,0.239,4,0,not_recovered
txn_ac19153ffa62,cust_001091,3934.15,upi,invalid_card,0,0,0.5,active,new,0,720.0,0.146,0,0,not_recovered
txn_01e34c31cd83,cust_001070,3098.43,upi,network_timeout,2,6,0.934,none,returning,17,89.0,0.101,3,0,not_recovered
txn_9cb72fcd5c55,cust_001163,3669.41,card,otp_failed,1,7,0.735,active,returning,26,212.1,0.222,1,0,not_recovered
txn_db1d6c495d6e,cust_000724,306.37,card,bank_server_error,0,0,0.5,cancelled,new,29,720.0,0.245,0,1,recovered
txn_7a64b563d042,cust_000774,8352.94,upi,bank_server_error,2,5,0.92,paused,returning,19,51.7,0.596,1,0,not_recovered
txn_14898ea75e73,cust_000784,1663.2,card,otp_failed,0,4,0.596,none,returning,9,55.3,0.455,2,1,recovered
txn_30a2eeaedb76,cust_001391,6132.17,card,bank_server_error,0,0,0.5,paused,new,21,720.0,0.365,0,0,not_recovered
txn_9d96d233c7e2,cust_001231,320.48,card,otp_failed,0,20,0.935,active,loyal,20,32.2,0.653,2,1,recovered
txn_9de67bb8a12a,cust_000942,2517.22,card,insufficient_funds,0,20,0.584,none,loyal,1,94.4,0.133,2,0,not_recovered
txn_2542019d7fbd,cust_001256,1203.33,upi,insufficient_funds,1,4,0.445,active,returning,0,228.7,0.251,1,1,recovered
txn_9ff3168aecbb,cust_001390,3343.95,upi,risk_flagged,0,0,0.5,active,new,30,720.0,0.123,0,0,not_recovered
txn_4eb9475cf046,cust_000344,2658.09,netbanking,network_timeout,1,8,0.969,none,returning,27,20.1,0.151,4,1,recovered
txn_1a57995140e5,cust_001254,2777.88,upi,otp_failed,0,17,0.542,none,loyal,12,72.2,0.193,1,1,recovered
txn_8e304a9b7fc1,cust_000945,770.43,netbanking,network_timeout,0,4,0.738,none,returning,9,49.1,0.06,4,1,recovered
txn_af28e78799c4,cust_000684,1898.33,upi,risk_flagged,0,15,0.76,none,loyal,2,198.9,0.555,4,1,recovered
txn_4331b425cf56,cust_001505,1699.09,netbanking,otp_failed,0,7,0.382,active,returning,7,118.8,0.047,1,0,not_recovered
txn_c6a7f0761015,cust_000524,3120.6,upi,insufficient_funds,2,4,0.895,active,returning,2,39.2,0.272,4,0,not_recovered
txn_106d8976b24d,cust_001385,4867.65,card,insufficient_funds,1,0,0.5,none,new,3,720.0,0.419,0,1,recovered
txn_44f9595ba1c6,cust_001542,2287.99,wallet,bank_server_error,1,8,0.686,none,returning,26,57.2,0.335,1,0,not_recovered
txn_71e9445eca70,cust_000055,633.62,card,invalid_card,1,0,0.5,active,new,24,720.0,0.178,0,0,not_recovered
txn_7b9d0c554c8f,cust_001016,2201.34,card,bank_server_error,0,6,0.776,none,returning,24,97.0,0.149,0,1,recovered
txn_9e39f59c7220,cust_001316,20951.56,card,bank_server_error,0,9,0.553,none,loyal,1,125.9,0.053,4,1,recovered
txn_502adb7eb9fb,cust_000272,8790.31,card,card_declined_bank,0,0,0.5,none,new,11,720.0,0.14,0,0,not_recovered
txn_2986a3876dbe,cust_001357,137.42,card,insufficient_funds,1,6,0.693,paused,returning,19,42.7,0.134,5,1,recovered
txn_f7c4bfa0f731,cust_000657,2115.42,upi,bank_server_error,0,0,0.5,none,new,17,720.0,0.365,0,1,recovered
txn_1d99993a3301,cust_000421,4623.5,wallet,insufficient_funds,0,6,0.657,none,returning,9,6.0,0.138,0,0,not_recovered
txn_017655ff4f2d,cust_001013,1695.79,card,network_timeout,1,0,0.5,none,new,12,720.0,0.19,0,1,recovered
txn_8b0591217b3b,cust_001501,1320.7,upi,card_declined_bank,0,20,0.654,none,loyal,22,280.1,0.229,1,0,not_recovered
txn_2729954483b1,cust_001533,1571.42,card,risk_flagged,0,0,0.5,active,new,26,720.0,0.245,0,0,not_recovered
txn_a939cc5cee4e,cust_000664,3284.5,netbanking,risk_flagged,0,23,0.932,active,loyal,29,69.9,0.311,1,1,recovered
txn_a850a9f2e58a,cust_000497,710.79,card,risk_flagged,0,18,0.791,paused,loyal,21,110.4,0.236,3,0,not_recovered
txn_80c56ebc50f9,cust_001161,5824.45,card,bank_server_error,0,8,0.542,active,returning,8,249.4,0.181,4,0,not_recovered
txn_563fdf460910,cust_001525,1899.99,upi,insufficient_funds,1,10,0.871,none,returning,28,7.6,0.517,2,0,not_recovered
txn_b06d7a27df43,cust_000064,861.33,upi,otp_failed,1,8,0.85,none,returning,19,36.0,0.106,2,0,not_recovered
txn_979917164dcc,cust_000255,5496.77,netbanking,invalid_card,0,16,0.462,none,loyal,23,122.2,0.02,1,0,not_recovered
txn_47538a872660,cust_000253,497.39,upi,card_declined_bank,1,0,0.5,paused,new,11,720.0,0.544,0,0,not_recovered
txn_1d40bc0d5979,cust_000378,1212.34,netbanking,bank_server_error,1,8,0.841,none,returning,17,82.2,0.331,0,0,not_recovered
txn_21de77488531,cust_000636,1194.51,card,otp_failed,1,0,0.5,active,new,15,720.0,0.125,0,1,recovered
txn_924519b48e26,cust_001030,13760.37,card,card_declined_bank,2,5,0.406,paused,returning,22,124.2,0.038,3,0,not_recovered
txn_74311d835c9a,cust_000152,1078.67,card,risk_flagged,1,0,0.5,none,new,2,720.0,0.33,0,0,not_recovered
txn_ad2f80cf5dc0,cust_001427,287.3,card,card_declined_bank,0,6,0.77,none,returning,16,26.7,0.2,2,1,recovered
txn_0b8e65e18900,cust_000913,1183.66,card,bank_server_error,0,3,0.921,none,returning,6,167.6,0.221,1,1,recovered
txn_f8afff22cb12,cust_001001,3010.9,upi,insufficient_funds,0,4,0.814,none,returning,4,131.5,0.104,1,1,recovered
txn_8ea8c4296340,cust_000401,4046.78,card,bank_server_error,0,4,0.876,none,returning,24,32.6,0.195,2,1,recovered
txn_364cdf01a91d,cust_000292,15504.5,upi,insufficient_funds,2,7,0.758,cancelled,returning,16,109.0,0.278,0,0,not_recovered
txn_3412e8bcae4b,cust_000440,7088.35,upi,invalid_card,0,3,0.453,none,returning,10,92.8,0.47,1,0,not_recovered
txn_e01cd5a51948,cust_000673,2366.41,upi,bank_server_error,0,9,0.709,none,returning,20,1.3,0.6,0,1,recovered
txn_1561116ec2bf,cust_001038,895.81,upi,bank_server_error,2,5,0.859,active,returning,0,27.2,0.202,3,1,recovered
txn_1b7e667f132f,cust_000648,8618.14,card,insufficient_funds,1,15,0.635,active,loyal,28,20.4,0.236,1,0,not_recovered
txn_c7fb7dd0e4d1,cust_000776,1434.1,card,otp_failed,0,0,0.5,none,new,9,720.0,0.225,1,1,recovered
txn_f288fcaffba0,cust_000252,1105.06,upi,bank_server_error,2,0,0.5,none,new,3,720.0,0.191,1,0,not_recovered
txn_70da83f3cf34,cust_000336,1372.84,upi,network_timeout,0,0,0.5,none,new,20,720.0,0.117,0,1,recovered
txn_18c8a6c1d3de,cust_000974,647.38,card,risk_flagged,0,4,0.736,paused,returning,26,46.2,0.076,5,0,not_recovered
txn_b0779999276b,cust_000327,1314.86,card,insufficient_funds,0,8,0.376,active,returning,30,75.6,0.22,1,0,not_recovered
txn_45a25aef0088,cust_000783,1620.03,upi,bank_server_error,2,4,0.985,none,returning,23,174.5,0.18,0,1,recovered
txn_f2ff6e6b4e9c,cust_000512,3856.79,upi,network_timeout,0,5,0.293,paused,returning,26,131.6,0.177,0,0,not_recovered
txn_e6bd06962159,cust_001229,1409.12,card,bank_server_error,0,0,0.5,paused,new,9,720.0,0.291,0,1,recovered
txn_e1253af7c384,cust_000491,638.61,upi,otp_failed,1,17,0.255,paused,loyal,23,55.0,0.26,0,0,not_recovered
txn_00ba921ac81f,cust_000370,471.82,wallet,risk_flagged,1,5,0.803,paused,returning,0,333.8,0.127,3,0,not_recovered
txn_f08ce9dc122f,cust_001433,2412.97,card,network_timeout,0,0,0.5,active,new,28,720.0,0.39,1,0,not_recovered
txn_af40f769663e,cust_000290,2133.17,netbanking,invalid_card,0,8,0.842,none,returning,24,47.1,0.288,2,0,not_recovered
txn_0c6c4b2ceced,cust_001158,1213.32,card,otp_failed,2,0,0.5,cancelled,new,20,720.0,0.216,0,0,not_recovered
txn_b7e69b8550d8,cust_000953,1311.98,upi,insufficient_funds,1,0,0.5,none,new,28,720.0,0.266,0,0,not_recovered
txn_eb81bdef8e41,cust_000416,2834.55,upi,network_timeout,0,0,0.5,active,new,16,720.0,0.348,0,1,recovered
txn_583904dd7d05,cust_001185,6984.8,card,insufficient_funds,0,26,0.615,cancelled,loyal,9,70.9,0.334,0,1,recovered
txn_ade1b9465046,cust_001469,990.16,wallet,risk_flagged,0,8,0.99,active,returning,16,236.7,0.304,2,0,not_recovered
txn_551ac9b63de4,cust_000479,2164.65,upi,insufficient_funds,1,9,0.804,none,returning,1,113.6,0.177,3,1,recovered
txn_a7cd2a4c6a6c,cust_001419,4733.61,wallet,bank_server_error,0,6,0.653,active,returning,29,121.8,0.489,4,1,recovered
txn_86e3d66c04bc,cust_000266,993.76,card,otp_failed,1,5,0.822,none,returning,15,39.2,0.179,1,0,not_recovered
txn_21149857794c,cust_001327,1970.28,netbanking,risk_flagged,0,16,0.668,none,loyal,0,139.1,0.186,1,0,not_recovered
txn_01e9d7c056ea,cust_000678,1931.02,wallet,otp_failed,1,10,0.687,none,returning,18,110.0,0.415,2,0,not_recovered
txn_c39b7c8fffac,cust_001134,613.9,upi,card_declined_bank,0,6,0.969,cancelled,returning,15,64.7,0.134,2,1,recovered
txn_38c30a0bce62,cust_000503,2325.4,card,network_timeout,1,9,0.539,none,returning,30,298.2,0.311,0,0,not_recovered
txn_68c33d6e6f5e,cust_001192,2055.74,upi,risk_flagged,0,16,0.685,none,loyal,23,127.3,0.743,0,1,recovered
txn_e4ce380f1824,cust_000488,3293.07,upi,insufficient_funds,0,7,0.97,paused,returning,8,415.7,0.107,1,1,recovered
txn_d8b14d1c0f5f,cust_000734,686.63,wallet,network_timeout,0,27,0.431,paused,loyal,1,62.5,0.15,2,1,recovered
txn_a332adab29b9,cust_000043,2016.21,upi,invalid_card,0,0,0.5,active,new,13,720.0,0.381,0,1,recovered
txn_46de5f7effc2,cust_000454,6929.62,card,network_timeout,0,13,0.49,active,loyal,25,140.4,0.392,1,1,recovered
txn_1fe4f4e6438a,cust_000552,12961.64,card,network_timeout,1,3,0.87,none,returning,22,39.4,0.339,2,1,recovered
txn_2dccd5d0fd60,cust_000812,6324.06,upi,otp_failed,1,0,0.5,paused,new,26,720.0,0.149,0,0,not_recovered
txn_f2f0323fc6dc,cust_000589,692.73,emi,insufficient_funds,0,5,0.509,none,returning,25,7.3,0.072,3,0,not_recovered
txn_a1753f67b936,cust_001180,2998.74,card,network_timeout,0,7,0.653,active,returning,16,63.7,0.126,1,1,recovered
txn_69d5cedb1988,cust_001103,1293.58,upi,otp_failed,0,0,0.5,none,new,24,720.0,0.513,1,0,not_recovered
txn_f1cbf00ca596,cust_000590,2579.91,wallet,card_declined_bank,1,9,0.541,none,returning,25,45.2,0.062,2,0,not_recovered
txn_8870022a4f40,cust_000159,997.25,card,card_declined_bank,0,18,0.434,none,loyal,3,13.2,0.286,0,0,not_recovered
txn_671a37c50155,cust_000507,427.47,card,network_timeout,0,0,0.5,paused,new,4,720.0,0.221,0,0,not_recovered
txn_2040128b9861,cust_000233,1465.47,upi,bank_server_error,0,10,0.365,paused,returning,7,27.2,0.172,1,1,recovered
txn_15a588e0e1bb,cust_000232,3828.94,upi,card_declined_bank,0,6,0.831,none,returning,29,128.4,0.173,2,0,not_recovered
txn_ab7700d0c2e3,cust_001336,2589.45,card,network_timeout,0,0,0.5,none,new,26,720.0,0.123,1,0,not_recovered
txn_0e24fc71dbca,cust_001184,2871.68,netbanking,network_timeout,0,18,0.904,none,loyal,1,297.5,0.403,2,0,not_recovered
txn_1500bdf6f2c6,cust_000156,2427.74,upi,network_timeout,0,3,0.963,none,returning,28,8.5,0.295,5,1,recovered
txn_f624952bf805,cust_001028,2875.77,wallet,bank_server_error,1,0,0.5,none,new,1,720.0,0.129,0,0,not_recovered
txn_97d716a72dbd,cust_000809,3218.15,wallet,network_timeout,0,17,0.869,none,loyal,23,4.6,0.409,3,0,not_recovered
txn_e4ee2ec5b650,cust_000842,1560.54,netbanking,card_declined_bank,0,17,0.75,none,loyal,16,9.1,0.025,0,1,recovered
txn_2b6060383329,cust_001389,2152.97,upi,invalid_card,0,0,0.5,none,new,19,720.0,0.189,0,0,not_recovered
txn_f33ce6dd9a4d,cust_000476,9594.38,card,network_timeout,1,24,0.787,active,loyal,22,24.9,0.395,2,1,recovered
txn_b4fb13f9932c,cust_000681,2270.66,upi,otp_failed,1,0,0.5,none,new,26,720.0,0.412,0,1,recovered
txn_50c84212dc35,cust_000859,2076.23,card,network_timeout,0,15,0.908,none,loyal,21,9.5,0.087,4,1,recovered
txn_e7d59cea662b,cust_001548,2192.06,upi,network_timeout,1,8,0.903,none,returning,16,216.9,0.208,0,1,recovered
txn_1ac972ea3854,cust_000083,1642.35,card,card_declined_bank,0,3,0.785,none,returning,17,82.6,0.215,2,1,recovered
txn_e5102dfb0e17,cust_000262,1350.43,upi,bank_server_error,0,0,0.5,active,new,29,720.0,0.117,0,1,recovered
txn_a938a6c3bbb1,cust_000235,2411.03,card,invalid_card,1,12,0.965,cancelled,loyal,24,52.3,0.326,2,0,not_recovered
txn_8232d41a5424,cust_000969,1267.57,card,bank_server_error,1,0,0.5,paused,new,19,720.0,0.25,0,0,not_recovered
txn_e16586407efe,cust_000459,1752.92,card,network_timeout,0,0,0.5,none,new,18,720.0,0.221,1,1,recovered
txn_037d4505f922,cust_001513,980.96,upi,bank_server_error,0,0,0.5,none,new,9,720.0,0.06,0,1,recovered
txn_8e6c54819c1f,cust_000152,2202.2,netbanking,network_timeout,0,9,0.639,none,returning,26,73.4,0.32,0,0,not_recovered
txn_820825eda1a8,cust_001147,3380.49,card,risk_flagged,0,0,0.5,none,new,22,720.0,0.181,0,0,not_recovered
txn_27b9aad0f732,cust_000045,1651.23,netbanking,otp_failed,2,18,0.753,cancelled,loyal,3,37.7,0.286,2,0,not_recovered
txn_4270c0ae372c,cust_001248,327.82,netbanking,insufficient_funds,0,8,0.605,active,returning,24,84.5,0.171,1,0,not_recovered
txn_2f22ca5db215,cust_000350,3399.33,card,bank_server_error,2,0,0.5,active,new,30,720.0,0.48,0,0,not_recovered
txn_3f144dda4859,cust_001528,2226.45,upi,otp_failed,0,0,0.5,none,new,22,720.0,0.124,0,1,recovered
txn_b42e982e41fa,cust_001366,817.37,upi,card_declined_bank,1,0,0.5,active,new,27,720.0,0.102,0,0,not_recovered
txn_f70dbeb22d8e,cust_000094,4007.58,card,network_timeout,2,3,0.856,none,returning,24,110.9,0.08,3,1,recovered
txn_a65e9b431a3e,cust_000009,567.6,upi,network_timeout,1,17,0.814,paused,loyal,27,154.8,0.117,2,0,not_recovered
txn_8d5068ef05da,cust_000580,5119.78,card,network_timeout,0,0,0.5,active,new,18,720.0,0.592,1,1,recovered
txn_7e11755c06b0,cust_001241,1897.65,wallet,insufficient_funds,0,22,0.555,none,loyal,11,9.7,0.241,2,1,recovered
txn_23d32e0437b5,cust_001542,259.31,wallet,bank_server_error,0,0,0.5,none,new,14,720.0,0.171,0,0,not_recovered
txn_c012c6d14928,cust_000883,2346.07,netbanking,network_timeout,0,13,0.608,paused,loyal,29,15.1,0.132,2,0,not_recovered
txn_e96b841f4ac8,cust_001524,1386.35,upi,insufficient_funds,2,14,0.59,none,loyal,21,23.1,0.185,1,1,recovered
txn_5f8b21c8dd87,cust_000076,1210.56,upi,bank_server_error,0,6,0.758,active,returning,4,124.6,0.163,1,1,recovered
txn_1dc5fd537346,cust_000772,1028.7,emi,network_timeout,0,4,0.622,none,returning,12,102.3,0.36,1,0,not_recovered
txn_b2c30f1d00db,cust_000648,1782.03,card,risk_flagged,0,24,0.567,none,loyal,2,48.7,0.276,1,1,recovered
txn_bef71062d2a1,cust_001174,1291.2,card,otp_failed,0,0,0.5,paused,new,27,720.0,0.094,1,0,not_recovered
txn_245084e0a352,cust_000981,375.77,upi,insufficient_funds,0,0,0.5,none,new,12,720.0,0.232,0,0,not_recovered
txn_3dc9f73aa7be,cust_000693,6278.34,card,bank_server_error,0,0,0.5,active,new,2,720.0,0.346,0,1,recovered
txn_570b38fde495,cust_000125,1603.72,card,insufficient_funds,1,7,0.905,paused,returning,28,56.3,0.386,1,0,not_recovered
txn_52d040610be5,cust_001123,1034.07,card,risk_flagged,0,6,0.395,none,returning,26,223.4,0.258,2,0,not_recovered
txn_46941f956af4,cust_000166,723.73,upi,otp_failed,1,7,0.593,active,returning,30,55.3,0.031,2,0,not_recovered
txn_961698b11ebc,cust_001486,3998.44,card,bank_server_error,0,16,0.885,none,loyal,10,243.5,0.274,1,1,recovered
txn_d9ea388849d2,cust_000167,621.05,card,risk_flagged,0,0,0.5,cancelled,new,15,720.0,0.415,1,0,not_recovered
txn_962ff7c276a5,cust_000134,2254.29,card,card_declined_bank,1,6,0.689,none,returning,15,1.0,0.4,2,0,not_recovered
txn_291b3a95234a,cust_001169,1181.71,card,card_declined_bank,1,0,0.5,active,new,23,720.0,0.087,0,0,not_recovered
txn_242ba01bc1df,cust_000323,1245.29,wallet,insufficient_funds,0,0,0.5,none,new,25,720.0,0.112,1,0,not_recovered
txn_f78831f6cc40,cust_000133,740.11,card,network_timeout,1,6,0.824,active,returning,16,26.6,0.664,3,1,recovered
txn_02321cce5e92,cust_000926,1143.34,upi,otp_failed,0,14,0.69,none,loyal,16,25.6,0.303,4,1,recovered
txn_ef403a7ca845,cust_000969,2014.11,netbanking,bank_server_error,0,3,0.944,none,returning,3,103.2,0.248,2,0,not_recovered
txn_7719fba68188,cust_000831,2469.52,card,otp_failed,2,0,0.5,active,new,5,720.0,0.159,0,1,recovered
txn_01764cf6c3bd,cust_000464,985.32,netbanking,card_declined_bank,2,3,0.518,none,returning,20,84.6,0.068,0,0,not_recovered
txn_3e960187561b,cust_000086,1841.17,upi,insufficient_funds,0,0,0.5,cancelled,new,14,720.0,0.16,1,1,recovered
txn_9dba494f00f1,cust_000926,4445.33,upi,insufficient_funds,2,18,0.733,active,loyal,4,57.5,0.278,0,1,recovered
txn_3519adab7f2b,cust_000257,447.48,card,bank_server_error,1,4,0.85,paused,returning,3,26.4,0.276,0,0,not_recovered
txn_ec62665f4409,cust_000037,1986.95,card,insufficient_funds,0,0,0.5,none,new,20,720.0,0.195,0,1,recovered
txn_07e771b889f9,cust_001451,849.2,emi,otp_failed,0,0,0.5,none,new,27,720.0,0.242,0,0,not_recovered
txn_56a2163942a7,cust_000814,774.78,netbanking,card_declined_bank,0,0,0.5,active,new,7,720.0,0.199,0,0,not_recovered
txn_58734b12d508,cust_001318,2527.31,wallet,bank_server_error,0,14,0.728,active,loyal,16,90.9,0.152,0,1,recovered
txn_b39e31af7d08,cust_001272,1223.26,wallet,card_declined_bank,2,2,0.794,active,returning,8,88.2,0.235,1,0,not_recovered
txn_fc7ff31d1078,cust_000144,668.39,card,bank_server_error,0,5,0.554,none,returning,25,96.1,0.025,2,1,recovered
txn_f321b2ac251a,cust_001206,6580.43,netbanking,card_declined_bank,0,2,0.613,cancelled,returning,20,194.6,0.16,1,0,not_recovered
txn_6b3d19f29ea0,cust_000184,4573.71,upi,insufficient_funds,0,7,0.818,paused,returning,10,74.5,0.151,2,1,recovered
txn_a31e0c65f228,cust_000825,351.05,netbanking,card_declined_bank,0,0,0.5,active,new,14,720.0,0.19,0,0,not_recovered
txn_eb2ebb54af7b,cust_000784,530.07,card,card_declined_bank,1,27,0.905,active,loyal,16,1.5,0.424,1,0,not_recovered
txn_c002267241e6,cust_000328,3408.79,card,insufficient_funds,0,0,0.5,active,new,25,720.0,0.255,0,1,recovered
txn_26c4f12037c7,cust_000687,1546.29,netbanking,bank_server_error,0,6,0.767,cancelled,returning,15,85.8,0.441,4,0,not_recovered
txn_eb5ce8b86ef9,cust_001181,7711.88,netbanking,risk_flagged,0,6,0.769,active,returning,21,32.4,0.379,1,0,not_recovered
txn_7307fad0a748,cust_001075,3479.7,upi,insufficient_funds,1,5,0.608,active,returning,14,3.1,0.059,4,1,recovered
txn_6c6a145f2e37,cust_000841,2616.31,card,card_declined_bank,1,27,0.933,none,loyal,9,14.1,0.207,2,0,not_recovered
txn_113bffa1a6d9,cust_000238,796.58,card,invalid_card,1,0,0.5,none,new,18,720.0,0.169,0,0,not_recovered
txn_dc0cb0c66eda,cust_000449,3109.75,emi,risk_flagged,0,7,0.745,active,returning,24,275.4,0.503,1,0,not_recovered
txn_ea19475c08b3,cust_000201,633.85,upi,insufficient_funds,0,9,0.537,none,returning,30,132.4,0.155,2,0,not_recovered
txn_e51fa4dfa79f,cust_001439,6468.63,upi,otp_failed,1,10,0.787,active,returning,2,10.3,0.29,2,1,recovered
txn_319cc2b7a16b,cust_000376,2921.71,upi,invalid_card,1,0,0.5,active,new,30,720.0,0.364,1,0,not_recovered
txn_1c03a097c8f2,cust_000825,951.13,upi,bank_server_error,0,0,0.5,active,new,22,720.0,0.204,0,0,not_recovered
txn_38e995e10fd5,cust_000332,4122.48,upi,network_timeout,1,0,0.5,none,new,8,720.0,0.43,0,0,not_recovered
txn_4075c4ec19f1,cust_001401,15023.52,upi,network_timeout,0,0,0.5,cancelled,new,11,720.0,0.244,1,0,not_recovered
txn_55ef386303de,cust_000637,1642.78,netbanking,card_declined_bank,0,5,0.687,none,returning,20,21.0,0.121,1,1,recovered
txn_82ade996e6cd,cust_000667,3279.26,wallet,bank_server_error,2,6,0.734,paused,returning,9,34.5,0.197,3,0,not_recovered
txn_fc8870ddbdc5,cust_001530,1354.72,wallet,insufficient_funds,0,4,0.899,none,returning,10,120.1,0.281,0,1,recovered
txn_5e4cb8417e74,cust_000703,2157.74,upi,insufficient_funds,2,4,0.919,none,returning,16,41.4,0.181,1,0,not_recovered
txn_3923b278a156,cust_000884,514.65,upi,card_declined_bank,0,5,0.877,cancelled,returning,21,85.9,0.275,1,1,recovered
txn_34d5cc96f6a1,cust_000555,1997.24,upi,bank_server_error,2,0,0.5,none,new,28,720.0,0.304,0,1,recovered
txn_97aac361ebca,cust_001076,2078.12,netbanking,risk_flagged,0,11,0.712,cancelled,returning,26,51.1,0.183,2,0,not_recovered
txn_b05924315108,cust_000587,10087.96,upi,card_declined_bank,1,0,0.5,none,new,7,720.0,0.128,0,0,not_recovered
txn_75d6413cb484,cust_000677,397.22,upi,invalid_card,1,0,0.5,none,new,5,720.0,0.476,0,0,not_recovered
txn_d09ad23f8034,cust_000529,1551.85,upi,risk_flagged,0,5,0.57,active,returning,30,65.9,0.163,1,0,not_recovered
txn_03efbe97be9d,cust_001044,6369.69,upi,insufficient_funds,0,4,0.929,none,returning,29,44.3,0.232,1,0,not_recovered
txn_9c24b46dbb6f,cust_001174,1607.45,upi,otp_failed,0,0,0.5,none,new,18,720.0,0.152,0,0,not_recovered
txn_9b0252b56ead,cust_001188,1712.64,card,network_timeout,0,8,0.475,cancelled,returning,21,67.2,0.321,2,1,recovered
txn_e61b7cfb4c74,cust_000434,943.94,upi,invalid_card,2,7,0.807,cancelled,returning,7,17.4,0.142,1,0,not_recovered
txn_345bcdb484f1,cust_000009,863.21,upi,insufficient_funds,0,2,0.705,none,returning,19,129.7,0.44,2,0,not_recovered
txn_5f7b0f1c7cf7,cust_000345,386.35,card,otp_failed,1,6,0.756,cancelled,returning,21,11.7,0.17,2,1,recovered
txn_7e6487fd2dcb,cust_000818,1134.23,netbanking,risk_flagged,0,6,0.788,paused,returning,9,5.2,0.125,3,0,not_recovered
txn_8621890144d3,cust_001358,820.23,upi,network_timeout,0,0,0.5,none,new,22,720.0,0.441,0,0,not_recovered
txn_485373f11c5f,cust_001147,2222.16,card,risk_flagged,2,5,0.902,active,returning,11,108.2,0.179,1,0,not_recovered
txn_828d63c54ad4,cust_001516,983.48,netbanking,network_timeout,0,4,0.745,active,returning,16,316.8,0.475,2,1,recovered
txn_29aa431f0603,cust_000791,1297.73,upi,bank_server_error,0,9,0.944,active,returning,1,220.2,0.336,2,0,not_recovered
txn_5efa1fa38ff6,cust_000799,1330.11,netbanking,bank_server_error,0,6,0.346,active,returning,4,347.4,0.409,2,1,recovered
txn_f1c0ae880bf4,cust_000094,1913.43,card,insufficient_funds,0,2,0.604,cancelled,returning,19,17.7,0.317,2,0,not_recovered
txn_2f621cc1d64f,cust_000252,1241.82,netbanking,otp_failed,0,7,0.48,active,returning,25,100.6,0.478,2,0,not_recovered
txn_231aa4a3368c,cust_000796,768.46,upi,risk_flagged,1,3,0.755,none,returning,17,11.8,0.39,5,0,not_recovered
txn_07b1e3e9d451,cust_000154,2158.55,upi,insufficient_funds,0,20,0.824,none,loyal,25,65.9,0.628,0,0,not_recovered
txn_bb6a92f2fc14,cust_000438,5222.52,card,otp_failed,1,14,0.715,none,loyal,24,26.1,0.081,5,0,not_recovered
txn_9e91941a0159,cust_000950,2243.11,upi,risk_flagged,1,4,0.597,active,returning,23,56.9,0.497,3,0,not_recovered
txn_33a20962bf84,cust_000745,1154.2,upi,card_declined_bank,0,5,0.493,none,returning,25,25.2,0.253,1,0,not_recovered
txn_6769f35a195a,cust_001210,1788.56,upi,network_timeout,0,4,0.782,none,returning,23,209.1,0.11,1,1,recovered
txn_31242e7f32ef,cust_000999,315.59,upi,invalid_card,0,0,0.5,none,new,25,720.0,0.231,0,0,not_recovered
txn_b2d9da9daeda,cust_001107,1762.59,netbanking,network_timeout,1,19,0.596,active,loyal,11,64.8,0.121,2,0,not_recovered
txn_2346cfcae349,cust_000678,1393.65,upi,otp_failed,0,8,0.431,none,returning,12,408.7,0.363,3,0,not_recovered
txn_c162e5310eb3,cust_001387,862.54,card,otp_failed,0,0,0.5,active,new,15,720.0,0.229,0,0,not_recovered
txn_570526daaac0,cust_000346,1015.47,wallet,card_declined_bank,0,0,0.5,none,new,16,720.0,0.267,1,0,not_recovered
txn_79b4b3f27433,cust_000643,1381.31,upi,network_timeout,0,14,0.564,none,loyal,20,51.1,0.127,0,1,recovered
txn_ce995900b989,cust_000778,4881.52,emi,network_timeout,1,0,0.5,active,new,16,720.0,0.137,0,1,recovered
txn_881fc587c6e8,cust_001455,5339.32,emi,card_declined_bank,0,0,0.5,paused,new,5,720.0,0.144,0,0,not_recovered
txn_62dc173269fb,cust_000644,866.7,wallet,network_timeout,0,0,0.5,active,new,12,720.0,0.078,0,0,not_recovered
txn_6213d725e710,cust_001058,1253.54,netbanking,bank_server_error,0,0,0.5,cancelled,new,18,720.0,0.097,0,1,recovered
txn_85d9f39584b3,cust_000517,1282.63,upi,card_declined_bank,1,0,0.5,paused,new,0,720.0,0.175,2,0,not_recovered
txn_2a13ac8acf9e,cust_001158,4140.58,card,otp_failed,1,6,0.738,none,returning,3,153.2,0.147,4,1,recovered
txn_470d26b10a17,cust_000993,2277.78,upi,network_timeout,0,0,0.5,none,new,28,720.0,0.163,0,0,not_recovered
txn_8e8fef5902e2,cust_000987,2172.23,netbanking,insufficient_funds,0,23,0.45,active,loyal,26,1.0,0.566,2,0,not_recovered
txn_3405c5c8f8d6,cust_000491,3237.76,upi,invalid_card,1,16,0.73,cancelled,loyal,18,170.2,0.562,4,0,not_recovered
txn_9cff79e81cea,cust_000126,1168.21,netbanking,bank_server_error,0,10,0.64,none,returning,3,81.5,0.289,2,1,recovered
txn_41dd6581f6ae,cust_000848,6819.2,card,network_timeout,0,0,0.5,active,new,7,720.0,0.212,1,1,recovered
txn_a303a63614ff,cust_001357,1995.06,card,network_timeout,0,9,0.981,none,returning,23,125.0,0.18,0,1,recovered
txn_1fa1bd49f8ed,cust_001069,924.89,upi,insufficient_funds,0,0,0.5,active,new,22,720.0,0.375,0,1,recovered
txn_8092e6638ff5,cust_000411,1625.1,upi,invalid_card,0,3,0.668,none,returning,6,36.0,0.048,3,1,recovered
txn_c008c8534288,cust_000632,6055.58,card,insufficient_funds,0,10,0.839,none,loyal,2,106.7,0.18,1,0,not_recovered
txn_50be0c754d5d,cust_000152,1362.9,card,network_timeout,0,22,0.878,active,loyal,28,5.5,0.501,3,1,recovered
txn_c37b322662b0,cust_000383,4696.64,netbanking,bank_server_error,0,10,0.595,paused,returning,22,14.1,0.229,4,0,not_recovered
txn_5492bef50ca7,cust_001406,1138.18,upi,network_timeout,0,0,0.5,active,new,20,720.0,0.231,0,0,not_recovered
txn_c5ce2578c13f,cust_001048,1003.15,card,insufficient_funds,0,6,0.524,none,returning,27,55.7,0.07,2,1,recovered
txn_ddfb2107c21b,cust_000425,3617.86,card,invalid_card,0,4,0.321,none,returning,13,11.3,0.133,1,0,not_recovered
txn_0c430c212fb9,cust_000646,909.98,upi,otp_failed,0,4,0.84,cancelled,returning,3,44.4,0.273,2,1,recovered
txn_43afd86123db,cust_001532,4189.29,card,network_timeout,1,4,0.806,none,returning,1,37.2,0.229,1,0,not_recovered
txn_f78e054e6105,cust_000677,2742.06,upi,bank_server_error,2,0,0.5,cancelled,new,30,720.0,0.264,0,0,not_recovered
txn_17f57f5becea,cust_001330,910.29,netbanking,network_timeout,0,0,0.5,none,new,18,720.0,0.461,3,0,not_recovered
txn_21417b3626c1,cust_000314,1873.76,card,network_timeout,0,6,0.263,paused,returning,22,72.3,0.372,3,1,recovered
txn_03ea1f7dddf0,cust_001025,1219.39,upi,otp_failed,0,0,0.5,active,new,11,720.0,0.384,0,1,recovered
txn_441a37456b1e,cust_000641,2735.53,card,bank_server_error,1,0,0.5,none,new,3,720.0,0.137,1,0,not_recovered
txn_96f0e06edd7b,cust_001378,10927.29,card,card_declined_bank,0,23,0.672,active,loyal,24,80.4,0.272,1,0,not_recovered
txn_4165d0d9a4c0,cust_001310,1431.34,wallet,risk_flagged,0,19,0.833,cancelled,loyal,24,79.6,0.378,1,0,not_recovered
txn_f7fc000cc40c,cust_001263,3230.52,upi,insufficient_funds,1,4,0.913,cancelled,returning,24,56.2,0.278,1,0,not_recovered
txn_75f4d4a5d0f9,cust_000812,2042.64,wallet,risk_flagged,0,20,0.489,none,loyal,16,25.2,0.429,2,0,not_recovered
txn_9cbaaea903f6,cust_001017,2041.93,card,bank_server_error,0,16,0.933,none,loyal,21,129.2,0.37,1,0,not_recovered
txn_3aa309c196f6,cust_000753,1722.13,card,insufficient_funds,0,0,0.5,none,new,9,720.0,0.219,0,1,recovered
txn_a16db29909fa,cust_000905,923.64,upi,risk_flagged,1,7,0.6,active,returning,8,45.9,0.302,2,0,not_recovered
txn_45afbbf4cb9c,cust_000893,2701.67,upi,network_timeout,1,6,0.914,none,returning,1,75.3,0.32,0,0,not_recovered
txn_f0a07476966f,cust_001144,1540.92,emi,bank_server_error,0,0,0.5,none,new,5,720.0,0.226,0,0,not_recovered
txn_d224c8569be3,cust_000395,885.08,card,card_declined_bank,1,6,0.757,none,returning,13,24.5,0.161,0,1,recovered
txn_030b4c2cc16b,cust_000293,4977.86,netbanking,insufficient_funds,0,9,0.72,active,returning,15,6.9,0.081,0,1,recovered
txn_6958c3ceaa9d,cust_000180,2184.43,netbanking,risk_flagged,0,13,0.483,cancelled,returning,13,32.4,0.274,3,0,not_recovered
txn_6a363d5e24fb,cust_001023,1627.35,upi,insufficient_funds,1,0,0.5,active,new,14,720.0,0.075,0,0,not_recovered
txn_8b7d8e283084,cust_000588,6674.51,card,card_declined_bank,1,0,0.5,none,new,6,720.0,0.701,0,0,not_recovered
txn_cdd0efd85e1f,cust_000089,382.81,upi,network_timeout,2,21,0.673,active,loyal,20,55.2,0.166,3,1,recovered
txn_deb8ffddd141,cust_001286,6282.6,card,network_timeout,1,0,0.5,active,new,13,720.0,0.478,0,1,recovered
txn_94182af7ae03,cust_001354,904.91,netbanking,insufficient_funds,0,0,0.5,active,new,16,720.0,0.274,0,0,not_recovered
txn_b277f704a61d,cust_000638,2417.23,upi,risk_flagged,0,0,0.5,none,new,18,720.0,0.11,1,0,not_recovered
txn_4900feec81cf,cust_001090,1177.02,wallet,network_timeout,0,5,0.778,none,returning,15,110.6,0.348,0,1,recovered
txn_163564cdd408,cust_000377,870.7,upi,risk_flagged,0,9,0.768,none,returning,17,216.4,0.187,0,1,recovered
txn_01bbbc2b37dc,cust_000192,6519.14,upi,insufficient_funds,0,8,0.558,none,returning,14,121.0,0.096,2,0,not_recovered
txn_05dd7d795127,cust_000634,10621.07,upi,bank_server_error,0,0,0.5,none,new,11,720.0,0.146,0,1,recovered
txn_ba76e67e4193,cust_001493,1637.45,upi,insufficient_funds,0,0,0.5,active,new,15,720.0,0.186,0,1,recovered
txn_351fe21353ee,cust_001335,2702.49,wallet,network_timeout,1,18,0.81,active,loyal,21,77.1,0.126,2,0,not_recovered
txn_b5425bcc526f,cust_001488,2103.36,card,invalid_card,0,8,0.744,none,returning,27,164.3,0.25,3,0,not_recovered
txn_178f577e0b6f,cust_000273,9484.9,emi,bank_server_error,0,6,0.684,none,returning,2,34.0,0.209,1,1,recovered
txn_cfdd8d04e14f,cust_000877,298.32,netbanking,otp_failed,1,5,0.724,none,returning,5,132.3,0.015,2,0,not_recovered
txn_a01deb6fedf9,cust_000431,2805.71,netbanking,otp_failed,0,5,0.757,active,returning,3,138.2,0.035,2,1,recovered
txn_610e5507f6fc,cust_000010,1038.56,upi,bank_server_error,0,0,0.5,paused,new,0,720.0,0.224,2,1,recovered
txn_d2a6411546fe,cust_000719,239.76,netbanking,otp_failed,0,5,0.937,active,returning,25,118.3,0.025,0,1,recovered
txn_b1e2e00dfb14,cust_001342,1444.51,card,risk_flagged,1,7,0.735,none,returning,6,356.8,0.546,3,1,recovered
txn_d5a8d8e4fd3a,cust_000332,10543.28,netbanking,otp_failed,1,0,0.5,active,new,9,720.0,0.224,0,1,recovered
txn_b5c2540f3af3,cust_001395,1107.16,card,bank_server_error,0,23,0.543,none,loyal,9,208.4,0.107,0,1,recovered
txn_0cb689c14f2e,cust_000839,4071.18,card,otp_failed,0,7,0.959,none,returning,26,94.2,0.243,0,1,recovered
txn_918a304e5b7c,cust_000214,5877.02,upi,otp_failed,0,5,0.725,none,returning,18,179.9,0.03,2,1,recovered
txn_8b18e7351baf,cust_001307,1975.49,card,bank_server_error,0,18,0.765,active,loyal,3,61.1,0.091,2,1,recovered
txn_d26cd0b564ff,cust_000744,2227.0,card,otp_failed,1,6,0.602,none,returning,26,37.5,0.378,3,0,not_recovered
txn_2dd03e1bf94c,cust_000404,426.38,netbanking,bank_server_error,1,11,0.733,active,loyal,30,206.1,0.047,3,0,not_recovered
txn_39bab453d0f2,cust_001444,1048.85,card,card_declined_bank,1,9,0.907,none,returning,22,375.2,0.113,3,0,not_recovered
txn_1872bd6a6f79,cust_000348,4520.18,upi,invalid_card,2,13,0.683,active,loyal,14,81.1,0.43,5,0,not_recovered
txn_73936bfc82fd,cust_001308,2110.35,card,invalid_card,0,0,0.5,active,new,30,720.0,0.48,1,0,not_recovered
txn_014e689f70ab,cust_000020,2781.12,netbanking,card_declined_bank,2,7,0.871,none,returning,1,111.9,0.192,1,0,not_recovered
txn_9e8861487447,cust_001479,2252.6,netbanking,otp_failed,1,9,0.494,active,returning,0,85.9,0.195,2,0,not_recovered
txn_26d49d620dbb,cust_001332,14368.64,upi,card_declined_bank,0,0,0.5,active,new,24,720.0,0.266,1,0,not_recovered
txn_26b5a1464e60,cust_001102,1356.32,upi,network_timeout,1,10,0.808,paused,returning,5,341.9,0.239,2,1,recovered
txn_1957ca78ccb7,cust_001078,8474.94,wallet,bank_server_error,1,12,0.969,paused,loyal,1,152.3,0.324,1,0,not_recovered
txn_751144b84f97,cust_000394,2253.3,netbanking,insufficient_funds,2,3,0.818,paused,returning,2,165.8,0.313,3,0,not_recovered
txn_37316b890000,cust_000110,9179.97,card,network_timeout,0,0,0.5,none,new,13,720.0,0.436,0,0,not_recovered
txn_091d8a9c0a09,cust_001103,663.49,upi,invalid_card,0,0,0.5,none,new,20,720.0,0.337,0,0,not_recovered
txn_389df5ad88e2,cust_001478,2359.46,netbanking,risk_flagged,1,0,0.5,paused,new,13,720.0,0.169,0,0,not_recovered
txn_b9ce7aa16503,cust_000669,1402.04,card,bank_server_error,0,0,0.5,active,new,13,720.0,0.12,1,1,recovered
txn_0164a767f5de,cust_001157,2265.44,netbanking,insufficient_funds,1,17,0.711,none,loyal,4,7.3,0.201,1,0,not_recovered
txn_4099d971b339,cust_001093,6003.74,card,otp_failed,0,9,0.832,active,returning,9,87.5,0.389,0,1,recovered
txn_3a1fa5272d3b,cust_000273,2809.97,netbanking,bank_server_error,0,0,0.5,cancelled,new,29,720.0,0.134,2,0,not_recovered
txn_424128d81466,cust_000736,5992.98,card,card_declined_bank,0,7,0.857,none,returning,9,194.6,0.204,2,0,not_recovered
txn_3873df9bfa85,cust_001452,1093.13,card,invalid_card,1,0,0.5,none,new,10,720.0,0.111,0,0,not_recovered
txn_5a601dc34b4d,cust_001321,952.84,emi,insufficient_funds,0,0,0.5,none,new,27,720.0,0.205,0,0,not_recovered
txn_c492e9e9a276,cust_000717,2027.37,netbanking,insufficient_funds,1,4,0.878,active,returning,1,4.5,0.102,8,0,not_recovered
txn_a351a53981ee,cust_000949,1929.88,wallet,insufficient_funds,1,1,0.929,none,returning,2,86.1,0.116,1,1,recovered
txn_542024845f91,cust_000145,1690.41,wallet,network_timeout,1,21,0.897,none,loyal,27,79.3,0.262,2,0,not_recovered
txn_b762aaf34f0c,cust_000587,843.22,upi,insufficient_funds,0,5,0.559,none,returning,9,106.7,0.086,2,0,not_recovered
txn_555e331d16c5,cust_001538,5876.91,card,network_timeout,0,10,0.816,none,returning,7,28.0,0.465,2,0,not_recovered
txn_793510d079fd,cust_000414,1441.51,card,network_timeout,1,5,0.429,active,returning,15,81.0,0.086,0,1,recovered
txn_99a8d870b397,cust_000757,7211.77,upi,insufficient_funds,0,17,0.74,none,loyal,1,453.7,0.467,1,0,not_recovered
txn_8e9eec4d0dfd,cust_001124,2021.25,card,network_timeout,0,8,0.379,none,returning,12,239.4,0.266,0,0,not_recovered
txn_60862b7c9ed4,cust_000502,3581.68,wallet,card_declined_bank,2,20,0.816,active,loyal,0,101.9,0.278,1,0,not_recovered
txn_4391c8cf0066,cust_001360,3300.86,card,network_timeout,0,10,0.995,cancelled,returning,21,92.8,0.281,2,0,not_recovered
txn_a7db353b0103,cust_000011,951.61,card,risk_flagged,0,13,0.816,none,loyal,26,121.6,0.134,2,0,not_recovered
txn_658d7d99669d,cust_001458,2780.77,card,insufficient_funds,2,0,0.5,none,new,18,720.0,0.052,0,0,not_recovered
txn_948b1a2aa7e1,cust_000269,11333.29,card,network_timeout,0,4,0.935,cancelled,returning,5,320.2,0.326,3,1,recovered
txn_69ad3426c916,cust_001396,2506.02,card,network_timeout,0,8,0.841,none,returning,24,163.7,0.177,1,1,recovered
txn_caad48ffb184,cust_000071,4496.92,upi,card_declined_bank,0,6,0.523,cancelled,returning,20,147.8,0.245,2,0,not_recovered
txn_f087283d44b7,cust_000041,3729.18,card,insufficient_funds,1,5,0.506,none,returning,26,53.0,0.392,1,0,not_recovered
txn_f19226e4b16f,cust_001075,2634.23,upi,bank_server_error,1,18,0.766,none,loyal,28,2.8,0.321,2,1,recovered
txn_094066271b8d,cust_000942,2363.34,wallet,network_timeout,1,15,0.423,active,loyal,12,20.9,0.392,1,0,not_recovered
txn_7945734c6c1e,cust_001030,3270.13,upi,invalid_card,2,0,0.5,active,new,30,720.0,0.496,0,0,not_recovered
txn_5d39cc11ff2b,cust_001113,3971.72,upi,network_timeout,0,7,0.779,none,returning,26,162.7,0.216,2,1,recovered
txn_17256833b00b,cust_000744,591.73,card,insufficient_funds,0,2,0.42,active,returning,18,108.5,0.139,2,0,not_recovered
txn_d6ad0b0cd645,cust_000337,2496.32,card,risk_flagged,0,0,0.5,active,new,19,720.0,0.085,0,0,not_recovered
txn_aaf3f788765e,cust_001051,1693.12,card,insufficient_funds,2,0,0.5,none,new,13,720.0,0.198,0,0,not_recovered
txn_91be33cf9a12,cust_000476,1404.77,emi,insufficient_funds,2,0,0.5,none,new,26,720.0,0.317,0,0,not_recovered
txn_eb871c1df4b6,cust_000782,6414.83,upi,card_declined_bank,0,2,0.816,active,returning,1,1.8,0.199,0,0,not_recovered
txn_a4a60e54367a,cust_001120,1032.94,card,insufficient_funds,1,5,0.485,none,returning,14,106.8,0.4,1,0,not_recovered
txn_eb9c7810a11f,cust_000883,569.47,upi,network_timeout,1,16,0.662,cancelled,loyal,3,43.8,0.141,1,0,not_recovered
txn_ab956077316a,cust_001448,4089.36,netbanking,bank_server_error,0,4,0.657,none,returning,0,20.9,0.089,3,0,not_recovered
txn_13fe63bb8fa9,cust_001011,556.49,upi,network_timeout,0,14,0.659,paused,loyal,29,49.9,0.08,1,1,recovered
txn_048799a82bf1,cust_000303,352.43,upi,risk_flagged,2,5,0.73,none,returning,20,28.4,0.101,1,0,not_recovered
txn_e032eb9948d1,cust_000038,4525.31,wallet,otp_failed,0,3,0.858,active,returning,14,25.1,0.215,2,0,not_recovered
txn_89188f4a3f39,cust_001156,2305.03,upi,otp_failed,0,0,0.5,none,new,29,720.0,0.132,0,0,not_recovered
txn_54db1d5b73ce,cust_001411,3057.79,upi,network_timeout,2,7,0.67,cancelled,returning,2,382.0,0.243,1,0,not_recovered
txn_99b5c931556d,cust_000659,1341.86,card,otp_failed,0,16,0.625,none,loyal,28,25.2,0.387,2,1,recovered
txn_6fd4ff23c2e8,cust_001086,574.81,card,otp_failed,0,20,0.767,paused,loyal,15,67.8,0.349,2,1,recovered
txn_4b9ed8b203ac,cust_000481,687.31,emi,network_timeout,1,18,0.911,cancelled,loyal,4,216.3,0.101,4,0,not_recovered
txn_59bdbdfb3c89,cust_000199,1564.04,upi,risk_flagged,0,0,0.5,active,new,9,720.0,0.114,0,0,not_recovered
txn_9fa940aab470,cust_000456,635.77,upi,otp_failed,0,3,0.895,none,returning,15,54.0,0.283,1,0,not_recovered
txn_a3701946f2b3,cust_001359,2634.23,upi,card_declined_bank,0,0,0.5,none,new,25,720.0,0.261,0,0,not_recovered
txn_eed743bb4bdf,cust_001276,1317.89,card,insufficient_funds,1,0,0.5,active,new,27,720.0,0.216,0,0,not_recovered
txn_cbc897e7fe10,cust_001048,2360.27,netbanking,network_timeout,0,6,0.846,none,returning,3,14.8,0.405,1,1,recovered
txn_bf521d60199c,cust_000089,2297.63,card,otp_failed,1,7,0.828,paused,returning,12,99.5,0.249,0,0,not_recovered
txn_cb00f6cf90b2,cust_000017,2830.25,netbanking,card_declined_bank,1,8,0.801,none,returning,12,74.3,0.422,0,0,not_recovered
txn_045b2d3a7cf9,cust_001159,3132.34,upi,insufficient_funds,0,15,0.741,active,loyal,16,331.6,0.422,1,0,not_recovered
txn_fb033acbfa92,cust_000020,1466.29,card,network_timeout,1,6,0.89,none,returning,17,129.1,0.251,2,1,recovered
txn_f515a94caf11,cust_000403,2358.01,card,card_declined_bank,1,17,0.882,active,loyal,30,211.4,0.344,0,1,recovered
txn_3b5885263af7,cust_000498,2471.07,netbanking,network_timeout,2,0,0.5,paused,new,8,720.0,0.183,0,0,not_recovered
txn_d771fe94ac9d,cust_000490,224.53,card,insufficient_funds,0,0,0.5,active,new,14,720.0,0.293,3,1,recovered
txn_61198ec3082b,cust_000610,3575.55,card,otp_failed,0,10,0.854,paused,returning,8,63.6,0.411,3,0,not_recovered
txn_b7630ab8a1fb,cust_001104,2286.89,netbanking,network_timeout,1,23,0.955,none,loyal,5,58.8,0.299,0,0,not_recovered
txn_43bd34ad5eaf,cust_000423,3319.75,card,network_timeout,2,0,0.5,none,new,12,720.0,0.231,0,0,not_recovered
txn_f10864c76e29,cust_000759,627.56,card,network_timeout,2,6,0.532,none,returning,1,94.7,0.093,3,1,recovered
txn_e57724f49ff5,cust_000749,1503.88,card,risk_flagged,0,8,0.847,active,returning,24,318.8,0.132,2,1,recovered
txn_d0ea78c853ec,cust_000089,748.16,netbanking,insufficient_funds,0,0,0.5,none,new,14,720.0,0.374,0,0,not_recovered
txn_0efdca3b69e0,cust_000669,3905.5,card,otp_failed,0,6,0.453,paused,returning,13,57.6,0.157,4,1,recovered
txn_11a3dc75f0e6,cust_001226,564.19,card,invalid_card,1,12,0.696,paused,loyal,15,58.9,0.138,0,1,recovered
txn_873e68595e95,cust_000032,866.28,card,otp_failed,1,8,0.881,active,returning,16,249.6,0.238,3,0,not_recovered
txn_e126f31cdea6,cust_000704,3232.08,card,bank_server_error,1,0,0.5,none,new,28,720.0,0.387,1,1,recovered
txn_3849ce9d5335,cust_001175,1134.06,card,bank_server_error,0,23,0.921,paused,loyal,18,7.7,0.262,1,1,recovered
txn_21536f468046,cust_000609,866.49,card,insufficient_funds,2,0,0.5,paused,new,24,720.0,0.322,0,0,not_recovered
txn_754db2ff26af,cust_001102,4519.01,card,otp_failed,0,14,0.298,none,loyal,25,211.1,0.345,2,0,not_recovered
txn_ef0d37e56871,cust_000858,4688.84,upi,invalid_card,0,0,0.5,active,new,1,720.0,0.485,1,0,not_recovered
txn_f1dfacab51f6,cust_001071,3827.11,wallet,card_declined_bank,0,8,0.695,cancelled,returning,24,24.0,0.253,1,0,not_recovered
txn_ee566b83c522,cust_001043,4289.13,card,bank_server_error,0,1,0.835,none,returning,25,25.8,0.211,3,0,not_recovered
txn_825c4f4010b3,cust_000536,1622.27,card,insufficient_funds,1,0,0.5,none,new,19,720.0,0.078,1,1,recovered
txn_f0014d2a6d27,cust_001467,1662.15,wallet,risk_flagged,0,25,0.894,paused,loyal,2,205.6,0.232,1,1,recovered
txn_fb4af0bcfcba,cust_000932,1115.13,wallet,network_timeout,0,0,0.5,active,new,0,720.0,0.224,2,1,recovered
txn_e8eeee61b5cf,cust_000099,2323.79,upi,risk_flagged,0,0,0.5,paused,new,0,720.0,0.29,0,0,not_recovered
txn_6fed5b12993c,cust_001412,1242.51,card,insufficient_funds,0,0,0.5,active,new,21,720.0,0.235,1,0,not_recovered
txn_402670c6df28,cust_001045,1353.22,upi,card_declined_bank,1,5,0.422,none,returning,16,47.7,0.329,3,0,not_recovered
txn_c0785aca1c60,cust_000040,3428.61,card,card_declined_bank,0,22,0.667,cancelled,loyal,11,6.8,0.102,2,1,recovered
txn_433d52d1b4e2,cust_000239,5802.74,card,bank_server_error,0,23,0.924,cancelled,loyal,16,203.2,0.323,3,1,recovered
txn_5a6e4e7535cd,cust_000017,2859.59,card,network_timeout,0,0,0.5,cancelled,new,13,720.0,0.38,1,0,not_recovered
txn_897bf48bcd85,cust_000006,10045.54,upi,risk_flagged,1,3,0.959,paused,returning,9,52.1,0.185,1,0,not_recovered
txn_dca43618ae79,cust_001279,1058.95,card,insufficient_funds,0,0,0.5,active,new,23,720.0,0.049,0,0,not_recovered
txn_7ae7e7220b96,cust_001283,382.15,upi,insufficient_funds,0,8,0.488,cancelled,returning,14,75.6,0.063,2,0,not_recovered
txn_141cf9b9c9d2,cust_000505,3801.55,card,bank_server_error,0,18,0.852,cancelled,loyal,16,40.2,0.098,0,0,not_recovered
txn_947329568213,cust_001477,997.6,card,bank_server_error,0,5,0.606,none,returning,28,1.0,0.172,3,0,not_recovered
txn_13e016ab97d9,cust_000046,1561.93,netbanking,otp_failed,0,10,0.732,none,returning,28,34.6,0.36,1,1,recovered
txn_3cc4f2bf2a22,cust_000475,406.34,wallet,network_timeout,0,2,0.448,active,returning,20,60.8,0.087,1,0,not_recovered
txn_1c675b897540,cust_001069,889.55,card,bank_server_error,1,21,0.716,none,loyal,28,25.5,0.289,2,0,not_recovered
txn_9469887acb9d,cust_000713,516.98,upi,risk_flagged,0,7,0.516,none,returning,10,47.2,0.234,1,0,not_recovered
txn_3f043190db71,cust_000129,1351.71,card,network_timeout,0,0,0.5,none,new,11,720.0,0.099,0,0,not_recovered
txn_9d8ff6ecc6cc,cust_000911,1400.95,card,bank_server_error,2,8,0.935,none,returning,28,52.8,0.239,3,1,recovered
txn_a97405d7c2c9,cust_000583,2166.71,upi,otp_failed,0,0,0.5,none,new,27,720.0,0.258,0,0,not_recovered
txn_79be2ac82083,cust_000935,6098.21,card,risk_flagged,0,0,0.5,active,new,5,720.0,0.08,0,1,recovered
txn_007f448e3ff8,cust_000757,3674.66,upi,otp_failed,0,0,0.5,cancelled,new,0,720.0,0.126,1,1,recovered
txn_07df7161092d,cust_001292,464.08,upi,card_declined_bank,0,9,0.404,active,returning,5,1.0,0.147,5,0,not_recovered
txn_7b5b785038e6,cust_000972,3453.74,card,insufficient_funds,0,7,0.555,active,returning,23,62.1,0.146,2,1,recovered
txn_35c6df23b544,cust_000533,2209.63,card,insufficient_funds,1,0,0.5,active,new,7,720.0,0.19,1,0,not_recovered
txn_7b7bae4091a6,cust_000121,1829.79,card,invalid_card,0,4,0.794,paused,returning,30,81.3,0.143,2,0,not_recovered
txn_93a23d13a819,cust_000943,1957.79,wallet,risk_flagged,1,24,0.561,paused,loyal,7,62.0,0.293,1,1,recovered
txn_7764bf7425a5,cust_001018,2402.1,upi,bank_server_error,2,9,0.644,active,returning,5,75.5,0.117,1,0,not_recovered
txn_89ac59d58099,cust_000135,1072.02,card,bank_server_error,0,10,0.859,active,returning,2,204.3,0.285,1,1,recovered
txn_f75f128a6842,cust_001463,1695.76,card,bank_server_error,1,0,0.5,none,new,29,720.0,0.241,0,0,not_recovered
txn_a1dada4ae17c,cust_001274,5799.61,upi,network_timeout,0,12,0.626,active,loyal,9,166.1,0.326,0,1,recovered
txn_3256a93604ff,cust_000259,1060.49,card,risk_flagged,0,0,0.5,none,new,25,720.0,0.095,0,0,not_recovered
txn_297e67993d01,cust_001028,790.84,upi,card_declined_bank,1,0,0.5,active,new,17,720.0,0.263,1,0,not_recovered
txn_f37e67c84332,cust_001290,1890.25,netbanking,bank_server_error,0,20,0.61,none,loyal,4,109.9,0.041,3,0,not_recovered
txn_fb000b2a95ba,cust_000929,722.34,upi,insufficient_funds,2,6,0.768,none,returning,6,101.0,0.457,3,0,not_recovered
txn_7552384874e3,cust_000150,423.9,card,insufficient_funds,0,10,0.836,none,returning,2,33.6,0.299,2,0,not_recovered
txn_dc8dd8659ed9,cust_000089,1465.54,card,network_timeout,0,10,0.668,none,returning,3,27.7,0.206,3,0,not_recovered
txn_a32525820141,cust_000287,7359.59,card,card_declined_bank,0,3,0.783,active,returning,24,26.0,0.336,2,0,not_recovered
txn_0b4d3f53cbfc,cust_000077,1929.96,upi,bank_server_error,0,0,0.5,active,new,20,720.0,0.258,0,1,recovered
txn_c5e6811f5382,cust_000885,2346.59,wallet,insufficient_funds,0,0,0.5,active,new,4,720.0,0.212,1,0,not_recovered
txn_5e8f94a663ae,cust_000130,293.79,card,otp_failed,0,0,0.5,active,new,13,720.0,0.353,0,0,not_recovered
txn_93cf5be019f2,cust_000055,2964.05,upi,invalid_card,0,0,0.5,cancelled,new,7,720.0,0.381,0,0,not_recovered
txn_e3e818b2a8f9,cust_000358,2173.36,upi,network_timeout,0,11,0.845,active,loyal,20,1.8,0.186,3,1,recovered
txn_86d9c5ab714f,cust_001162,1098.36,card,bank_server_error,2,0,0.5,none,new,4,720.0,0.453,1,0,not_recovered
txn_95eb822c8479,cust_000663,2349.71,card,bank_server_error,0,4,0.567,active,returning,7,14.5,0.122,3,1,recovered
txn_cec1732d1afe,cust_000089,2328.8,card,network_timeout,0,3,0.872,paused,returning,20,151.5,0.224,2,1,recovered
txn_ce6251aa11aa,cust_000677,770.05,upi,bank_server_error,1,11,0.717,cancelled,returning,23,352.3,0.348,8,0,not_recovered
txn_a103619b994e,cust_000736,2693.69,upi,otp_failed,1,5,0.769,paused,returning,29,80.6,0.051,0,1,recovered
txn_09a857ea6ede,cust_000242,5868.9,upi,network_timeout,1,9,0.462,none,returning,30,143.6,0.565,2,1,recovered
txn_dfd326001d90,cust_001337,1627.59,netbanking,network_timeout,2,11,0.502,paused,loyal,22,63.7,0.303,4,0,not_recovered
txn_9fd081c361a8,cust_000687,915.22,netbanking,risk_flagged,0,11,0.936,none,returning,8,16.6,0.048,5,0,not_recovered
txn_8b79bcf76668,cust_000121,1703.05,emi,insufficient_funds,0,20,0.864,paused,loyal,25,167.9,0.317,1,0,not_recovered
txn_d9340f5b7314,cust_000799,4311.98,netbanking,otp_failed,1,15,0.865,paused,loyal,19,94.0,0.402,4,0,not_recovered
txn_606a8bbff3f9,cust_001127,662.69,netbanking,otp_failed,0,8,0.326,active,returning,29,33.6,0.071,2,0,not_recovered
txn_193bce76a592,cust_000155,3363.38,netbanking,card_declined_bank,1,0,0.5,none,new,23,720.0,0.68,0,0,not_recovered
txn_41b067c3fdba,cust_001329,1085.49,upi,card_declined_bank,0,9,0.691,active,returning,24,23.5,0.138,1,1,recovered
txn_e99c04ed0bc6,cust_000192,2484.57,netbanking,risk_flagged,2,0,0.5,active,new,16,720.0,0.253,0,0,not_recovered
txn_ca55be40198d,cust_000176,1202.43,wallet,otp_failed,1,5,0.772,paused,returning,25,23.6,0.193,5,0,not_recovered
txn_7d7c09e839f2,cust_001152,1199.53,upi,bank_server_error,0,17,0.287,active,loyal,9,1.0,0.152,1,1,recovered
txn_d22d5db1ffcc,cust_000415,7869.78,upi,insufficient_funds,0,5,0.825,none,returning,2,85.9,0.075,1,0,not_recovered
txn_df16ec0d10e8,cust_001546,562.18,upi,insufficient_funds,2,6,0.646,cancelled,returning,6,107.2,0.015,1,0,not_recovered
txn_ccce3d5fabc2,cust_000625,3092.79,netbanking,insufficient_funds,1,0,0.5,none,new,17,720.0,0.139,0,0,not_recovered
txn_ff0531935caa,cust_000288,9491.88,upi,network_timeout,1,23,0.622,none,loyal,20,186.7,0.372,2,0,not_recovered
txn_f589db6d6756,cust_001078,3703.26,netbanking,bank_server_error,1,0,0.5,none,new,15,720.0,0.443,1,0,not_recovered
txn_8fd896d5d827,cust_000718,603.06,netbanking,insufficient_funds,0,0,0.5,paused,new,14,720.0,0.054,0,0,not_recovered
txn_ab06c7a638b7,cust_001284,630.54,emi,network_timeout,0,0,0.5,active,new,6,720.0,0.032,0,1,recovered
txn_fd7f6ec129ae,cust_000290,1015.91,card,insufficient_funds,0,0,0.5,active,new,25,720.0,0.028,0,0,not_recovered
txn_e8562e577417,cust_001367,2303.34,upi,card_declined_bank,1,6,0.748,none,returning,7,189.6,0.166,4,1,recovered
txn_7b32b5215e40,cust_000091,2448.79,netbanking,otp_failed,1,4,0.675,cancelled,returning,2,102.0,0.29,3,0,not_recovered
txn_3957edcb6ca7,cust_001469,636.17,wallet,card_declined_bank,0,0,0.5,active,new,4,720.0,0.107,0,1,recovered
txn_2aa43031fe9d,cust_000279,910.98,wallet,bank_server_error,2,0,0.5,none,new,1,720.0,0.36,1,0,not_recovered
txn_23b2b48ed9d0,cust_000338,962.63,upi,risk_flagged,0,0,0.5,cancelled,new,30,720.0,0.279,0,0,not_recovered
txn_05085348219c,cust_000557,1698.21,upi,card_declined_bank,1,6,0.761,active,returning,11,42.1,0.13,3,0,not_recovered
txn_c074da1ed9fd,cust_000830,11923.02,card,network_timeout,0,0,0.5,active,new,24,720.0,0.458,1,0,not_recovered
txn_88660591c529,cust_000849,862.76,emi,invalid_card,0,10,0.747,none,returning,14,33.8,0.405,3,0,not_recovered
txn_743b29783438,cust_001512,829.43,card,network_timeout,0,0,0.5,active,new,28,720.0,0.142,0,1,recovered
txn_0057d6cbcedf,cust_000811,720.66,upi,otp_failed,1,0,0.5,active,new,19,720.0,0.398,0,1,recovered
txn_795dcb389909,cust_001524,3540.38,netbanking,card_declined_bank,1,7,0.759,none,returning,7,158.8,0.213,1,1,recovered
txn_03c65176287e,cust_000698,1925.21,upi,insufficient_funds,0,8,0.773,none,returning,3,80.7,0.214,2,1,recovered
txn_b0a5781851a4,cust_000190,891.94,card,otp_failed,0,0,0.5,none,new,5,720.0,0.321,0,1,recovered
txn_fc80aa96594c,cust_000557,1441.56,card,insufficient_funds,0,0,0.5,none,new,18,720.0,0.251,0,1,recovered
txn_e3ebea564fc4,cust_001354,980.09,netbanking,network_timeout,0,25,0.735,none,loyal,0,338.8,0.14,1,1,recovered
txn_316bc31ac1cc,cust_000593,2607.9,upi,network_timeout,0,0,0.5,none,new,25,720.0,0.314,0,0,not_recovered
txn_a3cee52c4100,cust_000903,22380.36,card,network_timeout,0,6,0.885,paused,returning,8,116.0,0.191,1,1,recovered
txn_443e10da1c90,cust_000003,3280.59,upi,network_timeout,1,6,0.435,paused,returning,28,40.7,0.274,2,1,recovered
txn_8a8119f99b16,cust_000635,1837.77,card,otp_failed,1,0,0.5,none,new,3,720.0,0.305,1,0,not_recovered
txn_758b468482ef,cust_000346,1098.3,wallet,bank_server_error,0,6,0.87,paused,returning,27,41.0,0.055,8,0,not_recovered
txn_41f1c3fd130d,cust_001274,596.42,card,bank_server_error,1,1,0.551,paused,returning,27,95.4,0.374,1,0,not_recovered
txn_8a22261bfef0,cust_000269,3867.33,card,otp_failed,0,18,0.836,active,loyal,16,72.4,0.244,3,0,not_recovered
txn_ad8e0ddf5530,cust_000148,3682.76,card,network_timeout,2,0,0.5,cancelled,new,14,720.0,0.168,0,1,recovered
txn_afa05c427fdf,cust_000903,1313.58,upi,insufficient_funds,0,0,0.5,paused,new,27,720.0,0.016,0,0,not_recovered
txn_2eb100eab5ec,cust_000470,5955.08,upi,card_declined_bank,0,0,0.5,none,new,25,720.0,0.029,0,0,not_recovered
txn_053d7a9934ed,cust_000692,2036.52,netbanking,risk_flagged,1,2,0.584,active,returning,16,137.7,0.519,1,0,not_recovered
txn_cbca0e26922d,cust_000863,4012.96,upi,bank_server_error,0,6,0.742,none,returning,10,1.9,0.093,0,1,recovered
txn_a8f6d0a794f2,cust_000339,2608.62,card,network_timeout,1,0,0.5,none,new,2,720.0,0.271,0,0,not_recovered
txn_743ff699b166,cust_000151,1703.73,card,card_declined_bank,2,0,0.5,none,new,28,720.0,0.331,0,0,not_recovered
txn_a23b82e3c450,cust_000203,846.07,card,risk_flagged,1,21,0.762,none,loyal,30,51.4,0.556,4,0,not_recovered
txn_e2b418f75c8d,cust_001479,1752.88,wallet,insufficient_funds,0,0,0.5,active,new,27,720.0,0.532,0,0,not_recovered
txn_5d7a31af8efa,cust_001047,4263.5,card,insufficient_funds,0,11,0.797,active,returning,0,62.8,0.47,2,1,recovered
txn_724e9acb4a9f,cust_000757,1264.81,emi,network_timeout,0,9,0.568,paused,returning,13,33.8,0.139,3,0,not_recovered
txn_85c27ed29364,cust_001395,2968.37,card,otp_failed,0,0,0.5,active,new,8,720.0,0.074,0,0,not_recovered
txn_afc5b36b98e5,cust_000301,754.11,card,risk_flagged,2,0,0.5,none,new,13,720.0,0.136,0,0,not_recovered
txn_7e0eaacfc079,cust_000396,4032.14,card,otp_failed,0,0,0.5,active,new,1,720.0,0.05,0,1,recovered
txn_b6bc7c7fe941,cust_000199,2648.23,card,insufficient_funds,0,18,0.977,none,loyal,16,3.5,0.031,1,0,not_recovered
txn_462657757e37,cust_000952,677.29,netbanking,otp_failed,0,0,0.5,none,new,16,720.0,0.449,1,0,not_recovered
txn_1f38a65f0b9d,cust_001470,1633.35,upi,card_declined_bank,2,0,0.5,active,new,7,720.0,0.094,0,0,not_recovered
txn_101b6798a41b,cust_000250,4620.68,card,bank_server_error,2,0,0.5,none,new,17,720.0,0.086,1,0,not_recovered
txn_15366ec60032,cust_001532,643.47,upi,card_declined_bank,0,0,0.5,none,new,16,720.0,0.451,0,0,not_recovered
txn_05828d7eac08,cust_000374,762.15,upi,insufficient_funds,0,4,0.445,active,returning,19,77.4,0.204,1,0,not_recovered
txn_fb5b3253d75e,cust_001368,1877.04,wallet,insufficient_funds,1,0,0.5,none,new,7,720.0,0.382,1,0,not_recovered
txn_c21708bfc562,cust_000284,13629.58,emi,otp_failed,0,3,0.623,none,returning,4,214.2,0.365,1,0,not_recovered
txn_89b218908d4e,cust_000073,1090.81,upi,bank_server_error,2,6,0.486,none,returning,10,51.3,0.282,3,1,recovered
txn_431b9ca43400,cust_000840,3120.49,netbanking,invalid_card,2,15,0.964,none,loyal,0,27.8,0.152,3,0,not_recovered
txn_bafe407c3a66,cust_001290,2525.32,netbanking,bank_server_error,1,0,0.5,paused,new,21,720.0,0.223,0,0,not_recovered
txn_ff02fb02d004,cust_000065,1175.48,upi,insufficient_funds,0,25,0.636,active,loyal,8,6.6,0.354,1,0,not_recovered
txn_5c9291696b22,cust_001278,2310.04,upi,insufficient_funds,1,5,0.508,active,returning,9,120.1,0.274,2,0,not_recovered
txn_619f6d5a16e6,cust_000720,1335.35,card,bank_server_error,2,0,0.5,none,new,1,720.0,0.083,0,1,recovered
txn_d9d720ef86a7,cust_001201,1448.05,netbanking,insufficient_funds,0,6,0.724,none,returning,16,35.6,0.312,3,1,recovered
txn_62cf9a0f1366,cust_001396,448.03,emi,card_declined_bank,1,20,0.604,paused,loyal,1,200.7,0.254,1,0,not_recovered
txn_e1110ea2c542,cust_000062,1954.73,card,insufficient_funds,0,0,0.5,active,new,14,720.0,0.762,0,1,recovered
txn_2b9640cdaa5d,cust_000216,4488.1,netbanking,insufficient_funds,2,19,0.663,none,loyal,8,88.9,0.146,1,0,not_recovered
txn_e9e5bb9c8ff5,cust_000296,2104.18,wallet,otp_failed,1,12,0.947,none,returning,19,64.6,0.123,0,0,not_recovered
txn_22d810a3beeb,cust_000915,5331.87,card,network_timeout,0,5,0.512,active,returning,30,35.0,0.108,5,0,not_recovered
txn_bc404f98534e,cust_000917,3368.74,upi,otp_failed,0,16,0.82,none,loyal,17,69.7,0.358,2,1,recovered
txn_515115a1b855,cust_000064,1893.94,wallet,bank_server_error,0,3,0.719,none,returning,24,49.7,0.421,1,1,recovered
txn_cf5468dbebe6,cust_000371,1135.54,emi,bank_server_error,0,20,0.658,active,loyal,6,145.5,0.483,4,0,not_recovered
txn_2b405b5961b5,cust_000853,1289.96,card,card_declined_bank,2,0,0.5,none,new,11,720.0,0.159,0,0,not_recovered
txn_a272c03e9475,cust_000608,531.95,card,card_declined_bank,0,8,0.708,active,returning,25,97.5,0.458,0,0,not_recovered
txn_81b9d464059a,cust_001229,1571.25,upi,risk_flagged,2,4,0.899,cancelled,returning,11,97.5,0.151,3,0,not_recovered
txn_4999a2bbf687,cust_001126,2278.79,card,insufficient_funds,0,0,0.5,active,new,28,720.0,0.269,1,0,not_recovered
txn_7c821a2ff25a,cust_000301,9356.99,card,insufficient_funds,1,5,0.896,active,returning,28,31.9,0.095,3,1,recovered
txn_f5b3fa8bd243,cust_000071,3214.7,card,card_declined_bank,2,0,0.5,active,new,23,720.0,0.313,0,0,not_recovered
txn_c21851abd7a1,cust_000593,917.48,card,otp_failed,1,0,0.5,active,new,20,720.0,0.254,0,0,not_recovered
txn_0ee58cc1eab3,cust_000927,547.07,upi,otp_failed,1,0,0.5,active,new,10,720.0,0.754,0,0,not_recovered
txn_fa3e9d914982,cust_000645,1659.22,upi,bank_server_error,2,0,0.5,none,new,25,720.0,0.24,0,1,recovered
txn_b86892fb603e,cust_000398,4148.86,upi,card_declined_bank,1,0,0.5,active,new,30,720.0,0.093,1,0,not_recovered
txn_40af8c3552f6,cust_001336,1638.35,netbanking,network_timeout,1,0,0.5,active,new,26,720.0,0.299,0,0,not_recovered
txn_f5c6c2261499,cust_000708,3254.47,upi,bank_server_error,0,7,0.802,active,returning,10,26.4,0.256,4,1,recovered
txn_7ed11810116c,cust_000065,1697.63,card,network_timeout,0,10,0.745,none,returning,5,40.6,0.362,1,1,recovered
txn_8b12847a38ec,cust_000051,3809.68,card,insufficient_funds,0,8,0.978,active,returning,28,139.5,0.403,1,0,not_recovered
txn_3f77c6849d0e,cust_000491,474.6,card,otp_failed,1,0,0.5,none,new,0,720.0,0.138,0,0,not_recovered
txn_ff0ae606427f,cust_000734,8465.58,card,bank_server_error,1,28,0.394,none,loyal,24,323.2,0.032,1,1,recovered
txn_4de189187d72,cust_000150,734.19,card,insufficient_funds,0,4,0.601,none,returning,8,88.4,0.227,0,0,not_recovered
txn_a45d8b6281a6,cust_000945,4082.07,card,risk_flagged,2,0,0.5,active,new,23,720.0,0.475,0,0,not_recovered
txn_955557141463,cust_001021,1564.05,card,card_declined_bank,0,0,0.5,paused,new,18,720.0,0.186,0,0,not_recovered
txn_b6cd9f8d81bf,cust_000444,1800.38,upi,bank_server_error,2,9,0.629,none,returning,3,7.4,0.13,1,0,not_recovered
txn_12e10005d51b,cust_000795,1608.42,upi,invalid_card,0,0,0.5,active,new,28,720.0,0.129,0,0,not_recovered
txn_7f1e5cd108dd,cust_001255,2515.04,wallet,bank_server_error,0,2,0.365,none,returning,29,205.0,0.452,5,0,not_recovered
txn_3ae48de990be,cust_000826,3016.26,netbanking,card_declined_bank,1,16,0.893,paused,loyal,9,8.4,0.251,0,1,recovered
txn_1f51f0eb4381,cust_000210,5179.82,upi,network_timeout,0,0,0.5,none,new,4,720.0,0.295,1,1,recovered
txn_8689ee1ccf9c,cust_000271,7095.06,card,insufficient_funds,1,0,0.5,none,new,26,720.0,0.289,1,0,not_recovered
txn_73fb777fc458,cust_000748,2693.61,upi,insufficient_funds,1,16,0.948,none,loyal,13,71.7,0.161,1,0,not_recovered
txn_744db48c3624,cust_000574,9342.29,card,network_timeout,1,9,0.783,active,returning,20,28.8,0.105,3,0,not_recovered
txn_614d4679073e,cust_001292,2172.59,upi,bank_server_error,0,0,0.5,cancelled,new,25,720.0,0.171,1,1,recovered
txn_4ff8fe94c487,cust_001355,5269.53,card,network_timeout,0,23,0.607,active,loyal,20,10.9,0.135,2,1,recovered
txn_075721fff82e,cust_001286,2939.07,upi,otp_failed,0,16,0.58,active,loyal,14,111.3,0.184,2,1,recovered
txn_97dbc8e943ed,cust_000958,1218.91,card,network_timeout,0,8,0.605,active,returning,22,3.2,0.34,2,0,not_recovered
txn_e9133c614b0f,cust_000917,2352.21,upi,network_timeout,0,5,0.735,none,returning,2,20.3,0.29,0,0,not_recovered
txn_7da4e3f313b9,cust_001335,3142.75,netbanking,invalid_card,0,0,0.5,paused,new,15,720.0,0.238,0,0,not_recovered
txn_4b30b385531e,cust_000760,1941.12,netbanking,otp_failed,1,0,0.5,paused,new,18,720.0,0.139,1,0,not_recovered
txn_4ee14c200e9e,cust_000977,2897.41,upi,invalid_card,2,8,0.331,cancelled,returning,20,75.8,0.131,1,0,not_recovered
txn_42cba7280b05,cust_000391,4353.9,upi,bank_server_error,1,0,0.5,none,new,6,720.0,0.19,0,0,not_recovered
txn_704500acd5ee,cust_000889,1956.6,card,network_timeout,0,4,0.862,none,returning,24,84.7,0.383,1,0,not_recovered
txn_0dc5d95243bf,cust_000510,141.25,upi,otp_failed,0,22,0.559,none,loyal,10,127.7,0.333,3,0,not_recovered
txn_3c89f61f4c4d,cust_001392,9049.3,upi,bank_server_error,0,0,0.5,active,new,18,720.0,0.407,0,0,not_recovered
txn_f161b76a751a,cust_000813,1528.69,card,network_timeout,0,9,0.669,cancelled,returning,21,407.5,0.138,2,0,not_recovered
txn_7482c6340bc1,cust_000776,952.46,card,risk_flagged,0,0,0.5,none,new,1,720.0,0.542,0,0,not_recovered
txn_0bec73457747,cust_001079,726.55,wallet,otp_failed,2,15,0.814,none,loyal,29,11.9,0.251,1,0,not_recovered
txn_02f60e6a4277,cust_001112,1476.16,upi,card_declined_bank,1,0,0.5,none,new,15,720.0,0.47,1,0,not_recovered
txn_faad5e7cb5cc,cust_001443,1204.15,upi,bank_server_error,0,14,0.703,paused,returning,0,299.5,0.183,0,0,not_recovered
txn_c7ec97970d88,cust_000184,1029.36,upi,otp_failed,1,3,0.239,active,returning,18,35.5,0.305,2,1,recovered
txn_43beaf6b8835,cust_001368,1081.48,upi,insufficient_funds,2,9,0.942,none,returning,8,13.4,0.509,2,0,not_recovered
txn_54955643a285,cust_000286,3218.81,upi,invalid_card,0,5,0.83,none,returning,27,32.7,0.267,1,0,not_recovered
txn_c164f146feec,cust_001505,12423.28,card,insufficient_funds,1,10,0.448,paused,returning,5,1.0,0.493,0,1,recovered
txn_a41dc9af4218,cust_000704,4181.87,upi,network_timeout,0,4,0.78,active,returning,0,38.6,0.388,0,1,recovered
txn_a8f19bf4eba8,cust_001509,5488.11,upi,network_timeout,0,3,0.746,active,returning,22,41.9,0.114,2,1,recovered
txn_5fa2362fa93a,cust_000532,1422.73,card,otp_failed,1,20,0.809,none,loyal,1,295.6,0.028,2,0,not_recovered
txn_d6702d78a054,cust_000303,2195.57,netbanking,invalid_card,0,4,0.66,paused,returning,6,59.4,0.348,2,0,not_recovered
txn_b54344d112fb,cust_000361,2933.16,card,risk_flagged,1,6,0.707,cancelled,returning,11,394.2,0.211,3,0,not_recovered
txn_ba168c5c3759,cust_000182,1103.67,upi,otp_failed,0,0,0.5,none,new,27,720.0,0.234,1,0,not_recovered
txn_326c8855834a,cust_000511,1362.18,upi,invalid_card,0,6,0.68,active,returning,24,12.4,0.194,1,0,not_recovered
txn_4dc4a115ffab,cust_000985,4311.74,upi,card_declined_bank,1,4,0.701,active,returning,18,6.3,0.1,0,0,not_recovered
txn_5cba08a2d2b3,cust_001059,5330.84,upi,insufficient_funds,1,5,0.607,none,returning,15,47.8,0.436,1,1,recovered
txn_4dfcab1c23ce,cust_001425,2123.18,wallet,otp_failed,1,0,0.5,active,new,20,720.0,0.101,0,0,not_recovered
txn_3399ff04f7bc,cust_000995,681.54,upi,network_timeout,1,21,0.712,none,loyal,9,21.5,0.145,2,0,not_recovered
txn_ac813a5ad427,cust_001369,1531.45,upi,insufficient_funds,0,4,0.777,paused,returning,27,106.2,0.203,0,0,not_recovered
txn_a65c8b4d6eb7,cust_000181,546.1,upi,insufficient_funds,0,4,0.885,none,returning,21,376.3,0.383,1,1,recovered
txn_8cc075ba94f3,cust_000701,2138.12,card,network_timeout,1,0,0.5,none,new,18,720.0,0.319,0,1,recovered
txn_9cf1771fb59c,cust_001526,2514.58,card,invalid_card,0,23,0.903,active,loyal,15,124.7,0.187,2,0,not_recovered
txn_f9093c370e11,cust_000539,1566.13,upi,invalid_card,0,0,0.5,active,new,19,720.0,0.38,1,0,not_recovered
txn_11863e9afee0,cust_001084,2483.79,card,insufficient_funds,2,0,0.5,none,new,17,720.0,0.079,1,0,not_recovered
txn_ac891aba0198,cust_001292,2907.97,card,otp_failed,0,16,0.791,none,loyal,21,14.7,0.423,3,1,recovered
txn_cf4af1f8dbbc,cust_000346,2517.89,card,insufficient_funds,0,20,0.642,active,loyal,13,40.3,0.147,0,1,recovered
txn_6fce0d2f98a1,cust_000703,677.64,upi,network_timeout,2,0,0.5,active,new,9,720.0,0.249,1,0,not_recovered
txn_4f3f9669e9f8,cust_000134,1590.91,card,insufficient_funds,0,6,0.44,active,returning,22,54.9,0.103,0,0,not_recovered
txn_8c69f4ace2fb,cust_000282,2889.56,netbanking,insufficient_funds,1,2,0.954,none,returning,9,76.2,0.066,4,1,recovered
txn_c31aeb0e8ac3,cust_001378,8273.73,upi,insufficient_funds,0,15,0.643,none,loyal,0,70.8,0.047,2,0,not_recovered
txn_dd8fbbba93ed,cust_000134,1564.41,upi,network_timeout,0,6,0.68,none,returning,2,111.2,0.242,0,1,recovered
txn_a98aa8ecdf7d,cust_000562,3280.52,card,network_timeout,1,10,0.698,none,returning,0,53.5,0.113,1,0,not_recovered
txn_a4c4a6105b73,cust_001002,4404.3,upi,network_timeout,0,4,0.679,active,returning,16,36.7,0.244,3,1,recovered
txn_e541dcaefb60,cust_000356,1674.11,card,risk_flagged,1,2,0.564,none,returning,21,359.5,0.139,4,0,not_recovered
txn_885ffc91df50,cust_000267,5617.08,upi,network_timeout,0,5,0.634,active,returning,8,32.3,0.282,2,0,not_recovered
txn_5c6814d6f626,cust_000436,5895.57,card,insufficient_funds,0,4,0.278,cancelled,returning,0,23.3,0.294,2,0,not_recovered
txn_302e2725bd17,cust_001503,6921.21,wallet,bank_server_error,0,0,0.5,active,new,19,720.0,0.436,0,1,recovered
txn_224b40cf4b68,cust_000415,3018.72,card,insufficient_funds,0,18,0.566,none,loyal,10,1.0,0.479,0,0,not_recovered
txn_5f3640ea5f20,cust_000200,16716.03,upi,bank_server_error,0,16,0.943,active,loyal,24,23.8,0.328,1,1,recovered
txn_073024c13fd1,cust_001202,1148.54,card,network_timeout,1,5,0.769,paused,returning,11,18.2,0.307,2,0,not_recovered
txn_a3735de75bc3,cust_000740,13516.55,upi,otp_failed,0,0,0.5,active,new,20,720.0,0.093,0,1,recovered
txn_e00d0c65dab8,cust_000999,3989.69,upi,bank_server_error,0,0,0.5,cancelled,new,19,720.0,0.178,0,0,not_recovered
txn_a447a7a65fd9,cust_001243,6676.5,card,otp_failed,0,10,0.335,active,returning,8,9.3,0.258,3,0,not_recovered
txn_fb21124a14f8,cust_000537,1498.12,card,bank_server_error,0,0,0.5,paused,new,23,720.0,0.312,0,0,not_recovered
txn_eca586534cd7,cust_000107,4272.81,card,bank_server_error,0,15,0.486,none,loyal,25,25.1,0.076,3,1,recovered
txn_97fd81a0731c,cust_000512,7217.59,card,insufficient_funds,1,6,0.917,active,returning,25,40.0,0.28,2,0,not_recovered
txn_21665f46848b,cust_000485,750.98,emi,insufficient_funds,1,5,0.881,active,returning,9,48.4,0.085,1,1,recovered
txn_323574f84d48,cust_001483,1725.04,upi,bank_server_error,1,9,0.535,none,loyal,8,13.8,0.341,2,0,not_recovered
txn_5aecbc9bb29d,cust_000801,290.87,card,network_timeout,0,5,0.69,paused,returning,8,33.0,0.207,2,1,recovered
txn_2bb241c8d8d8,cust_000998,1701.9,wallet,insufficient_funds,0,0,0.5,paused,new,5,720.0,0.209,1,1,recovered
txn_6a07f236851b,cust_000565,958.71,card,otp_failed,1,1,0.572,active,returning,27,23.6,0.417,2,0,not_recovered
txn_fe9c3de80d91,cust_001122,1642.56,upi,network_timeout,0,3,0.958,none,returning,30,230.3,0.294,2,1,recovered
txn_ff24d10d9fb8,cust_000085,27757.99,upi,network_timeout,1,9,0.792,active,returning,25,9.8,0.123,2,0,not_recovered
txn_c0969b1012a8,cust_000461,9377.07,wallet,otp_failed,2,7,0.835,active,returning,1,103.9,0.156,0,0,not_recovered
txn_9cfa8b46c672,cust_000629,547.03,upi,insufficient_funds,0,24,0.543,none,loyal,29,147.5,0.349,1,1,recovered
txn_da2dc24421e8,cust_001534,3295.01,upi,card_declined_bank,1,9,0.912,none,returning,25,1.0,0.119,1,0,not_recovered
txn_f654df2b848e,cust_001313,4101.21,emi,invalid_card,0,0,0.5,active,new,2,720.0,0.29,0,1,recovered
txn_d9600fd30cf3,cust_001156,1474.23,card,invalid_card,0,4,0.646,paused,returning,0,45.4,0.191,0,0,not_recovered
txn_a6aa1aa852d8,cust_000387,2346.02,emi,bank_server_error,0,2,0.645,none,returning,7,36.9,0.326,6,0,not_recovered
txn_7ca0bb7576e8,cust_000372,2561.59,netbanking,insufficient_funds,0,0,0.5,paused,new,15,720.0,0.524,1,0,not_recovered
txn_5ffa89ee106f,cust_001380,594.7,wallet,otp_failed,0,0,0.5,active,new,10,720.0,0.497,0,0,not_recovered
txn_702264bf0a5e,cust_001429,789.82,card,otp_failed,1,5,0.737,cancelled,returning,19,2.8,0.221,3,0,not_recovered
txn_2908913fe4f1,cust_000819,2333.37,card,otp_failed,1,0,0.5,none,new,21,720.0,0.351,2,0,not_recovered
txn_433ff1aa0e69,cust_000602,2185.2,upi,insufficient_funds,0,19,0.748,none,loyal,14,38.9,0.228,1,1,recovered
txn_c3da20105954,cust_000888,1056.05,upi,network_timeout,0,0,0.5,active,new,11,720.0,0.247,0,1,recovered
txn_a3cd15e82166,cust_000105,977.56,upi,network_timeout,1,0,0.5,paused,new,17,720.0,0.223,1,0,not_recovered
txn_50d890c425e8,cust_000645,1843.09,wallet,network_timeout,0,7,0.602,none,returning,3,86.4,0.498,0,1,recovered
txn_83871abb5fca,cust_000581,4436.12,upi,network_timeout,1,23,0.719,paused,loyal,0,40.8,0.177,0,0,not_recovered
txn_5f6976752aa1,cust_000723,1865.27,card,risk_flagged,0,0,0.5,none,new,24,720.0,0.214,1,1,recovered
txn_3d379074504b,cust_001255,8608.09,upi,network_timeout,2,0,0.5,paused,new,4,720.0,0.216,0,0,not_recovered
txn_1b383a9d90c9,cust_001235,1068.23,card,otp_failed,0,0,0.5,none,new,30,720.0,0.089,1,1,recovered
txn_87f8c407fc94,cust_000670,2377.49,card,invalid_card,0,9,0.64,cancelled,returning,17,265.8,0.165,1,0,not_recovered
txn_a10c948be283,cust_001200,1452.63,card,insufficient_funds,1,5,0.936,active,returning,16,67.4,0.423,1,0,not_recovered
txn_006996fcb466,cust_000807,3391.97,netbanking,bank_server_error,0,0,0.5,active,new,25,720.0,0.211,0,1,recovered
txn_09c0cd9bdfa1,cust_001496,988.88,upi,otp_failed,0,0,0.5,none,new,6,720.0,0.224,0,1,recovered
txn_2fcc218e3820,cust_000748,11323.75,upi,insufficient_funds,0,6,0.736,none,returning,17,55.8,0.154,2,1,recovered
txn_c00388b9de78,cust_000044,436.35,card,bank_server_error,1,20,0.602,none,loyal,14,95.1,0.418,1,0,not_recovered
txn_bbd57b784f38,cust_001480,9357.49,upi,card_declined_bank,0,6,0.653,none,returning,15,150.0,0.198,0,0,not_recovered
txn_6ae5e9963eed,cust_000843,2166.76,netbanking,card_declined_bank,0,6,0.805,none,returning,28,184.0,0.025,3,0,not_recovered
txn_ff91f56e7e51,cust_000067,3285.2,wallet,card_declined_bank,0,0,0.5,paused,new,30,720.0,0.204,0,0,not_recovered
txn_8175ce9f0dfe,cust_000985,6641.36,upi,invalid_card,0,0,0.5,none,new,12,720.0,0.274,0,0,not_recovered
txn_a8335883813d,cust_000425,4323.82,netbanking,insufficient_funds,2,0,0.5,paused,new,12,720.0,0.237,1,0,not_recovered
txn_8903d97662a7,cust_000075,1035.85,upi,card_declined_bank,0,9,0.669,active,returning,8,11.0,0.436,1,0,not_recovered
txn_ee60cf7b0f9c,cust_001206,3429.19,upi,otp_failed,0,10,0.981,none,loyal,11,45.0,0.019,3,1,recovered
txn_20e74ddde621,cust_001511,10729.22,netbanking,otp_failed,0,24,0.864,paused,loyal,13,112.5,0.26,1,0,not_recovered
txn_0e19af562f22,cust_000093,899.14,card,card_declined_bank,0,18,0.547,active,loyal,2,46.9,0.45,1,1,recovered
txn_8cd2d602a403,cust_000829,13448.0,card,card_declined_bank,2,29,0.707,none,loyal,7,33.9,0.147,3,0,not_recovered
txn_a7a548079b91,cust_000536,2827.45,card,risk_flagged,0,14,0.632,none,loyal,24,52.3,0.177,2,0,not_recovered
txn_d68aa3bc7608,cust_001540,1353.02,upi,insufficient_funds,1,0,0.5,none,new,22,720.0,0.222,0,0,not_recovered
txn_7d6c74eb37a2,cust_001345,894.3,upi,otp_failed,0,0,0.5,none,new,2,720.0,0.103,0,1,recovered
txn_2b0e01144099,cust_001162,1634.42,upi,insufficient_funds,1,0,0.5,active,new,27,720.0,0.097,0,0,not_recovered
txn_5ca2a3224e84,cust_000153,343.87,upi,otp_failed,0,5,0.552,paused,returning,4,21.9,0.27,4,1,recovered
txn_c7f770100911,cust_000342,1375.1,card,card_declined_bank,0,0,0.5,active,new,5,720.0,0.245,0,0,not_recovered
txn_499704f21151,cust_000255,1577.14,netbanking,card_declined_bank,0,15,0.714,none,loyal,1,21.4,0.267,0,1,recovered
txn_dbd9a7e25d5c,cust_001474,759.78,card,bank_server_error,0,6,0.912,none,returning,4,11.1,0.408,2,0,not_recovered
txn_1eb219109cbc,cust_000505,3916.92,wallet,bank_server_error,2,5,0.856,active,returning,5,100.8,0.115,5,1,recovered
txn_6ca1dd938b0a,cust_000043,1641.08,card,insufficient_funds,1,0,0.5,active,new,27,720.0,0.104,0,0,not_recovered
txn_b63c8cc542f9,cust_001117,1127.53,upi,network_timeout,0,0,0.5,cancelled,new,13,720.0,0.201,1,0,not_recovered
txn_5b457ef20f96,cust_001146,1491.0,upi,insufficient_funds,0,0,0.5,none,new,6,720.0,0.188,0,1,recovered
txn_a9cf2313d437,cust_000570,2750.66,netbanking,risk_flagged,1,22,0.736,active,loyal,1,253.7,0.185,2,0,not_recovered
txn_fbd4bdd8273d,cust_001493,2134.31,card,insufficient_funds,0,1,0.662,paused,returning,7,33.6,0.075,2,1,recovered
txn_0afc8db6c3d0,cust_001284,1063.29,wallet,invalid_card,0,6,0.906,none,returning,12,66.2,0.325,2,1,recovered
txn_085b9109e071,cust_000869,2237.44,upi,insufficient_funds,1,0,0.5,active,new,13,720.0,0.224,0,1,recovered
txn_9a1e89e87f65,cust_000006,1909.11,upi,card_declined_bank,0,5,0.898,none,returning,14,2.1,0.192,0,0,not_recovered
txn_f3ce2d5646dc,cust_001374,716.57,upi,otp_failed,0,3,0.531,none,returning,6,210.2,0.49,2,1,recovered
txn_7d8c5fa0c9a3,cust_000100,1541.24,card,otp_failed,0,4,0.933,active,returning,3,20.8,0.218,2,0,not_recovered
txn_77213bf67614,cust_000660,3365.74,upi,otp_failed,0,5,0.703,paused,returning,15,51.5,0.251,2,1,recovered
txn_39ddecea72aa,cust_001303,3344.0,card,otp_failed,1,0,0.5,active,new,1,720.0,0.336,1,0,not_recovered
txn_5d7b9804a6e8,cust_000610,1624.62,card,risk_flagged,1,17,0.708,active,loyal,27,94.9,0.255,4,0,not_recovered
txn_011fc82bc335,cust_000594,3674.22,upi,bank_server_error,2,0,0.5,active,new,9,720.0,0.269,0,0,not_recovered
txn_8645ca5c2cda,cust_001457,827.19,upi,network_timeout,0,18,0.405,paused,loyal,20,43.3,0.054,2,1,recovered
txn_d0d71b034a89,cust_000780,850.57,card,insufficient_funds,1,0,0.5,none,new,20,720.0,0.247,1,0,not_recovered
txn_c7e3eba3a52a,cust_001446,1593.79,card,otp_failed,2,0,0.5,cancelled,new,1,720.0,0.46,1,0,not_recovered
txn_70c153fdc058,cust_001404,7691.03,card,bank_server_error,1,18,0.56,active,loyal,18,9.8,0.316,0,1,recovered
txn_6fee774a16ef,cust_001198,2314.45,card,bank_server_error,2,0,0.5,paused,new,19,720.0,0.07,0,0,not_recovered
txn_ad721e7f3dfc,cust_000207,1559.58,upi,otp_failed,2,5,0.622,none,returning,3,8.0,0.372,3,1,recovered
txn_ef846b31f4e0,cust_000355,8020.24,card,insufficient_funds,1,8,0.845,none,returning,18,93.7,0.221,0,0,not_recovered
txn_bdfac77fbf7b,cust_000973,1543.42,wallet,card_declined_bank,2,0,0.5,active,new,2,720.0,0.279,0,0,not_recovered
txn_7faaf71cf70f,cust_000543,14931.97,card,card_declined_bank,1,7,0.54,paused,returning,14,1.1,0.142,2,0,not_recovered
txn_e91674ee032d,cust_001156,1261.23,card,card_declined_bank,0,18,0.845,active,loyal,5,34.0,0.573,1,1,recovered
txn_fcd3f9348fc7,cust_001226,803.88,wallet,card_declined_bank,2,18,0.716,none,loyal,10,205.8,0.116,2,0,not_recovered
txn_b781f07cd070,cust_000714,1720.33,card,risk_flagged,1,0,0.5,none,new,27,720.0,0.3,0,0,not_recovered
txn_e75e314a66cc,cust_000840,1596.91,upi,otp_failed,0,7,0.497,active,returning,27,120.5,0.32,1,0,not_recovered
txn_f0d2fac3ea73,cust_000385,965.89,wallet,invalid_card,0,0,0.5,cancelled,new,28,720.0,0.166,1,0,not_recovered
txn_91f554218a11,cust_001127,20780.63,wallet,network_timeout,0,0,0.5,paused,new,29,720.0,0.061,0,0,not_recovered
txn_4b479d22b0db,cust_000030,2661.82,upi,otp_failed,1,0,0.5,none,new,16,720.0,0.184,0,1,recovered
txn_bb9ea709245f,cust_000199,3034.57,card,card_declined_bank,0,21,0.919,none,loyal,26,29.3,0.654,1,0,not_recovered
txn_2a6c94fb6e07,cust_000887,1318.58,upi,bank_server_error,0,19,0.651,none,loyal,27,34.7,0.318,3,1,recovered
txn_5588ffdef155,cust_000020,1188.08,emi,insufficient_funds,0,3,0.957,none,returning,8,126.0,0.065,1,0,not_recovered
txn_65f09a8b9def,cust_000289,5029.13,wallet,bank_server_error,0,3,0.727,active,returning,4,41.2,0.356,2,1,recovered
txn_d8f6eea16404,cust_000437,442.19,card,insufficient_funds,2,2,0.798,none,returning,12,74.4,0.324,1,0,not_recovered
txn_6f04c104d3bb,cust_000377,714.38,card,risk_flagged,0,7,0.72,none,returning,20,443.2,0.097,1,0,not_recovered
txn_9f62db2180fe,cust_001170,1599.46,card,insufficient_funds,0,10,0.809,none,returning,3,88.1,0.118,0,1,recovered
txn_dd4870ba1c70,cust_000521,6740.86,card,network_timeout,0,6,0.8,none,returning,20,12.0,0.406,1,0,not_recovered
txn_22d41e648e29,cust_001381,1426.44,upi,otp_failed,1,0,0.5,active,new,10,720.0,0.281,0,1,recovered
txn_ad437b91ad26,cust_000907,2906.01,card,insufficient_funds,1,0,0.5,cancelled,new,13,720.0,0.136,0,1,recovered
txn_acf777c39dab,cust_001202,2048.69,card,network_timeout,0,17,0.722,active,loyal,11,18.3,0.045,2,1,recovered
txn_8cdf6a2ad7ed,cust_001372,6416.53,card,bank_server_error,0,4,0.574,active,returning,22,115.7,0.312,3,0,not_recovered
txn_e81f905a1b9b,cust_000703,479.98,upi,bank_server_error,2,15,0.937,none,loyal,10,134.5,0.335,1,0,not_recovered
txn_878dd89d7197,cust_001153,3875.26,card,network_timeout,1,0,0.5,none,new,14,720.0,0.215,0,1,recovered
txn_28671be249df,cust_001269,1670.69,upi,otp_failed,1,6,0.619,active,returning,19,61.1,0.326,1,0,not_recovered
txn_abd05c62ec29,cust_000860,4593.49,card,bank_server_error,0,0,0.5,none,new,26,720.0,0.396,1,0,not_recovered
txn_6ac372916e7a,cust_000891,955.89,wallet,card_declined_bank,2,0,0.5,none,new,14,720.0,0.319,1,0,not_recovered
txn_fdc517b35940,cust_000157,2042.55,card,insufficient_funds,1,0,0.5,active,new,4,720.0,0.215,1,0,not_recovered
txn_d03d995d4856,cust_000783,1822.1,upi,insufficient_funds,0,0,0.5,cancelled,new,17,720.0,0.302,1,1,recovered
txn_230fdf2601ad,cust_000282,810.63,card,invalid_card,2,14,0.743,none,loyal,0,34.6,0.085,1,0,not_recovered
txn_5f917c3e3b63,cust_000659,631.2,card,bank_server_error,1,0,0.5,none,new,20,720.0,0.381,0,0,not_recovered
txn_283a5da67a9b,cust_000416,1185.16,card,network_timeout,1,6,0.543,active,returning,11,19.2,0.186,2,1,recovered
txn_e78fef845723,cust_001123,2246.07,card,card_declined_bank,1,3,0.962,none,returning,20,26.7,0.31,2,0,not_recovered
txn_07d549163fd3,cust_000921,1011.08,card,network_timeout,0,5,0.846,paused,returning,3,27.6,0.14,1,0,not_recovered
txn_673e951c22c4,cust_001543,1484.65,upi,card_declined_bank,0,6,0.699,active,returning,15,21.7,0.395,3,1,recovered
txn_34c49b16ea18,cust_001052,366.05,upi,otp_failed,0,0,0.5,active,new,5,720.0,0.505,0,1,recovered
txn_741d5ee095ef,cust_001377,1431.41,card,invalid_card,0,24,0.994,active,loyal,17,20.4,0.08,1,1,recovered
txn_cad308c0a671,cust_000448,5020.21,upi,invalid_card,0,18,0.862,active,loyal,1,42.1,0.134,3,0,not_recovered
txn_0609f05f0f8c,cust_001094,3769.37,upi,insufficient_funds,0,10,0.279,cancelled,returning,16,32.1,0.503,1,0,not_recovered
txn_4358a217df04,cust_000868,1847.84,card,card_declined_bank,2,4,0.626,none,returning,13,305.3,0.217,0,0,not_recovered
txn_d6300d2e742a,cust_001314,2488.13,card,insufficient_funds,0,0,0.5,none,new,3,720.0,0.204,0,0,not_recovered
txn_4aed46e0e724,cust_001142,948.2,card,otp_failed,1,11,0.693,cancelled,loyal,22,60.6,0.071,0,0,not_recovered
txn_4f42b8a1f30b,cust_001162,8621.33,card,otp_failed,0,0,0.5,paused,new,25,720.0,0.124,0,0,not_recovered
txn_488123e59b2c,cust_000893,12848.55,upi,network_timeout,0,0,0.5,paused,new,17,720.0,0.101,0,1,recovered
txn_aeb991645339,cust_001262,2317.72,emi,network_timeout,0,0,0.5,none,new,16,720.0,0.226,0,0,not_recovered
txn_e2b6caa5dc4f,cust_001505,20570.58,emi,network_timeout,0,9,0.675,none,returning,11,38.0,0.395,1,0,not_recovered
txn_6028bae297c1,cust_000473,1083.37,emi,network_timeout,0,7,0.814,active,returning,8,398.9,0.367,2,1,recovered
txn_f8dbc8267870,cust_000308,648.09,upi,insufficient_funds,0,7,0.866,none,returning,0,61.1,0.191,3,0,not_recovered
txn_273181bc18a3,cust_000207,1055.04,card,risk_flagged,1,3,0.727,none,returning,14,13.7,0.143,1,1,recovered
txn_df201ce0bb58,cust_001031,1640.01,card,bank_server_error,0,0,0.5,active,new,15,720.0,0.47,0,0,not_recovered
txn_5aae8bf64bb2,cust_000738,16008.26,card,card_declined_bank,0,19,0.785,none,loyal,0,105.4,0.323,3,0,not_recovered
txn_2b5902ac4a09,cust_000075,1551.47,card,card_declined_bank,0,5,0.724,none,returning,10,14.4,0.357,3,0,not_recovered
txn_adcbdbea7eba,cust_000779,921.78,card,card_declined_bank,0,5,0.893,none,returning,17,22.3,0.225,1,0,not_recovered
txn_407e93c57900,cust_000103,890.15,upi,insufficient_funds,0,0,0.5,active,new,7,720.0,0.4,0,0,not_recovered
txn_23cc079e7c51,cust_000676,5574.85,card,risk_flagged,0,24,0.566,none,loyal,18,86.8,0.296,2,0,not_recovered
txn_7d7845e96ff2,cust_000005,4902.85,card,card_declined_bank,1,0,0.5,none,new,13,720.0,0.061,2,0,not_recovered
txn_2d3e0f1677c5,cust_000265,1290.87,upi,card_declined_bank,1,0,0.5,none,new,28,720.0,0.224,1,0,not_recovered
txn_85851fd341bc,cust_000491,369.37,card,risk_flagged,1,4,0.608,none,returning,5,106.5,0.379,1,0,not_recovered
txn_ef47ee15d888,cust_001410,723.62,netbanking,otp_failed,1,0,0.5,active,new,1,720.0,0.049,0,1,recovered
txn_010499df39ea,cust_000045,9406.15,card,bank_server_error,0,0,0.5,active,new,9,720.0,0.46,0,1,recovered
txn_5df65b24564a,cust_000352,3714.23,upi,risk_flagged,0,8,0.47,none,returning,24,58.3,0.223,1,0,not_recovered
txn_9de533356f72,cust_001341,2119.46,card,bank_server_error,0,3,0.519,active,returning,28,178.4,0.209,1,1,recovered
txn_7d1a75e74073,cust_001506,10742.36,upi,card_declined_bank,1,17,0.687,none,loyal,19,154.2,0.354,1,0,not_recovered
txn_9702bd840bb1,cust_000780,11643.39,card,network_timeout,0,0,0.5,cancelled,new,18,720.0,0.399,0,0,not_recovered
txn_05fdde146b43,cust_001492,1934.6,card,network_timeout,0,3,0.822,active,returning,22,57.5,0.07,1,1,recovered
txn_88a1914be789,cust_001102,1966.84,upi,bank_server_error,2,11,0.95,none,returning,30,319.1,0.308,2,0,not_recovered
txn_a901bf5d2e56,cust_000565,1183.41,card,network_timeout,0,8,0.705,none,returning,29,295.5,0.389,1,1,recovered
txn_993e15b6d391,cust_001081,1546.67,card,invalid_card,0,5,0.752,none,returning,19,135.7,0.107,5,0,not_recovered
txn_0ae45f3f6603,cust_001253,524.43,wallet,network_timeout,2,5,0.577,active,returning,10,85.3,0.206,3,0,not_recovered
txn_1ae40641c3f4,cust_001381,522.51,card,card_declined_bank,0,15,0.514,active,loyal,3,53.0,0.267,2,0,not_recovered
txn_b03d0dca7c97,cust_000648,423.95,upi,insufficient_funds,0,0,0.5,cancelled,new,5,720.0,0.377,0,0,not_recovered
txn_2533d5ed2d12,cust_000159,5302.34,upi,invalid_card,0,0,0.5,active,new,20,720.0,0.061,0,1,recovered
txn_4f513916ac4c,cust_001084,490.16,card,insufficient_funds,0,11,0.672,none,returning,2,6.2,0.054,8,1,recovered
txn_71fdfd533769,cust_000067,11556.07,upi,network_timeout,2,10,0.501,paused,loyal,26,207.3,0.496,4,0,not_recovered
txn_70c4028ee43e,cust_000873,1035.52,card,network_timeout,1,0,0.5,active,new,14,720.0,0.167,1,0,not_recovered
txn_0e21bec525c8,cust_001105,9543.49,upi,bank_server_error,0,5,0.608,none,returning,28,66.5,0.304,3,0,not_recovered
txn_739845378bab,cust_000815,1438.64,card,invalid_card,0,14,0.915,active,loyal,26,165.0,0.205,0,0,not_recovered
txn_6bff7c76386c,cust_001273,488.06,card,invalid_card,0,6,0.663,active,returning,17,69.2,0.256,0,0,not_recovered
txn_48174d7ea768,cust_001263,6344.86,card,insufficient_funds,0,13,0.835,none,loyal,13,252.8,0.138,2,1,recovered
txn_8472d47d125a,cust_000018,7056.32,wallet,bank_server_error,0,9,0.936,cancelled,returning,3,238.0,0.193,1,1,recovered
txn_bb0741cb5646,cust_001092,884.09,netbanking,network_timeout,0,7,0.34,active,returning,29,16.1,0.051,3,1,recovered
txn_fe008f88f2b5,cust_000838,1482.54,wallet,bank_server_error,1,0,0.5,active,new,19,720.0,0.292,1,0,not_recovered
txn_f81617eafbcf,cust_000593,884.29,upi,otp_failed,1,14,0.569,cancelled,loyal,12,46.3,0.111,1,0,not_recovered
txn_b01015b008c1,cust_000618,1792.79,upi,insufficient_funds,2,4,0.812,active,returning,4,84.9,0.369,2,0,not_recovered
txn_3c4bcf8f60ac,cust_001322,2201.83,upi,otp_failed,1,3,0.702,paused,returning,26,95.7,0.242,3,0,not_recovered
txn_d460baebf9b7,cust_001412,1456.45,wallet,risk_flagged,0,6,0.941,none,returning,1,6.9,0.247,2,0,not_recovered
txn_556123c9faec,cust_000977,388.77,upi,network_timeout,1,3,0.865,none,returning,20,65.8,0.237,3,1,recovered
txn_3135d73d01aa,cust_001081,1184.66,card,insufficient_funds,2,4,0.866,paused,returning,6,42.4,0.18,3,1,recovered
txn_5352189b3f46,cust_000753,3763.73,upi,network_timeout,0,4,0.779,none,returning,19,261.0,0.324,4,1,recovered
txn_0e6552cdd639,cust_001520,1655.72,upi,network_timeout,0,21,0.872,active,loyal,3,65.3,0.38,5,0,not_recovered
txn_65310c294a21,cust_001108,1488.17,card,network_timeout,0,2,0.779,cancelled,returning,24,93.9,0.217,0,1,recovered
txn_cd18d9d71b35,cust_000545,864.63,card,otp_failed,2,14,0.885,cancelled,returning,13,81.9,0.242,2,0,not_recovered
txn_02009e0e48e5,cust_001337,1153.96,card,network_timeout,2,0,0.5,paused,new,13,720.0,0.141,0,0,not_recovered
txn_000705843d96,cust_000218,7101.44,netbanking,card_declined_bank,1,4,0.594,none,returning,29,39.6,0.206,1,0,not_recovered
txn_2d14ffc31259,cust_000109,716.37,card,risk_flagged,0,3,0.452,none,returning,5,172.9,0.176,1,0,not_recovered
txn_3242070b8e35,cust_001156,3822.81,netbanking,risk_flagged,2,0,0.5,none,new,20,720.0,0.309,0,0,not_recovered
txn_a4dc6e743735,cust_001045,2084.64,upi,otp_failed,0,0,0.5,active,new,17,720.0,0.417,2,1,recovered
txn_290b1ae05d8b,cust_001163,2490.73,netbanking,network_timeout,0,2,0.587,none,returning,21,68.6,0.234,3,0,not_recovered
txn_65fa0892f750,cust_000175,1033.68,card,network_timeout,0,5,0.537,none,returning,20,67.7,0.138,3,1,recovered
txn_a3540b3987aa,cust_000651,1455.93,wallet,insufficient_funds,1,11,0.571,none,returning,24,186.8,0.331,3,0,not_recovered
txn_3e284ccb0f1e,cust_001063,1987.94,upi,invalid_card,1,0,0.5,none,new,10,720.0,0.198,0,0,not_recovered
txn_2b71105ecfd2,cust_000295,1250.63,card,invalid_card,0,0,0.5,none,new,7,720.0,0.529,0,0,not_recovered
txn_e320a8553884,cust_001171,2692.67,card,insufficient_funds,0,0,0.5,none,new,21,720.0,0.186,0,0,not_recovered
txn_381e45203489,cust_000120,3016.03,card,insufficient_funds,0,12,0.568,none,returning,17,21.5,0.317,1,1,recovered
txn_e49d1e3dfcbc,cust_000780,14121.25,card,bank_server_error,0,12,0.592,cancelled,loyal,28,87.3,0.271,1,1,recovered
txn_f2725211580d,cust_000992,2566.69,upi,insufficient_funds,1,0,0.5,none,new,22,720.0,0.366,0,0,not_recovered
txn_ed7be918a998,cust_001270,357.45,wallet,invalid_card,0,7,0.757,active,returning,7,26.2,0.607,1,0,not_recovered
txn_7b7365c23e31,cust_000307,5691.43,upi,insufficient_funds,0,0,0.5,active,new,9,720.0,0.135,0,0,not_recovered
txn_b8aa3bee4519,cust_001300,1663.23,upi,insufficient_funds,0,0,0.5,none,new,21,720.0,0.65,1,0,not_recovered
txn_3f28381dbb6b,cust_000115,12218.82,upi,bank_server_error,1,0,0.5,none,new,12,720.0,0.158,0,0,not_recovered
txn_1076ec34cf22,cust_000692,7508.81,netbanking,network_timeout,1,0,0.5,paused,new,28,720.0,0.195,1,0,not_recovered
txn_850e8a43380e,cust_000987,1268.08,netbanking,insufficient_funds,0,5,0.478,active,returning,21,118.8,0.139,4,0,not_recovered
txn_1a169aca4c84,cust_000610,3826.53,card,risk_flagged,0,27,0.557,active,loyal,11,141.8,0.05,1,1,recovered
txn_c767afc49b1f,cust_000967,1170.8,wallet,network_timeout,2,0,0.5,none,new,25,720.0,0.216,1,1,recovered
txn_81b64d68c4b0,cust_000259,2003.04,card,otp_failed,0,8,0.647,none,returning,21,247.9,0.248,0,1,recovered
txn_104f01387b04,cust_000822,3671.61,netbanking,insufficient_funds,0,1,0.812,cancelled,returning,11,58.9,0.266,1,0,not_recovered
txn_b839992ce0e6,cust_001448,5440.9,emi,network_timeout,0,16,0.655,paused,loyal,13,16.0,0.132,0,1,recovered
txn_7c65c06659bc,cust_001171,4472.42,upi,network_timeout,2,8,0.909,none,returning,19,6.3,0.238,1,0,not_recovered
txn_767b9638896e,cust_001408,2137.71,card,insufficient_funds,1,0,0.5,paused,new,7,720.0,0.17,1,0,not_recovered
txn_901905ca4596,cust_000553,18677.62,upi,network_timeout,0,5,0.715,active,returning,20,20.2,0.212,0,1,recovered
txn_c9ecab863a00,cust_000272,1438.68,card,insufficient_funds,0,0,0.5,none,new,10,720.0,0.105,0,0,not_recovered
txn_23fd3f68ee8d,cust_000801,470.37,netbanking,card_declined_bank,0,16,0.941,cancelled,loyal,28,159.8,0.149,3,0,not_recovered
txn_1d10123808f1,cust_000075,559.35,card,card_declined_bank,0,4,0.493,none,returning,17,52.2,0.231,6,0,not_recovered
txn_2bd557af66de,cust_001478,7529.67,upi,invalid_card,0,6,0.755,cancelled,returning,24,31.6,0.252,2,0,not_recovered
txn_4e24c9a69efa,cust_001005,1864.99,wallet,bank_server_error,0,0,0.5,active,new,17,720.0,0.398,0,1,recovered
txn_c007f177fc18,cust_000417,2305.73,card,otp_failed,0,7,0.588,active,returning,6,389.6,0.497,2,0,not_recovered
txn_97fe70336701,cust_000583,1226.27,card,otp_failed,0,12,0.915,none,loyal,20,50.0,0.515,3,0,not_recovered
txn_0ffe89c09704,cust_000194,1329.51,upi,network_timeout,0,9,0.48,cancelled,returning,19,89.1,0.224,2,1,recovered
txn_d21d6bc78079,cust_001356,983.99,upi,insufficient_funds,0,5,0.972,none,returning,4,137.5,0.163,1,1,recovered
txn_0ba6f8ca1de0,cust_000594,3053.48,card,bank_server_error,1,15,0.813,paused,loyal,29,95.3,0.13,0,1,recovered
txn_34faf32c3efe,cust_001430,1830.52,card,card_declined_bank,0,10,0.857,active,loyal,2,89.2,0.128,1,0,not_recovered
txn_e350009268ad,cust_000780,2955.74,upi,bank_server_error,1,0,0.5,none,new,11,720.0,0.158,2,0,not_recovered
txn_598cd12c8f0a,cust_000212,2712.14,upi,insufficient_funds,2,5,0.5,none,returning,3,1.0,0.318,1,1,recovered
txn_5732e238a05c,cust_001247,1362.0,upi,invalid_card,2,5,0.931,active,returning,23,79.4,0.059,2,0,not_recovered
txn_306839fac53a,cust_000324,537.61,card,network_timeout,0,5,0.831,none,returning,13,140.5,0.562,1,1,recovered
txn_2dc16e18753d,cust_000754,497.09,upi,invalid_card,0,0,0.5,none,new,16,720.0,0.482,0,1,recovered
txn_07c6d1ecf7c3,cust_000087,30454.42,card,card_declined_bank,1,0,0.5,none,new,27,720.0,0.284,1,0,not_recovered
txn_d92aa9053a75,cust_001020,7557.96,card,card_declined_bank,0,14,0.823,active,loyal,13,74.7,0.07,1,1,recovered
txn_bb0ef65633ad,cust_001292,6675.27,upi,card_declined_bank,0,16,0.748,active,loyal,15,36.4,0.198,1,1,recovered
txn_6044dead6bf6,cust_000929,1088.82,card,network_timeout,0,14,0.768,cancelled,loyal,17,104.0,0.534,1,0,not_recovered
txn_c15abe8c1364,cust_000961,2015.37,upi,otp_failed,0,19,0.761,none,loyal,28,5.2,0.39,4,1,recovered
txn_486bc211a004,cust_000700,959.27,wallet,card_declined_bank,1,7,0.618,paused,returning,13,31.8,0.546,6,0,not_recovered
txn_578c9fe170cd,cust_001465,613.47,upi,card_declined_bank,0,6,0.878,none,returning,7,80.4,0.117,2,0,not_recovered
txn_e24f5cd657f0,cust_001237,1176.27,upi,insufficient_funds,2,4,0.868,paused,returning,9,134.2,0.172,1,1,recovered
txn_39737fa7baa0,cust_000351,6591.7,card,network_timeout,1,4,0.47,active,returning,16,206.1,0.061,3,1,recovered
txn_dab2b9ded2dc,cust_000184,4258.49,card,insufficient_funds,0,5,0.749,none,returning,23,51.0,0.158,1,0,not_recovered
txn_3f2121df20f3,cust_000912,834.6,card,bank_server_error,0,0,0.5,none,new,26,720.0,0.391,0,0,not_recovered
txn_e973b59feac8,cust_001166,1505.18,netbanking,otp_failed,0,5,0.831,active,returning,16,56.4,0.487,1,1,recovered
txn_3a5eed0019d6,cust_000607,3921.43,netbanking,card_declined_bank,2,0,0.5,active,new,14,720.0,0.137,1,0,not_recovered
txn_4ac6e2b990c7,cust_000970,1195.27,card,card_declined_bank,1,0,0.5,none,new,28,720.0,0.156,1,1,recovered
txn_8d6ed0d52002,cust_000858,2146.57,card,otp_failed,1,6,0.378,paused,returning,20,124.0,0.139,4,0,not_recovered
txn_334ffae967ea,cust_001465,2868.84,card,insufficient_funds,1,10,0.701,none,returning,0,28.9,0.265,2,1,recovered
txn_067cf871468d,cust_000452,2840.79,upi,bank_server_error,0,0,0.5,active,new,20,720.0,0.198,0,1,recovered
txn_4d197b43ebfc,cust_000448,2511.74,upi,insufficient_funds,2,25,0.726,cancelled,loyal,23,399.9,0.038,1,0,not_recovered
txn_6e79a2d8be6b,cust_001030,1109.51,upi,insufficient_funds,2,14,0.657,active,loyal,23,84.2,0.386,2,0,not_recovered
txn_03301e05ef0d,cust_000265,1216.97,wallet,network_timeout,1,0,0.5,active,new,4,720.0,0.133,0,1,recovered
txn_c91caf9c1b38,cust_001197,720.33,card,insufficient_funds,0,0,0.5,cancelled,new,15,720.0,0.435,0,0,not_recovered
txn_476c19337f2d,cust_000449,490.19,upi,insufficient_funds,0,0,0.5,paused,new,23,720.0,0.377,2,1,recovered
txn_2cf6c3d74982,cust_000701,1802.13,upi,otp_failed,0,3,0.909,cancelled,returning,28,49.8,0.09,2,0,not_recovered
txn_a0617855db3b,cust_000375,4165.68,card,network_timeout,0,20,0.885,paused,loyal,26,215.8,0.455,0,0,not_recovered
txn_e0af1d1faed7,cust_001103,576.94,wallet,insufficient_funds,0,0,0.5,none,new,24,720.0,0.417,0,0,not_recovered
txn_738bfb762d84,cust_001335,2554.66,card,network_timeout,1,6,0.854,active,returning,24,83.2,0.528,2,1,recovered
txn_6d08650585a1,cust_001075,4048.77,upi,otp_failed,2,0,0.5,none,new,10,720.0,0.16,0,0,not_recovered
txn_7f46657352e0,cust_000995,382.58,upi,bank_server_error,0,6,0.745,cancelled,returning,18,95.6,0.048,2,0,not_recovered
txn_287d93bbd0b9,cust_001525,1566.31,wallet,insufficient_funds,0,15,0.644,paused,loyal,1,5.4,0.392,1,0,not_recovered
txn_4f5d1465dfae,cust_000786,8791.93,upi,network_timeout,0,0,0.5,none,new,3,720.0,0.373,1,0,not_recovered
txn_747dc20015aa,cust_000395,3283.77,card,invalid_card,2,0,0.5,none,new,7,720.0,0.39,0,0,not_recovered
txn_fea6f87f9b11,cust_001157,371.14,netbanking,otp_failed,1,6,0.956,active,returning,29,207.0,0.52,5,1,recovered
txn_63cb9d6cc5c0,cust_000652,3613.77,netbanking,otp_failed,0,5,0.338,none,returning,7,127.8,0.083,2,1,recovered
txn_0cd8e3840926,cust_000095,1019.47,upi,bank_server_error,0,22,0.824,paused,loyal,10,239.6,0.12,0,1,recovered
txn_4194d571c37d,cust_000934,3722.59,netbanking,card_declined_bank,0,23,0.797,active,loyal,25,77.2,0.059,2,0,not_recovered
txn_eddf3bbe9094,cust_000586,1073.76,card,risk_flagged,0,0,0.5,none,new,0,720.0,0.066,0,1,recovered
txn_d722fbd84c64,cust_000010,1905.06,upi,insufficient_funds,0,0,0.5,cancelled,new,5,720.0,0.114,0,0,not_recovered
txn_9f387bc2524a,cust_000538,1231.78,netbanking,otp_failed,0,1,0.474,none,returning,0,176.7,0.209,3,0,not_recovered
txn_88d9773a0e5d,cust_001120,2003.88,card,insufficient_funds,0,0,0.5,none,new,18,720.0,0.15,0,0,not_recovered
txn_a3f7dbf9b5c7,cust_001427,1199.25,upi,otp_failed,0,21,0.39,none,loyal,22,324.4,0.211,3,1,recovered
txn_f64d116fea4e,cust_001422,1634.05,wallet,insufficient_funds,0,2,0.98,active,returning,28,24.5,0.106,1,0,not_recovered
txn_708dc54c8f7d,cust_000504,693.64,netbanking,network_timeout,1,0,0.5,active,new,25,720.0,0.407,0,0,not_recovered
txn_ccc72a880999,cust_001368,3107.56,wallet,invalid_card,0,18,0.79,active,loyal,22,88.1,0.428,1,0,not_recovered
txn_e08824e92f70,cust_000466,2339.65,card,risk_flagged,0,0,0.5,active,new,24,720.0,0.17,1,1,recovered
txn_35b0100cb42e,cust_000128,466.44,emi,insufficient_funds,2,2,0.924,active,returning,28,49.4,0.138,3,1,recovered
txn_62eb63a94c6c,cust_001457,4883.54,card,invalid_card,0,7,0.597,none,returning,17,12.9,0.333,0,0,not_recovered
txn_b85f89397736,cust_000643,1705.03,upi,insufficient_funds,1,4,0.722,active,returning,3,28.5,0.082,3,0,not_recovered
txn_3c061d234521,cust_001281,2311.35,upi,bank_server_error,0,6,0.425,cancelled,returning,19,221.6,0.225,2,0,not_recovered
txn_51a701cc6837,cust_001347,3976.29,netbanking,risk_flagged,1,9,0.923,active,returning,9,255.8,0.086,1,0,not_recovered
txn_5a3988e24de6,cust_001145,2684.95,wallet,insufficient_funds,0,12,0.684,none,loyal,28,20.9,0.109,2,1,recovered
txn_f949e1cdcd33,cust_000593,5702.63,upi,bank_server_error,0,22,0.428,paused,loyal,16,178.8,0.149,0,1,recovered
txn_b20f9df918eb,cust_000086,1534.61,upi,otp_failed,0,8,0.727,active,returning,20,51.2,0.141,0,1,recovered
txn_858027045ffa,cust_001284,5069.44,upi,network_timeout,1,0,0.5,none,new,15,720.0,0.436,0,0,not_recovered
txn_7265285168a6,cust_000384,2231.95,upi,bank_server_error,1,2,0.762,paused,returning,10,218.5,0.156,2,1,recovered
txn_af1d6ea673f6,cust_001416,3155.4,upi,insufficient_funds,1,13,0.748,none,loyal,28,125.5,0.268,2,0,not_recovered
txn_e49bfb71c745,cust_000306,2873.44,card,otp_failed,0,0,0.5,active,new,29,720.0,0.278,0,0,not_recovered
txn_3b04e41cd9f5,cust_000129,6103.74,upi,network_timeout,1,3,0.937,none,returning,27,49.7,0.289,1,0,not_recovered
txn_bdd1d4b3e687,cust_001316,3824.84,netbanking,insufficient_funds,0,8,0.68,none,returning,29,114.8,0.09,2,0,not_recovered
txn_3eca9c836125,cust_000160,1341.24,upi,card_declined_bank,0,0,0.5,none,new,0,720.0,0.18,0,1,recovered
txn_c6e7ed71a67d,cust_001449,1121.99,netbanking,network_timeout,0,6,0.716,active,returning,19,297.5,0.243,4,0,not_recovered
txn_bd1e8c587def,cust_000314,1910.69,card,bank_server_error,0,0,0.708,active,returning,13,83.3,0.295,3,1,recovered
txn_b11a2728bb44,cust_001049,1008.19,upi,card_declined_bank,1,4,0.767,paused,returning,17,9.6,0.143,6,0,not_recovered
txn_4464442052be,cust_000512,775.13,card,card_declined_bank,0,16,0.716,none,loyal,14,8.0,0.432,1,0,not_recovered
txn_fdeb1e6a69da,cust_001325,294.35,card,network_timeout,0,20,0.553,active,loyal,29,13.1,0.368,0,0,not_recovered
txn_556909f60d86,cust_000411,495.55,upi,risk_flagged,2,3,0.692,none,returning,25,109.3,0.073,2,0,not_recovered
txn_e177337de54d,cust_000742,11930.65,card,card_declined_bank,1,0,0.5,cancelled,new,24,720.0,0.208,1,0,not_recovered
txn_2e0455e031c8,cust_001000,1106.71,card,insufficient_funds,0,6,0.599,active,returning,20,55.3,0.37,3,0,not_recovered
txn_607f80f82373,cust_000210,11082.41,upi,card_declined_bank,2,13,0.902,active,loyal,3,92.9,0.278,2,1,recovered
txn_05e81ac415fe,cust_000609,2872.22,upi,card_declined_bank,0,5,0.281,none,returning,5,62.8,0.179,1,0,not_recovered
txn_19c2e5e39e41,cust_001145,1910.69,upi,otp_failed,1,18,0.653,none,loyal,29,153.7,0.214,1,0,not_recovered
txn_722f7d7f7e1c,cust_001542,517.73,card,bank_server_error,0,0,0.5,none,new,1,720.0,0.131,0,0,not_recovered
txn_d2e700919476,cust_001368,2006.61,upi,card_declined_bank,0,31,0.218,paused,loyal,22,209.4,0.222,2,1,recovered
txn_ab2d40905402,cust_001514,10970.5,upi,invalid_card,2,0,0.5,active,new,18,720.0,0.316,0,0,not_recovered
txn_92f907b4bf04,cust_001341,8118.28,upi,otp_failed,0,0,0.5,none,new,22,720.0,0.229,0,0,not_recovered
txn_034dff0268d4,cust_001133,2557.57,upi,card_declined_bank,1,7,0.914,none,returning,30,190.5,0.129,1,0,not_recovered
txn_d5092e183e41,cust_000318,710.66,card,card_declined_bank,0,0,0.5,none,new,12,720.0,0.468,0,0,not_recovered
txn_539843d86ece,cust_000270,844.34,wallet,risk_flagged,0,0,0.5,none,new,18,720.0,0.079,0,0,not_recovered
txn_8d18c03dea78,cust_001488,927.66,card,invalid_card,2,0,0.5,paused,new,0,720.0,0.459,1,0,not_recovered
txn_d25d0385f70e,cust_000188,6312.83,upi,network_timeout,0,12,0.546,none,returning,10,321.4,0.139,2,1,recovered
txn_0d89e56032c0,cust_000684,8678.02,card,network_timeout,1,5,0.881,none,returning,8,163.0,0.249,3,1,recovered
txn_50f8e96a04b0,cust_000273,2383.45,upi,otp_failed,1,0,0.5,active,new,25,720.0,0.174,0,0,not_recovered
txn_f46c8bfddb07,cust_000765,1521.16,card,bank_server_error,0,5,0.416,none,returning,10,77.9,0.088,4,1,recovered
txn_18c0235af420,cust_000511,8053.32,netbanking,otp_failed,0,24,0.329,none,loyal,9,53.0,0.067,1,0,not_recovered
txn_5d59f88badcf,cust_000767,828.22,card,card_declined_bank,0,0,0.5,none,new,14,720.0,0.114,1,1,recovered
txn_e6217748153a,cust_001316,2093.6,upi,invalid_card,0,0,0.5,active,new,18,720.0,0.09,0,0,not_recovered
txn_1ed09cac7318,cust_000348,3031.07,card,insufficient_funds,0,16,0.884,cancelled,loyal,21,38.3,0.245,1,0,not_recovered
txn_af0c361471e2,cust_001485,919.18,card,card_declined_bank,0,18,0.705,cancelled,loyal,30,10.7,0.047,1,0,not_recovered
txn_b05f65558307,cust_000761,1127.41,upi,network_timeout,1,4,0.621,paused,returning,13,9.8,0.088,1,0,not_recovered
txn_3e43eaa06852,cust_000563,1051.15,upi,bank_server_error,0,13,0.781,paused,loyal,18,22.8,0.178,3,1,recovered
txn_2521af269fb2,cust_000898,7151.33,upi,network_timeout,1,0,0.5,active,new,11,720.0,0.421,0,1,recovered
txn_c29379276ecb,cust_001242,11191.73,emi,bank_server_error,0,4,0.899,none,returning,18,192.2,0.526,2,1,recovered
txn_3a978cac2232,cust_001449,2215.68,upi,bank_server_error,0,9,0.844,none,returning,7,369.0,0.276,1,1,recovered
txn_c70c597546f6,cust_000334,1569.64,emi,card_declined_bank,0,0,0.5,paused,new,7,720.0,0.25,0,0,not_recovered
txn_e8453c7e09a5,cust_001488,1164.61,card,otp_failed,0,6,0.701,active,returning,23,80.5,0.089,1,1,recovered
txn_0c0b7a3c8731,cust_001023,2001.34,netbanking,insufficient_funds,0,6,0.778,active,returning,20,21.2,0.347,0,0,not_recovered
txn_479de864f0b0,cust_000346,1217.8,upi,network_timeout,0,7,0.679,none,returning,24,103.7,0.238,1,1,recovered
txn_ba629b39006c,cust_000157,1831.1,upi,network_timeout,1,8,0.855,active,returning,22,51.3,0.017,1,1,recovered
txn_90ded3cc94ab,cust_000214,2898.39,emi,invalid_card,1,8,0.809,none,returning,11,189.7,0.084,3,0,not_recovered
txn_8425a2d14cc9,cust_000134,1387.44,upi,risk_flagged,0,0,0.5,active,new,24,720.0,0.604,0,0,not_recovered
txn_77ddb22e9a36,cust_000326,1684.75,wallet,insufficient_funds,1,0,0.5,none,new,6,720.0,0.401,0,0,not_recovered
txn_f4ff2c28527c,cust_001209,1691.03,upi,insufficient_funds,2,12,0.756,paused,returning,0,187.9,0.011,1,1,recovered
txn_c6efea337919,cust_000477,1501.46,card,bank_server_error,0,0,0.5,none,new,6,720.0,0.377,1,0,not_recovered
txn_8d9338395897,cust_000531,1343.05,upi,otp_failed,2,0,0.5,active,new,21,720.0,0.256,1,0,not_recovered
txn_53b9760b7cea,cust_000837,3967.84,upi,insufficient_funds,0,0,0.5,active,new,20,720.0,0.306,0,0,not_recovered
txn_0615558cf529,cust_000308,405.99,wallet,network_timeout,1,0,0.5,active,new,22,720.0,0.227,0,0,not_recovered
txn_ad7ed37f71c1,cust_000700,8240.79,netbanking,insufficient_funds,0,22,0.751,active,loyal,23,96.2,0.19,1,1,recovered
txn_27cb437932c6,cust_000598,2257.42,card,insufficient_funds,1,5,0.677,none,returning,6,218.7,0.2,4,0,not_recovered
txn_28356a3c65dc,cust_000014,3459.97,card,insufficient_funds,1,20,0.89,none,loyal,24,246.0,0.127,3,0,not_recovered
txn_1ac1d7c32d96,cust_001286,3837.48,card,network_timeout,2,0,0.5,active,new,14,720.0,0.412,0,0,not_recovered
txn_e189e437fa1d,cust_000075,1056.53,upi,otp_failed,2,8,0.618,active,returning,26,272.6,0.106,2,0,not_recovered
txn_93e476369f18,cust_001170,877.5,card,bank_server_error,0,10,0.875,cancelled,returning,0,54.9,0.365,2,0,not_recovered
txn_cd8e07a65c99,cust_001130,789.15,upi,insufficient_funds,1,3,0.321,active,returning,23,7.2,0.071,2,0,not_recovered
txn_03d9b3c951e8,cust_000578,1599.81,upi,bank_server_error,0,18,0.439,none,loyal,21,32.8,0.214,2,0,not_recovered
txn_79b8d38d32fd,cust_001276,3749.15,netbanking,bank_server_error,0,18,0.907,none,loyal,15,300.5,0.07,2,0,not_recovered
txn_9fe07409a54e,cust_000831,1181.59,card,card_declined_bank,0,14,0.977,active,loyal,26,31.4,0.311,0,0,not_recovered
txn_ea82242a64b7,cust_001219,3453.48,upi,invalid_card,2,0,0.5,cancelled,new,8,720.0,0.353,0,0,not_recovered
txn_995ec5204d46,cust_001233,237.19,card,network_timeout,1,0,0.5,active,new,11,720.0,0.039,0,1,recovered
txn_21a899cf1f2f,cust_000007,1412.32,wallet,risk_flagged,0,4,0.75,none,returning,11,203.8,0.508,3,0,not_recovered
txn_b5e2f0a1e8c3,cust_001045,5712.57,card,otp_failed,2,0,0.5,none,new,14,720.0,0.337,1,0,not_recovered
txn_5b403d20ab03,cust_000717,1713.21,card,otp_failed,1,4,0.317,paused,returning,8,60.2,0.3,3,0,not_recovered
txn_3e114954bf01,cust_000226,947.45,card,insufficient_funds,0,9,0.609,none,returning,21,238.6,0.162,1,0,not_recovered
txn_d95479a0a0f7,cust_001449,1106.37,netbanking,insufficient_funds,0,9,0.656,paused,returning,3,166.0,0.189,1,1,recovered
txn_8f303550cdec,cust_000516,130.95,card,network_timeout,1,16,0.533,none,loyal,1,15.4,0.178,0,1,recovered
txn_7e1bb56754f0,cust_001540,803.82,upi,invalid_card,1,14,0.739,none,returning,4,126.2,0.226,1,0,not_recovered
txn_d74d51e5fdf8,cust_000849,5174.6,upi,otp_failed,0,0,0.5,none,new,13,720.0,0.387,1,0,not_recovered
txn_f0e037bb0e51,cust_001518,1182.82,netbanking,insufficient_funds,0,0,0.5,none,new,0,720.0,0.173,0,0,not_recovered
txn_a38ab72af1a0,cust_001028,1315.42,card,bank_server_error,0,6,0.605,none,returning,19,59.3,0.254,0,1,recovered
txn_d852210c8b94,cust_001360,245.03,card,network_timeout,0,2,0.793,active,returning,6,72.6,0.395,1,0,not_recovered
txn_6c17d95d542f,cust_000144,460.47,upi,network_timeout,0,0,0.5,active,new,23,720.0,0.222,0,1,recovered
txn_e74b7c694d89,cust_000989,5831.59,card,otp_failed,0,3,0.388,none,returning,25,7.6,0.402,1,1,recovered
txn_b82735bc96ef,cust_001148,3482.71,upi,bank_server_error,0,7,0.688,active,returning,26,77.4,0.014,3,1,recovered
txn_e921c9d40d61,cust_001356,621.61,card,card_declined_bank,1,26,0.47,none,loyal,16,57.6,0.242,0,1,recovered
txn_dd2a45e99cff,cust_001522,1132.84,upi,otp_failed,0,7,0.449,active,returning,16,11.6,0.065,2,0,not_recovered
txn_5b00947113ba,cust_001410,1946.42,card,otp_failed,0,4,0.538,none,returning,12,87.9,0.027,3,0,not_recovered
txn_e26e9ef6984f,cust_000803,680.95,upi,card_declined_bank,0,0,0.5,none,new,4,720.0,0.218,1,0,not_recovered
txn_8b8c7609ea7e,cust_000896,329.07,card,network_timeout,2,2,0.911,none,returning,7,262.7,0.343,3,1,recovered
txn_cb8f8ae57922,cust_001541,1731.44,upi,otp_failed,0,0,0.5,none,new,7,720.0,0.16,0,0,not_recovered
txn_b59f912bba2c,cust_000208,3345.42,card,card_declined_bank,0,6,0.731,active,returning,18,75.2,0.513,0,0,not_recovered
txn_ec9cf3240393,cust_000700,3403.88,emi,insufficient_funds,0,3,0.924,active,returning,0,17.7,0.107,1,1,recovered
txn_b43d634a089c,cust_000271,4392.76,upi,network_timeout,1,0,0.5,none,new,30,720.0,0.293,0,1,recovered
txn_b877d5f7a948,cust_000873,493.64,card,network_timeout,0,0,0.5,paused,new,3,720.0,0.08,0,1,recovered
txn_ff360fe6ee08,cust_001062,2105.09,card,network_timeout,0,0,0.5,none,new,10,720.0,0.146,0,0,not_recovered
txn_de74b87120d8,cust_000046,1569.31,card,bank_server_error,1,19,0.898,none,loyal,10,26.6,0.161,4,1,recovered
txn_9cc7536e91b2,cust_000986,1847.34,card,network_timeout,1,3,0.885,none,returning,26,48.5,0.246,1,1,recovered
txn_c029a336fce4,cust_001368,1651.43,card,otp_failed,0,0,0.5,none,new,19,720.0,0.084,0,0,not_recovered
txn_4158c9a9ed94,cust_000647,1102.79,wallet,network_timeout,0,22,0.572,none,loyal,29,7.9,0.143,0,1,recovered
txn_8c6cdaded6da,cust_001428,132.16,upi,network_timeout,2,5,0.931,none,returning,28,34.0,0.403,1,1,recovered
txn_fb4c96d234bb,cust_000172,5685.34,card,insufficient_funds,2,2,0.387,active,returning,24,89.4,0.336,1,0,not_recovered
txn_2bf8f4b951e6,cust_000071,2689.18,upi,network_timeout,1,19,0.867,active,loyal,4,15.1,0.124,3,0,not_recovered
txn_e5867ea59763,cust_000341,525.39,card,invalid_card,1,0,0.5,none,new,18,720.0,0.353,0,0,not_recovered
txn_be56e4aa7be3,cust_001393,3058.92,emi,insufficient_funds,1,0,0.5,none,new,18,720.0,0.251,0,0,not_recovered
txn_4a10f5bbf45e,cust_001546,1335.99,card,insufficient_funds,2,2,0.669,paused,returning,9,24.5,0.376,0,0,not_recovered
txn_f248522508a8,cust_000296,1370.49,upi,network_timeout,0,0,0.5,none,new,1,720.0,0.197,0,1,recovered
txn_6ce16d8dae9a,cust_000013,1000.67,netbanking,insufficient_funds,2,8,0.605,active,returning,1,44.2,0.364,3,0,not_recovered
txn_78d2fd4bd551,cust_001068,3239.7,card,otp_failed,1,0,0.5,paused,new,11,720.0,0.129,2,0,not_recovered
txn_7b82b7f3e96f,cust_001289,972.78,card,card_declined_bank,0,0,0.5,active,new,22,720.0,0.324,0,0,not_recovered
txn_31fb43a046fa,cust_000607,744.6,card,insufficient_funds,0,0,0.5,paused,new,5,720.0,0.133,0,0,not_recovered
txn_a35a01b83f9c,cust_000951,5533.47,netbanking,otp_failed,0,14,0.545,active,returning,29,298.4,0.095,1,0,not_recovered
txn_85830fea269d,cust_001340,1701.06,upi,bank_server_error,1,0,0.5,none,new,8,720.0,0.092,0,1,recovered
txn_fb97dfae1ae0,cust_000064,1749.81,upi,risk_flagged,1,0,0.5,none,new,21,720.0,0.22,0,0,not_recovered
txn_c671aff51ea7,cust_001361,3726.47,netbanking,bank_server_error,0,17,0.807,active,loyal,1,38.8,0.02,0,1,recovered
txn_7030960b6425,cust_000657,1095.73,netbanking,insufficient_funds,0,0,0.5,active,new,1,720.0,0.117,0,0,not_recovered
txn_e3b371d41759,cust_001433,1311.15,upi,otp_failed,0,6,0.51,active,returning,15,24.8,0.249,4,0,not_recovered
txn_ecbd5b32f729,cust_001262,2631.06,upi,card_declined_bank,0,0,0.5,none,new,4,720.0,0.383,0,0,not_recovered
txn_928fae87ef3c,cust_000221,499.08,upi,bank_server_error,0,7,0.56,none,returning,19,195.3,0.736,3,0,not_recovered
txn_f5c217e9fc17,cust_000956,2438.14,card,invalid_card,1,0,0.5,paused,new,12,720.0,0.162,1,0,not_recovered
txn_8525ae2ebf76,cust_000434,1012.18,netbanking,risk_flagged,0,11,0.801,active,returning,7,35.7,0.348,3,0,not_recovered
txn_3827145b341d,cust_001434,4315.31,card,network_timeout,0,0,0.5,none,new,30,720.0,0.37,2,0,not_recovered
txn_86729dd57800,cust_001491,3268.21,card,card_declined_bank,0,15,0.734,active,loyal,12,123.6,0.157,1,0,not_recovered
txn_7cc249529f53,cust_001490,2901.82,netbanking,otp_failed,0,19,0.922,cancelled,loyal,2,25.6,0.139,2,1,recovered
txn_8333afa3c554,cust_000400,470.47,card,bank_server_error,2,0,0.5,paused,new,4,720.0,0.045,2,0,not_recovered
txn_2ced3938ba05,cust_001281,1820.64,card,bank_server_error,1,0,0.5,cancelled,new,9,720.0,0.175,1,1,recovered
txn_343ef13ab18b,cust_000166,692.61,card,risk_flagged,1,0,0.5,cancelled,new,15,720.0,0.142,0,0,not_recovered
txn_64de2e3184a4,cust_001124,1932.99,upi,otp_failed,0,4,0.596,none,returning,17,25.3,0.259,2,0,not_recovered
txn_c171b37935e3,cust_000172,248.7,netbanking,bank_server_error,0,0,0.5,none,new,13,720.0,0.444,1,0,not_recovered
txn_3b52e25bd8b9,cust_000167,499.32,card,network_timeout,1,21,0.896,none,loyal,3,62.2,0.053,1,1,recovered
txn_14d17fcab238,cust_001455,5826.26,card,bank_server_error,0,7,0.806,paused,returning,8,48.7,0.21,2,1,recovered
txn_446873207333,cust_001186,2785.4,upi,risk_flagged,0,23,0.918,none,loyal,3,155.6,0.237,4,0,not_recovered
txn_659c5426156c,cust_000087,1453.26,wallet,card_declined_bank,0,5,0.598,none,returning,16,43.1,0.335,3,0,not_recovered
txn_0e35f2e2c15f,cust_000987,881.95,card,network_timeout,1,18,0.779,cancelled,loyal,2,76.7,0.24,2,1,recovered
txn_68f6d6699078,cust_001205,753.08,wallet,risk_flagged,0,0,0.5,paused,new,24,720.0,0.457,0,0,not_recovered
txn_964842de3b6c,cust_000587,2392.61,wallet,card_declined_bank,0,3,0.958,cancelled,returning,15,84.8,0.487,3,1,recovered
txn_d3157dc1a5d2,cust_001248,1466.64,card,bank_server_error,1,0,0.5,active,new,8,720.0,0.241,0,0,not_recovered
txn_7bfe75486b84,cust_001220,8038.38,netbanking,network_timeout,0,19,0.666,active,loyal,8,11.3,0.344,0,0,not_recovered
txn_bb26cd8c655d,cust_000512,1692.08,upi,bank_server_error,0,4,0.852,none,returning,1,53.6,0.129,1,0,not_recovered
txn_ad8571e5409f,cust_000687,2106.64,upi,network_timeout,1,8,0.746,none,loyal,1,28.6,0.11,2,1,recovered
txn_8a543d9fdb2f,cust_000499,572.69,upi,insufficient_funds,2,0,0.5,none,new,20,720.0,0.044,0,0,not_recovered
txn_8f587a9c45ef,cust_001089,1444.29,netbanking,otp_failed,0,22,0.648,active,loyal,15,26.7,0.223,1,1,recovered
txn_4a4558ff6dfd,cust_001282,2343.25,netbanking,risk_flagged,0,8,0.388,paused,returning,3,3.2,0.221,1,1,recovered
txn_2582316ae7b1,cust_001099,1428.66,netbanking,insufficient_funds,0,5,0.416,active,returning,22,16.2,0.403,2,1,recovered
txn_87a5ec696047,cust_000609,1290.69,emi,risk_flagged,0,21,0.595,none,loyal,30,1.5,0.299,2,0,not_recovered
txn_453b19f7b29a,cust_001180,2681.73,upi,risk_flagged,1,8,0.758,paused,returning,20,9.9,0.332,0,0,not_recovered
txn_5ec08133d20e,cust_001411,7811.41,netbanking,network_timeout,1,11,0.536,none,returning,27,52.4,0.283,2,0,not_recovered
txn_bfd0d40afc85,cust_000538,2276.68,netbanking,insufficient_funds,0,4,0.861,none,returning,21,267.3,0.048,3,1,recovered
txn_ab961fa8405c,cust_001406,5595.78,card,otp_failed,1,0,0.5,active,new,28,720.0,0.113,0,1,recovered
txn_25d7967a0ad7,cust_000285,3496.24,card,card_declined_bank,0,0,0.5,active,new,17,720.0,0.13,0,0,not_recovered
txn_21432ee3035b,cust_001396,5302.42,upi,insufficient_funds,0,0,0.5,none,new,25,720.0,0.436,0,0,not_recovered
txn_db4b0398c95b,cust_001128,1154.3,netbanking,otp_failed,2,0,0.5,none,new,24,720.0,0.361,1,0,not_recovered
txn_63736a31aba8,cust_000912,1658.66,card,otp_failed,0,15,0.753,active,loyal,10,28.8,0.167,1,1,recovered
txn_2ea2b7d57c07,cust_000615,1664.87,upi,card_declined_bank,0,4,0.891,cancelled,returning,1,55.9,0.31,0,0,not_recovered
txn_9cf182676eb6,cust_001149,3267.07,card,card_declined_bank,1,6,0.549,none,returning,13,174.3,0.411,0,0,not_recovered
txn_f7ac47fcc91c,cust_001509,4077.22,card,network_timeout,0,9,0.653,paused,returning,5,54.1,0.134,2,1,recovered
txn_9aa7ab516a85,cust_001361,2236.24,upi,network_timeout,0,7,0.731,none,returning,26,7.0,0.391,0,0,not_recovered
txn_9a0c9cff1a58,cust_001545,4398.58,card,network_timeout,0,7,0.803,cancelled,returning,21,38.6,0.419,1,1,recovered
txn_e387c9201e16,cust_001536,1203.51,wallet,invalid_card,0,22,0.768,active,loyal,27,244.8,0.364,2,1,recovered
txn_32f8756d22f9,cust_001464,4433.04,card,risk_flagged,0,30,0.738,active,loyal,10,614.4,0.36,4,1,recovered
txn_8fd3882d3e79,cust_000875,4985.2,wallet,card_declined_bank,0,5,0.555,paused,returning,16,497.0,0.096,1,0,not_recovered
txn_3da4bfe4b3c1,cust_000728,3676.61,card,network_timeout,0,0,0.5,paused,new,7,720.0,0.234,0,1,recovered
txn_aeeca6a0c852,cust_000615,2254.66,emi,otp_failed,0,7,0.572,none,returning,14,51.5,0.469,4,0,not_recovered
txn_913f586da5b0,cust_001465,3797.09,upi,network_timeout,1,8,0.666,active,returning,0,100.4,0.135,1,1,recovered
txn_db1d84c2ee7b,cust_000616,893.72,card,insufficient_funds,1,4,0.75,none,returning,10,70.9,0.142,2,0,not_recovered
txn_94e2cc44c981,cust_000058,2388.75,card,insufficient_funds,1,6,0.961,paused,returning,26,176.5,0.48,4,0,not_recovered
txn_998e4fa78f46,cust_000305,2618.77,card,card_declined_bank,1,7,0.967,paused,returning,19,9.3,0.325,0,0,not_recovered
txn_7c7128b5ff2c,cust_001001,603.92,upi,network_timeout,1,0,0.5,none,new,25,720.0,0.446,0,1,recovered
txn_0e19ce7fad0d,cust_000914,3062.93,netbanking,otp_failed,0,0,0.5,active,new,23,720.0,0.367,0,0,not_recovered
txn_78855db9c3ae,cust_001515,649.41,upi,invalid_card,0,8,0.627,none,returning,1,1.0,0.409,3,0,not_recovered
txn_0b1aef76fde0,cust_001495,1359.5,upi,otp_failed,0,0,0.5,none,new,14,720.0,0.348,0,0,not_recovered
txn_9d296fcdfc7b,cust_000018,2071.0,upi,network_timeout,0,0,0.5,none,new,9,720.0,0.213,3,0,not_recovered
txn_3c2ea66e348a,cust_001266,1035.19,upi,risk_flagged,2,10,0.531,none,returning,3,52.7,0.448,0,1,recovered
txn_0365fb4c2edb,cust_001179,2152.31,upi,otp_failed,0,4,0.752,cancelled,returning,6,4.3,0.524,4,1,recovered
txn_c30952db0cef,cust_001315,2121.55,upi,bank_server_error,1,0,0.5,active,new,0,720.0,0.467,0,1,recovered
txn_5427056d3463,cust_000920,955.12,upi,otp_failed,0,10,0.685,none,returning,6,132.6,0.168,3,1,recovered
txn_a6b59cc06c8d,cust_000983,3331.5,emi,risk_flagged,0,3,0.869,none,returning,20,156.5,0.212,2,1,recovered
txn_afdaccb4cc2b,cust_000105,1004.51,card,bank_server_error,0,0,0.5,none,new,8,720.0,0.256,1,0,not_recovered
txn_7fd5994bd8df,cust_000825,15664.89,card,bank_server_error,0,14,0.914,paused,loyal,22,36.4,0.023,1,1,recovered
txn_003be6e27b46,cust_000327,1810.7,card,bank_server_error,0,19,0.5,none,loyal,9,86.9,0.273,1,1,recovered
txn_ccc731f59db3,cust_000322,696.34,upi,network_timeout,1,4,0.657,none,returning,1,11.2,0.308,3,1,recovered
txn_5f98c009a4cf,cust_000210,823.94,card,card_declined_bank,0,7,0.675,active,returning,21,11.9,0.243,3,1,recovered
txn_410a38cda859,cust_000809,5612.9,wallet,network_timeout,1,0,0.5,none,new,5,720.0,0.229,0,1,recovered
txn_be2cfcf00d90,cust_001152,1382.66,upi,insufficient_funds,2,17,0.511,active,loyal,30,129.3,0.202,5,0,not_recovered
txn_ca1143ce82d9,cust_000136,585.59,upi,insufficient_funds,0,2,0.481,active,returning,13,41.5,0.204,0,0,not_recovered
txn_d00a083ea2b8,cust_001212,4308.48,netbanking,insufficient_funds,2,22,0.867,none,loyal,1,345.0,0.301,3,0,not_recovered
txn_c4e10b64c0fb,cust_001498,1374.69,card,insufficient_funds,0,7,0.612,none,returning,7,97.3,0.059,2,1,recovered
txn_2f7e8d36e033,cust_001508,3597.8,netbanking,otp_failed,0,0,0.5,cancelled,new,10,720.0,0.035,1,1,recovered
txn_c6efe2178219,cust_001047,4637.87,card,insufficient_funds,0,0,0.5,none,new,15,720.0,0.159,1,0,not_recovered
txn_3e85a10b767f,cust_001198,2558.09,upi,network_timeout,0,6,0.92,paused,returning,20,98.4,0.572,1,1,recovered
txn_4e7b91b6fbb4,cust_000081,17262.93,wallet,risk_flagged,0,3,0.788,none,returning,9,113.9,0.221,3,0,not_recovered
txn_4263ce6f7dbb,cust_001212,423.15,netbanking,invalid_card,0,0,0.5,none,new,9,720.0,0.477,0,0,not_recovered
txn_37fc94b217e3,cust_000957,957.04,netbanking,bank_server_error,1,2,0.883,cancelled,returning,28,30.8,0.248,5,0,not_recovered
txn_940cc1d86823,cust_000680,1587.07,card,insufficient_funds,0,17,0.846,none,loyal,5,42.8,0.346,2,0,not_recovered
txn_9e08fdf2f003,cust_001318,15291.56,netbanking,network_timeout,1,5,0.89,paused,returning,22,26.5,0.227,3,1,recovered
txn_bf64f3025ef9,cust_000238,10078.93,upi,network_timeout,0,8,0.601,none,returning,5,53.9,0.281,1,1,recovered
txn_32bcfb65c153,cust_001093,6372.98,upi,insufficient_funds,0,0,0.5,active,new,8,720.0,0.296,1,0,not_recovered
txn_79139186cd6b,cust_000656,977.78,card,invalid_card,0,7,0.494,none,returning,18,58.7,0.088,3,0,not_recovered
txn_988cab5bd0ec,cust_001273,1085.98,card,card_declined_bank,0,0,0.5,active,new,3,720.0,0.21,0,0,not_recovered
txn_5dd2954b0ddc,cust_000163,947.94,upi,insufficient_funds,0,12,0.753,active,loyal,4,25.3,0.14,0,1,recovered
txn_38c0ed611164,cust_000243,987.24,card,invalid_card,1,2,0.637,active,returning,26,352.6,0.213,3,0,not_recovered
txn_13f811b61489,cust_001312,7657.45,upi,bank_server_error,0,5,0.703,active,returning,2,22.7,0.066,0,0,not_recovered
txn_4739f653647b,cust_000949,1604.57,netbanking,insufficient_funds,0,0,0.5,none,new,4,720.0,0.209,0,0,not_recovered
txn_85980d7fa2e0,cust_000689,1807.41,wallet,bank_server_error,1,0,0.5,paused,new,23,720.0,0.111,0,0,not_recovered
txn_2b1da65fe5ee,cust_001116,4011.61,card,network_timeout,1,10,0.72,none,returning,14,3.5,0.099,2,0,not_recovered
txn_e0418277444b,cust_001230,447.12,wallet,risk_flagged,2,5,0.795,paused,returning,10,41.1,0.115,0,0,not_recovered
txn_b4fbb930edb3,cust_000767,2095.15,card,insufficient_funds,0,9,0.77,none,returning,25,123.2,0.251,1,1,recovered
txn_1a15cd17fb5c,cust_001476,744.58,upi,otp_failed,1,23,0.7,active,loyal,27,53.4,0.247,1,1,recovered
txn_33dcf1f1f742,cust_001375,1533.07,netbanking,insufficient_funds,0,23,0.859,active,loyal,3,21.7,0.177,3,1,recovered
txn_0d2fcb87ebe2,cust_000547,1178.76,card,risk_flagged,1,20,0.973,cancelled,loyal,15,28.9,0.125,2,1,recovered
txn_db1e7f28e989,cust_000737,1125.31,card,otp_failed,0,0,0.5,none,new,28,720.0,0.322,0,0,not_recovered
txn_3b4df7a869c0,cust_000321,2447.99,card,bank_server_error,0,9,0.879,cancelled,returning,4,10.4,0.154,2,0,not_recovered
txn_f79dc53e17e1,cust_000321,2438.39,upi,network_timeout,2,17,0.411,none,loyal,12,24.2,0.004,2,1,recovered
txn_f9f9c176ede0,cust_000380,1639.52,netbanking,risk_flagged,1,4,0.825,none,returning,5,91.8,0.282,0,1,recovered
txn_3e867688d283,cust_000035,2789.5,card,bank_server_error,0,0,0.5,paused,new,4,720.0,0.095,0,1,recovered
txn_ece55657c62c,cust_001152,914.38,card,insufficient_funds,0,30,0.771,cancelled,loyal,27,230.0,0.125,0,0,not_recovered
txn_5a523faec6e1,cust_000186,3690.17,upi,risk_flagged,1,8,0.671,active,returning,20,2.2,0.134,1,0,not_recovered
txn_551f5de38f5c,cust_000373,1659.75,card,network_timeout,0,5,0.849,cancelled,returning,3,3.1,0.562,0,1,recovered
txn_e8ba4c2bab71,cust_000655,1292.98,upi,insufficient_funds,0,16,0.863,none,loyal,10,58.1,0.385,1,0,not_recovered
txn_980a7a2e0cac,cust_000518,977.23,wallet,bank_server_error,0,5,0.868,paused,returning,9,226.7,0.021,3,0,not_recovered
txn_af5a517951c7,cust_001235,1607.99,netbanking,insufficient_funds,0,11,0.559,none,returning,28,23.4,0.461,1,0,not_recovered
txn_6a4e24fa7274,cust_000946,10759.83,wallet,bank_server_error,0,9,0.704,none,returning,9,15.6,0.299,3,1,recovered
txn_85b3e6133f0e,cust_000128,1887.52,upi,insufficient_funds,1,4,0.536,none,returning,3,18.9,0.309,0,0,not_recovered
txn_c627d1738151,cust_000691,713.4,netbanking,network_timeout,0,0,0.5,paused,new,30,720.0,0.178,1,0,not_recovered
txn_2ba6073c493a,cust_001155,4568.49,card,network_timeout,1,6,0.801,active,returning,1,3.6,0.506,2,0,not_recovered
txn_fcd2f589326e,cust_000330,1306.71,card,network_timeout,2,14,0.827,none,loyal,30,155.3,0.373,1,1,recovered
txn_cceffacc918b,cust_000192,2579.58,upi,invalid_card,0,0,0.5,none,new,10,720.0,0.646,1,0,not_recovered
txn_449709be8c05,cust_000748,1158.53,card,otp_failed,1,0,0.5,none,new,21,720.0,0.065,1,0,not_recovered
txn_b335a45d76a3,cust_000735,6327.72,wallet,bank_server_error,0,11,0.74,none,loyal,16,28.3,0.288,3,0,not_recovered
txn_035bad77cda0,cust_000689,1174.17,upi,insufficient_funds,2,0,0.5,none,new,7,720.0,0.282,0,0,not_recovered
txn_c046d6a7b970,cust_000979,7030.92,wallet,otp_failed,0,4,0.91,none,returning,16,12.8,0.745,2,0,not_recovered
txn_cc22f1bfc743,cust_001014,777.17,card,network_timeout,0,4,0.864,none,returning,5,60.0,0.208,1,0,not_recovered
txn_23d7118379b5,cust_000540,1535.15,upi,insufficient_funds,0,12,0.913,none,returning,15,27.3,0.399,3,1,recovered
txn_4e1f5560bd79,cust_000626,7044.46,upi,otp_failed,2,0,0.5,none,new,1,720.0,0.363,0,0,not_recovered
txn_a61b300c171c,cust_001310,2324.72,card,bank_server_error,0,2,0.233,paused,returning,7,150.2,0.243,0,0,not_recovered
txn_b4f3cee20c39,cust_001253,15433.86,upi,card_declined_bank,1,6,0.534,none,returning,1,143.8,0.087,3,0,not_recovered
txn_1189d4c75945,cust_000262,1568.34,upi,risk_flagged,0,7,0.559,active,returning,19,36.3,0.333,1,0,not_recovered
txn_6d35ad89e500,cust_000365,2518.3,emi,card_declined_bank,1,0,0.5,none,new,29,720.0,0.148,0,0,not_recovered
txn_7ae1960c13bc,cust_000902,11099.27,upi,network_timeout,0,1,0.869,active,returning,1,80.0,0.435,2,0,not_recovered
txn_aea814d44b74,cust_000783,511.56,card,network_timeout,0,10,0.843,active,returning,18,1.1,0.316,0,1,recovered
txn_598f729fc81e,cust_000961,457.61,upi,network_timeout,0,0,0.5,paused,new,15,720.0,0.328,0,1,recovered
txn_5c14d2546db2,cust_001242,976.57,upi,card_declined_bank,0,0,0.5,none,new,6,720.0,0.21,0,1,recovered
txn_3796321f274f,cust_000557,4154.87,card,risk_flagged,1,0,0.5,none,new,21,720.0,0.077,0,0,not_recovered
txn_e8d3abbd92c8,cust_000416,469.25,upi,risk_flagged,1,0,0.5,cancelled,new,24,720.0,0.037,1,1,recovered
txn_18463712cbef,cust_000002,3419.82,card,insufficient_funds,0,0,0.5,active,new,28,720.0,0.055,0,0,not_recovered
txn_7d4533d1bb74,cust_000366,3210.03,card,risk_flagged,0,19,0.711,active,loyal,2,17.4,0.605,1,0,not_recovered
txn_2494a6ce4a2a,cust_001494,12245.96,upi,bank_server_error,0,4,0.66,active,returning,5,21.3,0.481,7,1,recovered
txn_07b856784a70,cust_000888,5120.14,card,card_declined_bank,1,16,0.603,active,loyal,16,15.8,0.252,1,1,recovered
txn_b1d82c377452,cust_001357,2772.89,upi,bank_server_error,1,29,0.723,none,loyal,23,199.8,0.222,1,0,not_recovered
txn_2a67bd79646c,cust_000835,6790.09,card,network_timeout,1,0,0.5,paused,new,6,720.0,0.303,1,1,recovered
txn_951927796205,cust_001449,3245.46,upi,network_timeout,1,7,0.805,none,returning,11,54.7,0.093,3,1,recovered
txn_9fe785729e11,cust_001475,1320.73,card,invalid_card,0,20,0.352,active,loyal,13,199.8,0.282,2,0,not_recovered
txn_f9dd4f1a2f10,cust_000508,713.27,wallet,bank_server_error,0,4,0.423,none,returning,20,43.4,0.307,3,0,not_recovered
txn_6e54e57ca60c,cust_001247,1197.0,card,insufficient_funds,1,10,0.93,active,returning,7,28.5,0.433,3,0,not_recovered
txn_13496f38d356,cust_000194,1927.41,upi,insufficient_funds,0,3,0.849,none,returning,9,69.2,0.528,3,0,not_recovered
txn_75d5484c5154,cust_000476,2339.09,card,insufficient_funds,0,0,0.5,none,new,4,720.0,0.586,1,1,recovered
txn_2239529efa53,cust_000663,292.46,card,invalid_card,0,12,0.925,active,returning,6,132.1,0.29,3,0,not_recovered
txn_84ae6e7fbbf8,cust_000220,1639.91,upi,network_timeout,1,20,0.555,paused,loyal,28,56.4,0.248,5,0,not_recovered
txn_7ab837746cae,cust_000086,2050.26,netbanking,network_timeout,1,19,0.439,paused,loyal,23,3.5,0.168,1,1,recovered
txn_7456eac9802b,cust_000388,3270.78,wallet,card_declined_bank,2,0,0.5,none,new,28,720.0,0.432,1,0,not_recovered
txn_cacddf51984b,cust_000515,8639.68,card,bank_server_error,0,7,0.697,none,returning,29,1.5,0.183,2,1,recovered
txn_5f7a595d8a32,cust_000627,2361.58,card,network_timeout,0,0,0.5,none,new,15,720.0,0.143,0,1,recovered
txn_c29fa2554e86,cust_000884,881.3,upi,network_timeout,0,21,0.598,active,loyal,5,97.0,0.416,6,1,recovered
txn_c82fe958137a,cust_000139,389.06,upi,insufficient_funds,1,0,0.5,active,new,24,720.0,0.504,0,0,not_recovered
txn_5d5a8ceb2dc2,cust_001023,3708.23,card,insufficient_funds,0,15,0.704,none,loyal,30,70.1,0.228,2,1,recovered
txn_50b555fae7a2,cust_000413,913.99,netbanking,network_timeout,2,16,0.579,cancelled,loyal,6,119.7,0.217,1,1,recovered
txn_05114b7c4bd7,cust_001265,4359.68,upi,network_timeout,0,0,0.5,none,new,23,720.0,0.578,0,0,not_recovered
txn_c73d60d0ff76,cust_001243,7028.15,upi,card_declined_bank,1,0,0.5,none,new,12,720.0,0.192,1,0,not_recovered
txn_bc4048ad4df6,cust_000927,497.87,card,risk_flagged,1,14,0.408,none,loyal,28,67.7,0.211,2,1,recovered
txn_26a3b10adb54,cust_000895,3289.54,upi,risk_flagged,0,0,0.5,none,new,6,720.0,0.332,1,0,not_recovered
txn_2828d6cd0a4f,cust_000575,6395.57,card,insufficient_funds,1,8,0.557,active,returning,20,91.3,0.169,2,1,recovered
txn_c487570975eb,cust_000059,4999.71,netbanking,insufficient_funds,0,7,0.543,none,loyal,2,13.2,0.231,4,1,recovered
txn_20ca3fa078a3,cust_000918,302.86,card,invalid_card,1,6,0.901,cancelled,returning,28,244.0,0.159,1,0,not_recovered
txn_cbeeb690378b,cust_000014,926.78,netbanking,card_declined_bank,1,11,0.401,paused,returning,13,105.8,0.235,3,0,not_recovered
txn_38a06c0acc68,cust_001319,631.34,netbanking,bank_server_error,0,4,0.644,cancelled,returning,15,32.4,0.426,1,1,recovered
txn_7b8ab0c73554,cust_000596,3200.7,upi,insufficient_funds,0,0,0.5,active,new,23,720.0,0.175,1,0,not_recovered
txn_30719f1211e2,cust_000851,2898.63,card,insufficient_funds,2,17,0.867,none,loyal,7,14.9,0.127,2,1,recovered
txn_4149dd87a4e8,cust_000065,176.25,card,bank_server_error,2,0,0.5,none,new,23,720.0,0.125,0,0,not_recovered
txn_941ef51fcbc0,cust_000523,1524.24,upi,bank_server_error,0,0,0.5,active,new,3,720.0,0.027,0,1,recovered
txn_da3793b656d9,cust_000476,4107.82,upi,network_timeout,2,0,0.5,active,new,13,720.0,0.517,0,0,not_recovered
txn_9776a95a75be,cust_000870,2282.85,wallet,invalid_card,0,22,0.896,paused,loyal,10,83.9,0.371,1,1,recovered
txn_35feeb118381,cust_000356,2279.34,card,otp_failed,0,0,0.5,none,new,13,720.0,0.062,0,1,recovered
txn_8da1f67c51db,cust_000411,1438.72,wallet,otp_failed,0,18,0.755,none,loyal,17,125.9,0.082,2,1,recovered
txn_2cdd1e4702ec,cust_000748,770.43,card,network_timeout,0,9,0.884,active,returning,18,154.0,0.572,4,0,not_recovered
txn_8426723007c4,cust_000883,1967.76,card,card_declined_bank,0,22,0.842,none,loyal,6,140.0,0.329,1,0,not_recovered
txn_38a6be225665,cust_000861,2094.11,card,card_declined_bank,1,16,0.575,active,loyal,28,27.4,0.238,2,0,not_recovered
txn_c84b07cdf88c,cust_000510,3476.32,upi,network_timeout,0,18,0.987,active,loyal,20,47.1,0.347,0,0,not_recovered
txn_da679ada861f,cust_001059,3740.03,card,otp_failed,0,20,0.638,none,loyal,4,9.4,0.203,4,1,recovered
txn_9fd3bda7022a,cust_000201,2158.73,card,otp_failed,1,0,0.5,none,new,4,720.0,0.169,1,0,not_recovered
txn_650ceec3fb52,cust_000656,5353.03,netbanking,card_declined_bank,1,8,0.714,cancelled,returning,12,103.2,0.28,2,0,not_recovered
txn_d694bd4cf755,cust_001511,1425.91,upi,network_timeout,2,7,0.869,none,returning,30,91.1,0.328,2,1,recovered
txn_5d050a2ec248,cust_000929,544.78,card,risk_flagged,0,4,0.587,active,returning,28,4.5,0.198,1,0,not_recovered
txn_5a1a7b517f55,cust_000230,3069.74,card,bank_server_error,1,17,0.924,active,loyal,7,64.1,0.144,1,1,recovered
txn_1ff52fdaaa17,cust_000955,2238.9,upi,network_timeout,0,14,0.375,none,loyal,17,35.4,0.409,3,1,recovered
txn_de47ee46bb54,cust_001262,3125.15,card,network_timeout,0,5,0.772,active,returning,10,23.8,0.346,3,1,recovered
txn_237dbcd0a483,cust_000512,640.34,card,network_timeout,1,5,0.827,active,returning,24,72.1,0.256,0,1,recovered
txn_f27f06d20537,cust_000299,10013.77,upi,insufficient_funds,0,8,0.83,none,returning,22,11.6,0.07,1,1,recovered
txn_bb57fdf65668,cust_000453,3787.46,card,bank_server_error,1,9,0.701,active,returning,14,169.4,0.422,0,0,not_recovered
txn_d759ff24a263,cust_001168,1541.95,upi,card_declined_bank,0,5,0.731,none,returning,10,23.1,0.04,1,0,not_recovered
txn_7c190b83300d,cust_001034,861.0,card,network_timeout,0,5,0.675,none,returning,28,93.9,0.318,3,1,recovered
txn_405d28207e72,cust_001004,5268.17,card,invalid_card,0,0,0.5,active,new,12,720.0,0.474,0,0,not_recovered
txn_7d9c8099f091,cust_000350,741.3,card,network_timeout,0,0,0.5,paused,new,27,720.0,0.084,1,0,not_recovered
txn_cd43c2acd32c,cust_000089,15294.19,card,otp_failed,0,5,0.8,none,returning,0,156.8,0.344,1,1,recovered
txn_78979f3e58ee,cust_000095,1150.69,card,risk_flagged,0,5,0.697,none,returning,13,36.1,0.244,3,0,not_recovered
txn_464b970d6086,cust_000764,9399.9,card,card_declined_bank,0,20,0.604,active,loyal,16,15.0,0.269,2,0,not_recovered
txn_8f3a30351cc2,cust_000083,1692.52,wallet,otp_failed,1,6,0.629,none,returning,0,8.7,0.173,1,1,recovered
txn_0810e97b2bc7,cust_001456,8288.9,netbanking,card_declined_bank,0,0,0.5,active,new,1,720.0,0.176,0,0,not_recovered
txn_bdf3ed1545ae,cust_000519,1031.34,card,network_timeout,0,0,0.5,none,new,17,720.0,0.262,0,0,not_recovered
txn_aa1b969c48ad,cust_000842,2032.36,upi,network_timeout,0,0,0.5,active,new,23,720.0,0.146,0,1,recovered
txn_39730da5f4f7,cust_001514,4122.74,upi,bank_server_error,0,17,0.884,cancelled,loyal,6,7.9,0.162,0,0,not_recovered
txn_37a25a4df806,cust_000765,3625.94,netbanking,network_timeout,0,0,0.5,active,new,27,720.0,0.254,1,0,not_recovered
txn_c61ef14eb164,cust_000766,5381.3,card,insufficient_funds,1,4,0.753,cancelled,returning,7,33.7,0.069,3,0,not_recovered
txn_4b546ae72245,cust_000121,1288.55,card,insufficient_funds,1,18,0.712,cancelled,loyal,1,225.2,0.349,1,0,not_recovered
txn_90a2daae746e,cust_000487,2156.68,card,risk_flagged,0,20,0.792,none,loyal,13,11.8,0.604,2,1,recovered
txn_8e9a63a3b9e9,cust_000118,6145.96,card,risk_flagged,1,0,0.5,none,new,3,720.0,0.126,0,0,not_recovered
txn_9b67d4661461,cust_001036,1059.2,card,card_declined_bank,0,0,0.5,none,new,13,720.0,0.358,0,0,not_recovered
txn_09b69b62180d,cust_000741,3345.22,wallet,card_declined_bank,0,0,0.5,cancelled,new,1,720.0,0.445,0,0,not_recovered
txn_75e48152a5b8,cust_000219,1640.5,wallet,network_timeout,0,0,0.5,none,new,26,720.0,0.119,1,0,not_recovered
txn_c5f324765c90,cust_001533,2404.96,card,network_timeout,0,0,0.5,none,new,19,720.0,0.118,0,0,not_recovered
txn_bfdbd8b55b96,cust_001346,2156.18,upi,otp_failed,0,12,0.618,active,returning,0,1.0,0.226,4,1,recovered
txn_6eb3c2f951ce,cust_000066,982.94,card,otp_failed,0,13,0.821,paused,loyal,28,117.5,0.236,2,1,recovered
txn_1d3c3aab4af8,cust_001541,1580.31,upi,insufficient_funds,0,7,0.84,active,returning,9,156.1,0.168,2,0,not_recovered
txn_8839d1413ca0,cust_001007,2276.6,upi,bank_server_error,0,6,0.607,active,returning,15,173.6,0.245,0,0,not_recovered
txn_9baf9e5a6fb5,cust_000966,1821.74,card,bank_server_error,0,0,0.5,active,new,19,720.0,0.277,1,1,recovered
txn_d15a83b1f604,cust_001366,8229.35,netbanking,insufficient_funds,1,20,0.731,none,loyal,12,86.4,0.192,2,0,not_recovered
txn_c4999ceff91a,cust_000186,4959.0,emi,insufficient_funds,1,4,0.749,paused,returning,19,12.7,0.183,3,0,not_recovered
txn_5f2840a43fb4,cust_001419,2594.07,upi,insufficient_funds,0,9,0.733,paused,loyal,4,186.2,0.346,0,1,recovered
txn_a00891d062af,cust_001433,1005.43,upi,otp_failed,0,22,0.739,active,loyal,9,77.0,0.316,0,1,recovered
txn_86bb6ef419fd,cust_001128,951.82,upi,invalid_card,0,0,0.5,none,new,20,720.0,0.251,1,0,not_recovered
txn_385256fee848,cust_000171,11806.79,card,bank_server_error,1,0,0.5,paused,new,5,720.0,0.1,0,0,not_recovered
txn_43d776b484ff,cust_000850,805.21,card,card_declined_bank,0,0,0.5,none,new,9,720.0,0.418,0,0,not_recovered
txn_b5e0e15ca773,cust_000205,2213.82,upi,card_declined_bank,0,7,0.656,active,returning,8,157.1,0.21,4,0,not_recovered
txn_b9323d8d98d1,cust_000455,2765.16,card,network_timeout,2,19,0.752,none,loyal,3,10.5,0.207,4,0,not_recovered
txn_b7c87fd84340,cust_001111,1509.92,netbanking,otp_failed,0,5,0.861,none,returning,27,33.9,0.22,2,0,not_recovered
txn_569131d31299,cust_000602,810.8,upi,bank_server_error,0,9,0.716,cancelled,returning,30,48.9,0.312,2,1,recovered
txn_825c256b6fd5,cust_001122,985.94,upi,otp_failed,1,10,0.911,none,returning,8,83.1,0.029,3,1,recovered
txn_3265b1269192,cust_000738,1221.88,card,network_timeout,2,0,0.5,active,new,26,720.0,0.181,1,0,not_recovered
txn_b0f49de989dd,cust_000350,1055.17,emi,risk_flagged,0,0,0.5,none,new,15,720.0,0.263,0,0,not_recovered
txn_5b340a535ddb,cust_000630,6600.81,card,invalid_card,0,5,0.275,active,returning,7,160.9,0.331,2,0,not_recovered
txn_530d283e5b28,cust_001060,1981.85,card,network_timeout,0,11,0.89,paused,returning,29,70.7,0.269,0,0,not_recovered
txn_5924f3fba9ab,cust_001263,1247.1,card,network_timeout,0,6,0.745,none,returning,4,198.8,0.045,4,1,recovered
txn_0c5f0c5f2e81,cust_001436,2200.11,upi,network_timeout,0,0,0.5,active,new,3,720.0,0.177,0,0,not_recovered
txn_70d86f658159,cust_001434,3645.18,emi,card_declined_bank,0,14,0.547,none,returning,12,39.2,0.389,4,1,recovered
txn_8813e8f6e57b,cust_001293,1465.34,card,otp_failed,1,0,0.5,active,new,26,720.0,0.168,2,0,not_recovered
txn_11dcf13b74d8,cust_000582,4499.78,wallet,network_timeout,1,15,0.418,active,loyal,9,24.7,0.064,3,0,not_recovered
txn_5f1d0ef4c46c,cust_000411,636.49,card,card_declined_bank,2,0,0.5,none,new,23,720.0,0.054,0,0,not_recovered
txn_fc7fab9031f6,cust_000737,5734.03,upi,insufficient_funds,1,0,0.5,paused,new,27,720.0,0.199,0,0,not_recovered
txn_75771d360839,cust_000534,1982.16,card,bank_server_error,0,8,0.683,paused,returning,15,128.4,0.133,4,0,not_recovered
txn_667e493f53e7,cust_001091,1913.69,upi,insufficient_funds,0,9,0.758,none,returning,3,65.1,0.323,1,0,not_recovered
txn_9616eaab9003,cust_001512,1070.93,upi,bank_server_error,0,7,0.849,active,returning,29,5.2,0.072,1,1,recovered
txn_5d9295e19e74,cust_001489,661.78,upi,bank_server_error,0,4,0.735,none,returning,24,508.1,0.578,1,0,not_recovered
txn_1f288ba01572,cust_000719,445.86,card,insufficient_funds,0,19,0.739,none,loyal,2,38.0,0.149,1,0,not_recovered
txn_cc7b8e87da1c,cust_000718,1005.76,netbanking,bank_server_error,1,9,0.923,active,returning,18,70.1,0.576,1,0,not_recovered
txn_cbe2e444ee13,cust_001330,3391.09,emi,risk_flagged,0,6,0.817,paused,returning,26,1.9,0.315,2,0,not_recovered
txn_bafe709f5cfb,cust_001030,841.22,upi,bank_server_error,0,9,0.465,cancelled,returning,17,30.2,0.18,2,0,not_recovered
txn_45c05c9683fb,cust_000048,495.91,upi,risk_flagged,0,0,0.5,active,new,6,720.0,0.257,1,1,recovered
txn_90567b786fac,cust_000343,881.69,netbanking,bank_server_error,2,6,0.789,paused,returning,28,196.9,0.157,2,1,recovered
txn_785ce9008b0e,cust_000050,1413.25,card,card_declined_bank,1,0,0.5,none,new,10,720.0,0.205,0,0,not_recovered
txn_aded60b331b2,cust_000089,1464.18,netbanking,insufficient_funds,0,8,0.917,active,returning,0,183.5,0.34,0,1,recovered
txn_b7cbdeb4631f,cust_000257,1779.34,card,card_declined_bank,0,0,0.5,none,new,3,720.0,0.216,0,0,not_recovered
txn_64d3e29b1f53,cust_000704,5061.13,netbanking,insufficient_funds,2,23,0.594,active,loyal,14,69.0,0.257,2,1,recovered
txn_c6eb10d9ebc5,cust_000422,6150.75,card,network_timeout,0,2,0.585,active,returning,15,3.4,0.379,3,1,recovered
txn_9fc428f2909b,cust_000919,12147.96,card,network_timeout,1,20,0.459,cancelled,loyal,19,20.5,0.285,3,1,recovered
txn_bcd03ee9142f,cust_001370,462.93,upi,network_timeout,1,6,0.837,none,returning,5,122.8,0.082,2,1,recovered
txn_b626a5411878,cust_000141,924.92,upi,invalid_card,1,0,0.5,active,new,3,720.0,0.553,0,0,not_recovered
txn_c5b5659b4182,cust_000222,3746.72,netbanking,invalid_card,0,9,0.648,none,loyal,7,63.8,0.284,2,0,not_recovered
txn_91e015f7a66a,cust_000895,1327.92,emi,card_declined_bank,2,2,0.74,cancelled,returning,1,241.1,0.073,5,0,not_recovered
txn_9d4707292f75,cust_001272,4336.0,card,network_timeout,0,9,0.344,none,returning,1,203.8,0.082,2,1,recovered
txn_1bb0da0f9ca8,cust_001000,2407.64,card,risk_flagged,0,8,0.359,cancelled,returning,19,80.6,0.071,0,0,not_recovered
txn_87c27f0b7c6e,cust_001071,8277.4,card,card_declined_bank,0,6,0.858,paused,returning,9,102.1,0.42,2,1,recovered
txn_e84b11d43ea4,cust_001438,5107.39,upi,insufficient_funds,0,17,0.992,none,loyal,4,77.9,0.018,0,1,recovered
txn_48dab0ec8f10,cust_000727,5192.21,upi,bank_server_error,0,8,0.683,none,returning,5,28.7,0.315,1,1,recovered
txn_65fffa20cb84,cust_000445,1379.28,netbanking,otp_failed,1,0,0.5,none,new,24,720.0,0.367,0,0,not_recovered
txn_98e00b161acd,cust_000813,1830.39,netbanking,network_timeout,1,3,0.921,paused,returning,21,42.0,0.133,1,0,not_recovered
txn_4c3519de9fae,cust_001277,1518.19,card,bank_server_error,0,3,0.659,none,returning,1,419.3,0.504,1,1,recovered
txn_35d6a0af1a7e,cust_000899,515.27,upi,card_declined_bank,1,16,0.584,active,loyal,19,213.5,0.198,0,1,recovered
txn_e7c52cc293d3,cust_001495,7514.52,upi,network_timeout,2,3,0.862,active,returning,19,40.8,0.214,3,0,not_recovered
txn_10111fc24236,cust_000471,3908.26,upi,bank_server_error,0,5,0.798,none,returning,20,70.6,0.406,1,1,recovered
txn_3e3800ceaa64,cust_001023,1464.8,card,bank_server_error,1,14,0.767,paused,loyal,24,37.0,0.108,3,0,not_recovered
txn_a251bf94aaaf,cust_001235,6464.84,card,card_declined_bank,2,7,0.798,paused,returning,20,209.2,0.369,2,0,not_recovered
txn_d733028e6ebf,cust_000764,1133.05,upi,invalid_card,1,8,0.753,none,returning,22,53.9,0.098,0,0,not_recovered
txn_224a4252788b,cust_000260,382.1,card,risk_flagged,0,2,0.695,active,returning,3,2.3,0.431,0,0,not_recovered
txn_4fba459a4de8,cust_001421,4947.48,netbanking,otp_failed,1,0,0.5,active,new,28,720.0,0.42,1,0,not_recovered
txn_d0a96f6b4270,cust_000258,632.26,card,otp_failed,1,4,0.491,paused,returning,6,23.5,0.091,2,0,not_recovered
txn_2a55a4449ade,cust_000826,1675.39,upi,otp_failed,0,0,0.5,none,new,23,720.0,0.123,0,0,not_recovered
txn_0fc152455629,cust_000957,2405.49,upi,bank_server_error,0,0,0.5,paused,new,22,720.0,0.218,1,0,not_recovered
txn_0a90bd8b0d01,cust_000319,2826.85,wallet,network_timeout,0,7,0.753,active,returning,15,66.9,0.436,1,1,recovered
txn_e59e02900ae9,cust_000496,4287.94,card,otp_failed,0,6,0.882,none,returning,14,11.2,0.467,1,1,recovered
txn_d145b2ad433d,cust_000965,3370.33,card,card_declined_bank,0,20,0.948,cancelled,loyal,27,34.3,0.048,2,1,recovered
txn_77a2a09dab75,cust_000021,3277.72,card,bank_server_error,0,0,0.5,active,new,19,720.0,0.29,2,0,not_recovered
txn_e8323f4ce9d1,cust_001178,980.76,upi,risk_flagged,1,0,0.5,active,new,8,720.0,0.344,0,1,recovered
txn_182f2b8ea507,cust_000996,2604.04,card,otp_failed,1,32,0.475,none,loyal,1,95.0,0.111,2,0,not_recovered
txn_098bdba11da3,cust_001160,515.43,netbanking,insufficient_funds,0,0,0.5,none,new,4,720.0,0.32,0,0,not_recovered
txn_7d289a867768,cust_001248,8151.23,card,network_timeout,0,0,0.5,cancelled,new,11,720.0,0.355,0,1,recovered
txn_c670073f7b35,cust_001230,565.49,card,network_timeout,0,0,0.5,cancelled,new,20,720.0,0.119,1,0,not_recovered
txn_12b3234d1244,cust_001030,1462.94,upi,insufficient_funds,0,7,0.478,none,returning,13,24.2,0.458,4,0,not_recovered
txn_59172031c882,cust_000685,609.73,netbanking,bank_server_error,1,21,0.781,active,loyal,23,156.9,0.308,2,1,recovered
txn_23bd4939cb58,cust_000735,1035.72,netbanking,network_timeout,0,9,0.753,none,returning,21,23.6,0.312,0,0,not_recovered
txn_b7e1d9c8cc21,cust_001104,2022.49,upi,network_timeout,2,8,0.929,paused,returning,21,20.1,0.202,1,1,recovered
txn_445f01a918e0,cust_001070,1241.55,upi,insufficient_funds,0,0,0.5,none,new,28,720.0,0.187,1,1,recovered
txn_8baf72c962ae,cust_000137,5596.08,upi,card_declined_bank,0,3,0.455,cancelled,returning,2,132.3,0.225,3,1,recovered
txn_01f63e758729,cust_000681,2450.9,upi,card_declined_bank,1,8,0.764,none,returning,17,45.3,0.304,1,0,not_recovered
txn_6da465699614,cust_001157,1317.36,card,insufficient_funds,0,0,0.5,active,new,10,720.0,0.494,1,1,recovered
txn_14d9f0e26e48,cust_000997,1771.84,upi,network_timeout,0,0,0.5,none,new,23,720.0,0.049,0,1,recovered
txn_e69ebb401b64,cust_000081,5989.3,netbanking,network_timeout,0,0,0.5,none,new,25,720.0,0.259,0,0,not_recovered
txn_a62896e6230d,cust_000646,4527.77,card,network_timeout,1,0,0.5,active,new,19,720.0,0.093,0,1,recovered
txn_8d252484aae2,cust_001279,717.02,upi,insufficient_funds,0,7,0.815,none,returning,22,90.5,0.352,1,1,recovered
txn_5459079a31ca,cust_001132,1082.92,upi,network_timeout,1,6,0.68,none,returning,28,145.0,0.216,2,0,not_recovered
txn_06a6763d92a9,cust_000173,3063.49,upi,insufficient_funds,1,0,0.5,active,new,17,720.0,0.089,0,0,not_recovered
txn_62a21b0cdf7d,cust_001480,2746.36,card,invalid_card,1,8,0.838,none,returning,25,1.3,0.422,1,0,not_recovered
txn_346709654b6f,cust_000309,776.39,upi,bank_server_error,1,4,0.72,none,returning,3,11.9,0.259,2,1,recovered
txn_7fd78ab1f689,cust_001156,3921.44,netbanking,card_declined_bank,1,3,0.742,paused,returning,7,111.6,0.663,4,0,not_recovered
txn_1aaed95a679b,cust_001320,896.24,card,network_timeout,1,21,0.595,none,loyal,28,499.7,0.248,2,1,recovered
txn_8ec766aefd19,cust_000924,6460.38,card,insufficient_funds,0,4,0.941,cancelled,returning,6,687.9,0.221,1,0,not_recovered
txn_d392e5673b1b,cust_000145,3217.96,card,invalid_card,1,16,0.749,cancelled,loyal,0,7.9,0.132,3,0,not_recovered
txn_6a2af7b18a10,cust_000226,721.45,card,insufficient_funds,1,0,0.5,none,new,28,720.0,0.071,0,0,not_recovered
txn_0cd4f886ca9f,cust_000300,1241.2,emi,otp_failed,0,8,0.53,active,returning,11,3.7,0.024,2,1,recovered
txn_94f6997b873c,cust_000139,1221.93,upi,invalid_card,1,0,0.5,paused,new,18,720.0,0.049,0,0,not_recovered
txn_ef700767d62e,cust_000037,2307.43,card,bank_server_error,0,8,0.74,active,returning,23,22.0,0.332,2,1,recovered
txn_f09a7a3b776b,cust_000026,1663.07,card,insufficient_funds,0,10,0.517,paused,returning,13,38.8,0.417,2,1,recovered
txn_61334f647811,cust_000732,712.7,emi,bank_server_error,0,0,0.5,none,new,0,720.0,0.083,0,0,not_recovered
txn_6e1e1d708893,cust_000764,569.73,card,network_timeout,0,4,0.576,none,returning,21,1.0,0.088,0,1,recovered
txn_4a08364683d4,cust_000547,3275.16,upi,network_timeout,0,0,0.5,none,new,20,720.0,0.29,0,0,not_recovered
txn_e87ccba3f31f,cust_000420,2585.34,card,network_timeout,0,0,0.5,none,new,8,720.0,0.253,0,0,not_recovered
txn_35b76a0fbf8e,cust_000240,2197.3,card,risk_flagged,0,0,0.5,cancelled,new,20,720.0,0.283,0,0,not_recovered
txn_8e5f3941d9c5,cust_000262,2549.52,upi,otp_failed,0,1,0.761,active,returning,25,59.6,0.22,5,0,not_recovered
txn_7d8dfa67a56a,cust_000708,1144.79,card,insufficient_funds,0,0,0.5,cancelled,new,30,720.0,0.232,0,0,not_recovered
txn_166dfbbfab7c,cust_000400,2358.06,upi,insufficient_funds,0,7,0.908,active,returning,16,184.9,0.371,5,0,not_recovered
txn_80c0afa8e570,cust_000827,19626.87,card,otp_failed,2,0,0.5,paused,new,2,720.0,0.401,0,0,not_recovered
txn_90540efb8918,cust_001495,5750.89,upi,risk_flagged,1,7,0.501,cancelled,returning,27,48.7,0.628,0,0,not_recovered
txn_46862082f48f,cust_001514,1541.38,netbanking,insufficient_funds,0,19,0.886,none,loyal,13,8.7,0.156,2,0,not_recovered
txn_2c87209a5c1d,cust_000343,1247.59,upi,insufficient_funds,0,7,0.519,active,returning,19,2.2,0.058,1,1,recovered
txn_7245f0d190ce,cust_000717,152.26,card,risk_flagged,0,8,0.603,paused,returning,27,112.9,0.028,0,0,not_recovered
txn_f73970f3455f,cust_000818,5228.21,upi,risk_flagged,0,24,0.88,paused,loyal,8,193.6,0.15,2,0,not_recovered
txn_f52f051f630c,cust_000442,4055.97,emi,risk_flagged,0,28,0.76,none,loyal,0,15.7,0.071,1,0,not_recovered
txn_63e36878cfce,cust_001520,1224.83,card,insufficient_funds,1,5,0.813,none,returning,29,247.6,0.189,5,0,not_recovered
txn_cbb4aa4a8ab1,cust_000322,550.85,card,network_timeout,1,15,0.419,paused,loyal,4,109.8,0.123,0,0,not_recovered
txn_c6b8a3d438d0,cust_000209,706.45,netbanking,bank_server_error,0,14,0.704,active,loyal,12,98.2,0.567,4,0,not_recovered
txn_f0f43f84daef,cust_000208,2980.83,card,insufficient_funds,1,4,0.775,none,returning,24,16.2,0.701,1,0,not_recovered
txn_a901dc08b826,cust_000374,1843.82,upi,risk_flagged,0,5,0.878,none,returning,23,214.9,0.192,0,1,recovered
txn_4b97953ed884,cust_000012,3723.55,netbanking,network_timeout,1,0,0.5,active,new,5,720.0,0.257,0,0,not_recovered
txn_fbca30dc88a2,cust_000915,2159.86,card,otp_failed,2,0,0.5,paused,new,7,720.0,0.06,1,0,not_recovered
txn_57f15b0b1f37,cust_001452,4769.91,upi,risk_flagged,0,13,0.597,none,returning,21,20.9,0.214,1,0,not_recovered
txn_223cdfddb317,cust_001126,2786.71,upi,invalid_card,1,9,0.749,cancelled,returning,12,214.2,0.562,1,0,not_recovered
txn_7b31b93ccf94,cust_001173,4212.94,card,otp_failed,1,10,0.694,none,returning,15,220.2,0.344,1,0,not_recovered
txn_f6535c1db29e,cust_001322,304.69,wallet,invalid_card,0,6,0.791,none,returning,22,35.5,0.318,2,0,not_recovered
txn_a5687393f0c4,cust_000878,657.92,card,network_timeout,0,3,0.47,none,returning,26,2.9,0.279,4,0,not_recovered
txn_9d46e069496e,cust_001024,1439.55,card,insufficient_funds,1,15,0.718,none,loyal,21,113.5,0.243,2,0,not_recovered
txn_54cd68e8b616,cust_001216,5279.63,netbanking,network_timeout,0,0,0.5,paused,new,5,720.0,0.807,0,0,not_recovered
txn_bbb37f1db66c,cust_000042,10856.04,card,invalid_card,0,0,0.5,none,new,29,720.0,0.437,0,0,not_recovered
txn_2e36a8ff8192,cust_000451,1723.63,netbanking,risk_flagged,1,9,0.582,paused,returning,17,214.2,0.554,2,0,not_recovered
txn_18bbc134ab00,cust_000334,1152.37,card,network_timeout,0,21,0.678,none,loyal,24,26.4,0.25,2,1,recovered
txn_dfa7af0a4378,cust_000908,343.96,upi,network_timeout,0,19,0.834,active,loyal,18,148.1,0.329,2,0,not_recovered
txn_84cc105b0443,cust_000849,4346.85,card,insufficient_funds,2,19,0.642,active,loyal,10,45.7,0.13,1,0,not_recovered
txn_e2dd5379636a,cust_000273,1217.83,upi,insufficient_funds,0,12,0.979,paused,loyal,20,38.5,0.334,0,0,not_recovered
txn_0916775f39ef,cust_000191,28638.33,netbanking,risk_flagged,0,0,0.5,none,new,26,720.0,0.178,1,0,not_recovered
txn_b446b7d679ce,cust_001306,1027.14,netbanking,network_timeout,1,9,0.658,none,returning,25,4.4,0.459,2,0,not_recovered
txn_206462e10539,cust_000209,13289.74,emi,card_declined_bank,0,0,0.5,none,new,28,720.0,0.407,1,0,not_recovered
txn_2603ea0b58df,cust_001262,3918.76,upi,bank_server_error,1,4,0.858,none,returning,1,24.5,0.199,1,0,not_recovered
txn_3534884b6f89,cust_001259,792.0,netbanking,insufficient_funds,1,19,0.783,none,loyal,29,362.1,0.159,2,0,not_recovered
txn_0a4371d9daf2,cust_001279,2462.49,upi,network_timeout,0,0,0.5,none,new,10,720.0,0.247,0,0,not_recovered
txn_fce8ff4b0705,cust_001166,4000.77,wallet,invalid_card,0,3,0.771,cancelled,returning,27,129.8,0.359,2,0,not_recovered
txn_a68901aaec61,cust_001241,1631.53,upi,otp_failed,2,0,0.5,active,new,16,720.0,0.026,0,0,not_recovered
txn_e75fb5bb128f,cust_000311,4247.92,wallet,bank_server_error,2,0,0.5,none,new,21,720.0,0.09,1,0,not_recovered
txn_2535b3472c69,cust_000542,4164.54,card,insufficient_funds,0,0,0.5,active,new,24,720.0,0.274,1,1,recovered
txn_cba88b4809f2,cust_000764,3417.64,upi,risk_flagged,0,0,0.5,paused,new,24,720.0,0.183,0,0,not_recovered
txn_17819a1b8587,cust_001370,1968.79,upi,card_declined_bank,0,19,0.336,none,loyal,9,120.8,0.527,2,0,not_recovered
txn_22b1f75e879b,cust_001517,694.06,card,card_declined_bank,2,9,0.75,none,returning,20,26.8,0.345,3,0,not_recovered
txn_dfda42c4b8b1,cust_000576,1864.77,card,otp_failed,1,20,0.829,paused,loyal,17,126.3,0.248,3,1,recovered
txn_2d8f8043ee44,cust_000916,2341.29,emi,risk_flagged,0,4,0.785,none,returning,9,14.2,0.244,3,0,not_recovered
txn_cdf1bd837b91,cust_001470,369.28,upi,insufficient_funds,1,0,0.5,active,new,1,720.0,0.222,0,1,recovered
txn_e9a747ade64c,cust_001121,2326.95,card,otp_failed,0,0,0.5,none,new,25,720.0,0.033,0,0,not_recovered
txn_09accef621eb,cust_000760,1831.48,card,insufficient_funds,0,19,0.881,active,loyal,13,1.0,0.094,2,1,recovered
txn_efb959256309,cust_001013,622.06,card,otp_failed,0,0,0.5,paused,new,7,720.0,0.123,0,1,recovered
txn_8cc762030f65,cust_001409,1480.74,upi,invalid_card,0,20,0.879,none,loyal,10,228.4,0.356,4,0,not_recovered
txn_9d8838114d1e,cust_000649,1509.2,wallet,invalid_card,1,0,0.5,paused,new,13,720.0,0.114,0,0,not_recovered
txn_d6b739aeab92,cust_001031,11351.27,emi,bank_server_error,0,4,0.569,paused,returning,30,146.5,0.145,2,1,recovered
txn_abe89d65c782,cust_001266,2435.99,upi,otp_failed,1,14,0.798,paused,loyal,10,185.8,0.147,1,1,recovered
txn_f6c0b2fa7211,cust_000720,5076.82,upi,risk_flagged,2,0,0.5,none,new,4,720.0,0.059,0,0,not_recovered
txn_eb216ea245ed,cust_000121,1797.17,card,invalid_card,0,0,0.5,active,new,5,720.0,0.18,1,0,not_recovered
txn_40519121163b,cust_000134,369.99,netbanking,card_declined_bank,0,25,0.581,none,loyal,28,180.7,0.438,1,1,recovered
txn_bd76baab134a,cust_000939,3659.59,card,network_timeout,1,0,0.5,cancelled,new,24,720.0,0.079,0,0,not_recovered
txn_62dc8774a967,cust_000056,1105.03,card,insufficient_funds,0,7,0.677,cancelled,returning,0,152.7,0.19,2,0,not_recovered
txn_1dde243767c3,cust_000638,1477.28,emi,risk_flagged,1,6,0.938,paused,returning,14,194.4,0.15,2,0,not_recovered
txn_4da47caca6d8,cust_000037,774.58,netbanking,card_declined_bank,0,0,0.5,active,new,8,720.0,0.342,1,0,not_recovered
txn_0ce73b0aa1ee,cust_001357,2133.44,card,card_declined_bank,0,8,0.735,active,returning,16,74.5,0.32,1,1,recovered
txn_863a1c9809d4,cust_001266,5211.7,upi,otp_failed,1,6,0.918,paused,returning,18,231.6,0.316,2,1,recovered
txn_00f2bb434cad,cust_000959,4626.08,upi,insufficient_funds,0,5,0.925,active,returning,15,84.4,0.38,3,0,not_recovered
txn_2cb46a9ad574,cust_001373,8329.6,card,insufficient_funds,0,14,0.56,none,loyal,15,21.0,0.355,2,0,not_recovered
txn_feeaf1dcb369,cust_000421,9463.18,card,card_declined_bank,0,0,0.5,none,new,21,720.0,0.28,1,0,not_recovered
txn_f0b726096242,cust_001443,316.94,card,insufficient_funds,1,0,0.5,none,new,22,720.0,0.264,0,0,not_recovered
txn_9a17917227a5,cust_001183,682.49,upi,otp_failed,2,9,0.614,none,returning,5,162.8,0.231,3,1,recovered
txn_fbf0dbcee5e4,cust_001385,392.54,upi,card_declined_bank,0,21,0.706,cancelled,loyal,21,95.3,0.542,0,0,not_recovered
txn_76ac0d4049fd,cust_000612,3528.89,upi,risk_flagged,0,0,0.5,paused,new,15,720.0,0.407,0,0,not_recovered
txn_7bb92df8a0db,cust_000380,1070.87,card,insufficient_funds,0,0,0.5,none,new,12,720.0,0.089,0,0,not_recovered
txn_718373337f59,cust_001204,1286.57,wallet,card_declined_bank,1,3,0.613,none,returning,8,65.6,0.17,5,0,not_recovered
txn_092b376b221b,cust_000729,1644.29,upi,network_timeout,0,13,0.748,cancelled,loyal,17,214.0,0.027,1,1,recovered
txn_579ab8dfea70,cust_000175,2819.5,wallet,network_timeout,0,0,0.5,none,new,30,720.0,0.234,0,0,not_recovered
txn_86981d648ee0,cust_001533,524.9,card,insufficient_funds,0,12,0.562,none,returning,14,61.5,0.326,2,0,not_recovered
txn_83824e7f1a2c,cust_000567,643.56,upi,network_timeout,0,5,0.701,none,returning,1,103.1,0.11,3,0,not_recovered
txn_820c6731cc55,cust_000302,2000.53,netbanking,invalid_card,1,9,0.825,active,returning,7,70.5,0.208,1,0,not_recovered
txn_5b2ff985b903,cust_000880,5877.41,card,risk_flagged,0,0,0.5,active,new,28,720.0,0.409,0,0,not_recovered
txn_b74caa22d4c8,cust_000726,1953.04,card,network_timeout,0,0,0.5,paused,new,24,720.0,0.571,0,1,recovered
txn_f361af488ef0,cust_000194,979.95,card,card_declined_bank,0,4,0.45,none,returning,1,187.1,0.246,0,1,recovered
txn_ccec2ade16fb,cust_000652,289.05,card,bank_server_error,0,6,0.527,active,returning,24,356.6,0.05,1,0,not_recovered
txn_529f01c68907,cust_000781,4709.83,upi,otp_failed,0,13,0.64,active,loyal,3,313.4,0.062,2,1,recovered
txn_493ead88cb3a,cust_000552,1030.36,card,risk_flagged,0,6,0.466,cancelled,returning,9,35.0,0.212,0,0,not_recovered
txn_e2666aa1acde,cust_001366,711.45,card,otp_failed,0,7,0.415,none,returning,28,17.9,0.198,1,1,recovered
txn_3797b3089343,cust_000970,426.75,upi,network_timeout,0,16,0.864,none,loyal,20,48.9,0.292,1,1,recovered
txn_1e12103db3f4,cust_000099,547.2,card,network_timeout,0,4,0.966,active,returning,20,107.8,0.232,2,1,recovered
txn_440c879c2fc7,cust_000841,841.27,card,bank_server_error,1,5,0.693,cancelled,returning,6,54.3,0.296,2,1,recovered
txn_89b41a2f4f47,cust_000677,1611.69,upi,invalid_card,0,24,0.6,paused,loyal,10,124.3,0.294,2,0,not_recovered
txn_01f7eadc9da6,cust_001411,673.26,card,otp_failed,0,0,0.5,none,new,2,720.0,0.274,1,0,not_recovered
txn_3238df73dfc6,cust_001230,2361.7,card,insufficient_funds,1,10,0.593,none,returning,18,114.0,0.248,1,0,not_recovered
txn_417b19c0eea9,cust_000519,1600.7,card,network_timeout,0,7,0.64,none,returning,15,606.4,0.298,0,1,recovered
txn_8ee44967ff93,cust_000183,14761.73,card,risk_flagged,0,0,0.5,paused,new,5,720.0,0.172,0,0,not_recovered
txn_baaaa2e7d8ab,cust_001029,430.95,upi,insufficient_funds,1,6,0.778,paused,returning,9,201.9,0.747,2,0,not_recovered
txn_fb7836a9804c,cust_000079,2310.76,card,otp_failed,0,0,0.5,cancelled,new,2,720.0,0.172,0,1,recovered
txn_3315e3c7710e,cust_000343,2336.96,card,otp_failed,2,0,0.5,none,new,1,720.0,0.339,0,0,not_recovered
txn_b26f60eb80a6,cust_000749,790.37,emi,insufficient_funds,0,8,0.797,none,returning,1,188.2,0.325,0,0,not_recovered
txn_3a7b9b54bb22,cust_001423,2177.05,wallet,network_timeout,1,0,0.5,none,new,10,720.0,0.423,0,1,recovered
txn_990c8565c012,cust_001465,3994.35,card,insufficient_funds,1,3,0.734,paused,returning,8,216.9,0.502,2,0,not_recovered
txn_4163f7b839a5,cust_000118,2179.48,card,insufficient_funds,0,21,0.662,active,loyal,5,246.2,0.415,1,1,recovered
txn_76d4cce7c9bd,cust_001019,6946.66,upi,otp_failed,0,19,0.542,active,loyal,5,102.1,0.256,4,1,recovered
txn_7a5e05378669,cust_000607,281.49,netbanking,card_declined_bank,1,0,0.5,none,new,29,720.0,0.268,0,0,not_recovered
txn_f502fe0d98d2,cust_001333,936.35,netbanking,insufficient_funds,0,0,0.5,none,new,12,720.0,0.241,0,0,not_recovered
txn_42532dc2a96b,cust_001373,7536.78,card,bank_server_error,0,0,0.5,paused,new,16,720.0,0.453,1,0,not_recovered
txn_d32d55f882da,cust_001455,4540.64,card,network_timeout,2,0,0.5,active,new,27,720.0,0.256,0,1,recovered
txn_bad287c8ef89,cust_001120,3250.16,upi,network_timeout,1,20,0.591,none,loyal,30,8.3,0.387,0,1,recovered
txn_8c161c267858,cust_000794,6062.6,wallet,card_declined_bank,2,6,0.904,active,returning,11,22.7,0.372,4,0,not_recovered
txn_b588f7d3c47f,cust_000150,356.06,wallet,card_declined_bank,1,0,0.5,none,new,23,720.0,0.297,0,0,not_recovered
txn_5b7529928b8e,cust_000111,4088.97,card,card_declined_bank,1,29,0.793,paused,loyal,12,40.0,0.145,1,1,recovered
txn_a13324d4ae4e,cust_000724,5207.91,upi,network_timeout,1,3,0.713,none,returning,8,133.9,0.394,0,1,recovered
txn_2564da9ba8cc,cust_000159,1104.52,card,bank_server_error,1,0,0.5,none,new,3,720.0,0.052,0,0,not_recovered
txn_c9ebc8bef9ff,cust_000824,21296.83,upi,bank_server_error,1,0,0.5,active,new,10,720.0,0.029,0,0,not_recovered
txn_55f1149bc680,cust_001109,2384.43,wallet,invalid_card,0,6,0.613,none,returning,30,29.6,0.591,4,0,not_recovered
txn_fc58f3c30625,cust_000865,277.69,upi,otp_failed,0,10,0.807,cancelled,returning,5,69.6,0.078,1,1,recovered
txn_6f3de9c88493,cust_001024,2816.2,card,invalid_card,0,0,0.5,paused,new,4,720.0,0.061,1,0,not_recovered
txn_ee2e6f852b9d,cust_001124,1045.37,upi,network_timeout,0,16,0.773,active,loyal,7,86.9,0.058,0,1,recovered
txn_4284081884a8,cust_000354,5701.56,upi,bank_server_error,2,22,0.882,none,loyal,10,136.3,0.143,0,0,not_recovered
txn_4ab8b5244bfd,cust_000711,3271.98,netbanking,card_declined_bank,1,25,0.61,active,loyal,11,69.1,0.205,2,1,recovered
txn_cd6743bc9915,cust_001174,1166.62,card,insufficient_funds,0,0,0.5,active,new,29,720.0,0.378,1,0,not_recovered
txn_e1b8c3747979,cust_000876,7724.92,wallet,otp_failed,0,0,0.5,active,new,28,720.0,0.291,0,0,not_recovered
txn_7d04bf79b291,cust_000373,4654.11,card,bank_server_error,0,21,0.579,active,loyal,14,94.9,0.285,1,0,not_recovered
txn_105f3bcee281,cust_000564,948.49,card,invalid_card,0,0,0.5,active,new,27,720.0,0.311,0,0,not_recovered
txn_59760e772d2f,cust_000869,1742.65,card,network_timeout,1,12,0.951,paused,returning,10,170.4,0.146,3,1,recovered
txn_ce198da0164c,cust_000179,3181.87,card,invalid_card,0,2,0.63,active,returning,12,288.9,0.11,3,0,not_recovered
txn_7ab36c02975f,cust_000575,1439.66,card,insufficient_funds,0,0,0.5,paused,new,22,720.0,0.332,1,0,not_recovered
txn_b7ebe3756deb,cust_000721,1478.88,upi,bank_server_error,0,4,0.535,cancelled,returning,26,54.3,0.234,3,1,recovered
txn_60e13cfcbae9,cust_001089,2065.34,card,bank_server_error,0,13,0.94,none,loyal,1,28.8,0.124,2,0,not_recovered
txn_08721f2a8ccf,cust_000753,765.69,card,insufficient_funds,0,5,0.883,none,returning,18,15.7,0.268,3,0,not_recovered
txn_ad306b7cc70a,cust_001058,267.87,card,invalid_card,1,4,0.485,paused,returning,9,175.2,0.046,0,0,not_recovered
txn_4c2eec354667,cust_001322,2478.04,card,risk_flagged,1,23,0.874,active,loyal,12,22.8,0.152,2,0,not_recovered
txn_7ccdc1cf1222,cust_001277,333.62,wallet,invalid_card,1,7,0.597,none,returning,17,17.7,0.282,1,0,not_recovered
txn_e98460aedc95,cust_000408,817.51,wallet,invalid_card,0,3,0.649,none,returning,15,25.4,0.314,4,0,not_recovered
txn_38d493e3a3b8,cust_000435,405.68,card,otp_failed,0,22,0.756,paused,loyal,30,124.0,0.059,2,0,not_recovered
txn_599162ae2afb,cust_001533,453.23,netbanking,bank_server_error,2,10,0.754,paused,returning,13,37.4,0.25,2,0,not_recovered
txn_2808d86230f1,cust_000621,2932.82,upi,risk_flagged,2,0,0.5,paused,new,29,720.0,0.683,0,0,not_recovered
txn_0961b916291b,cust_000201,1635.86,emi,network_timeout,0,0,0.5,none,new,21,720.0,0.257,0,1,recovered
txn_6995a0c6016b,cust_000350,1583.57,card,card_declined_bank,1,0,0.5,none,new,19,720.0,0.411,0,0,not_recovered
txn_1944d947e5e9,cust_000319,611.36,card,bank_server_error,0,1,0.821,paused,returning,16,43.0,0.301,2,1,recovered
txn_4cb5f58dd042,cust_000816,1107.36,upi,otp_failed,0,4,0.907,paused,returning,10,19.0,0.062,1,0,not_recovered
txn_d961c1b2b645,cust_001080,2804.02,netbanking,insufficient_funds,2,7,0.951,none,returning,18,240.2,0.59,1,1,recovered
txn_0b02da849753,cust_000068,1906.69,upi,insufficient_funds,2,8,0.763,cancelled,returning,17,21.8,0.17,1,1,recovered
txn_a216c7841a11,cust_001081,4189.79,upi,network_timeout,2,7,0.658,paused,returning,3,96.3,0.495,0,0,not_recovered
txn_6381f0918f7b,cust_001386,4762.76,card,bank_server_error,0,17,0.88,none,loyal,28,214.8,0.42,3,0,not_recovered
txn_640637b294c4,cust_000523,1592.41,upi,insufficient_funds,0,0,0.5,active,new,27,720.0,0.252,0,0,not_recovered
txn_80370b121492,cust_000525,377.28,netbanking,insufficient_funds,1,12,0.795,active,returning,20,158.3,0.305,1,0,not_recovered
txn_5845f913211e,cust_001349,1011.33,card,insufficient_funds,1,5,0.539,paused,returning,20,74.8,0.186,1,1,recovered
txn_14de044f7ec4,cust_000508,1830.02,upi,otp_failed,0,6,0.904,active,returning,4,126.2,0.347,4,1,recovered
txn_e2b88dc6dc9d,cust_001241,993.43,upi,insufficient_funds,0,0,0.5,none,new,18,720.0,0.408,0,0,not_recovered
txn_314432fd14cc,cust_000639,773.43,upi,card_declined_bank,0,6,0.563,none,returning,30,130.6,0.312,3,0,not_recovered
txn_af33573e4e49,cust_000177,2127.66,upi,network_timeout,0,21,0.783,paused,loyal,3,225.5,0.376,0,1,recovered
txn_c0b690e20943,cust_000508,17805.68,netbanking,otp_failed,1,4,0.821,paused,returning,27,119.7,0.255,0,0,not_recovered
txn_34f4c1ee9a51,cust_001511,1287.72,emi,network_timeout,0,15,0.779,paused,loyal,10,27.2,0.152,0,0,not_recovered
txn_28bb285d7b3a,cust_001022,1993.16,upi,bank_server_error,0,19,0.731,none,loyal,6,132.8,0.543,2,1,recovered
txn_e9b93a4746d5,cust_001107,613.49,card,bank_server_error,0,3,0.822,active,returning,27,55.8,0.09,4,0,not_recovered
txn_0693c8430469,cust_001451,6118.43,card,otp_failed,0,6,0.426,none,returning,20,97.9,0.301,2,0,not_recovered
txn_6fae4c627c74,cust_000664,4390.81,card,bank_server_error,0,3,0.853,active,returning,24,72.1,0.061,2,1,recovered
txn_11cd72a7ccb0,cust_000790,4126.4,card,bank_server_error,0,17,0.631,none,loyal,27,206.9,0.779,3,0,not_recovered
txn_6ce2ee4a8c11,cust_001152,6794.14,card,network_timeout,1,0,0.5,cancelled,new,0,720.0,0.02,0,1,recovered
txn_30f4a4f9897b,cust_001254,1360.21,upi,bank_server_error,0,7,0.474,none,returning,6,37.8,0.095,1,1,recovered
txn_eb1aceeced9f,cust_000629,1522.07,card,insufficient_funds,1,19,0.831,none,loyal,7,333.5,0.064,2,0,not_recovered
txn_50839cef924f,cust_000506,9310.43,card,otp_failed,0,0,0.5,none,new,28,720.0,0.435,0,0,not_recovered
txn_cc2dfcf14a0b,cust_000530,3531.42,netbanking,bank_server_error,0,3,0.631,paused,returning,16,17.5,0.153,1,1,recovered
txn_5fbc42bf2ddb,cust_000645,271.16,card,card_declined_bank,0,5,0.723,none,returning,5,33.0,0.114,1,0,not_recovered
txn_87cd9a9a1d35,cust_000091,3008.93,upi,bank_server_error,1,21,0.757,none,loyal,21,6.8,0.056,3,0,not_recovered
txn_ad3f56687435,cust_001396,1183.78,wallet,insufficient_funds,0,10,0.775,active,loyal,11,124.7,0.274,2,0,not_recovered
txn_ac099dc6d888,cust_000700,4484.38,upi,insufficient_funds,0,0,0.5,none,new,17,720.0,0.563,1,0,not_recovered
txn_d99ae56409e2,cust_000081,2885.26,card,network_timeout,0,10,0.538,active,returning,29,28.5,0.244,1,1,recovered
txn_5155cd9a3c40,cust_001531,417.18,card,bank_server_error,0,0,0.5,none,new,8,720.0,0.46,0,0,not_recovered
txn_7cc9a1ee770b,cust_000784,2545.16,upi,card_declined_bank,0,7,0.947,paused,returning,29,1.3,0.061,2,0,not_recovered
txn_d5cc9ad5dcb0,cust_001438,2415.27,upi,card_declined_bank,0,4,0.899,active,returning,23,64.0,0.197,5,0,not_recovered
txn_5230ceb126ec,cust_001288,2771.42,card,bank_server_error,0,18,0.615,none,loyal,0,23.3,0.483,2,0,not_recovered
txn_35c6a1e68289,cust_001292,3354.22,upi,network_timeout,0,0,0.5,active,new,12,720.0,0.464,0,1,recovered
txn_472ac4e75548,cust_000941,7679.96,upi,risk_flagged,1,0,0.5,active,new,26,720.0,0.32,0,1,recovered
txn_5413cca650d5,cust_000988,2900.1,card,network_timeout,0,7,0.896,active,returning,26,221.6,0.36,0,0,not_recovered
txn_2860c402b95b,cust_000157,2039.8,upi,insufficient_funds,2,9,0.598,active,returning,21,43.7,0.16,2,1,recovered
txn_2e9b0f09d99b,cust_000122,5614.85,card,risk_flagged,1,7,0.552,cancelled,returning,21,15.0,0.172,2,0,not_recovered
txn_0d66ae0ade7c,cust_000093,15039.97,card,insufficient_funds,0,0,0.5,cancelled,new,27,720.0,0.608,0,0,not_recovered
txn_391262c9f04b,cust_000897,4553.1,netbanking,network_timeout,1,0,0.5,none,new,4,720.0,0.224,0,0,not_recovered
txn_e82ea91f02cb,cust_001366,2405.67,card,insufficient_funds,0,15,0.945,none,loyal,14,1.0,0.268,0,1,recovered
txn_9c7a669c1dc7,cust_000637,2949.17,upi,otp_failed,2,0,0.5,paused,new,10,720.0,0.246,0,0,not_recovered
txn_54b91a35bd74,cust_000629,2516.03,upi,network_timeout,2,5,0.668,paused,returning,30,81.7,0.03,2,0,not_recovered
txn_cd18c636e33e,cust_000989,2031.78,card,otp_failed,1,26,0.643,none,loyal,23,314.0,0.265,3,1,recovered
txn_9962375f0842,cust_000718,14025.8,wallet,bank_server_error,0,0,0.5,active,new,23,720.0,0.105,0,0,not_recovered
txn_2fba951ca733,cust_001248,1018.26,card,insufficient_funds,2,6,0.802,none,returning,2,88.2,0.377,1,1,recovered
txn_9f0ed07cd439,cust_000278,5650.02,card,insufficient_funds,1,0,0.5,cancelled,new,23,720.0,0.327,1,0,not_recovered
txn_ef8b113092c0,cust_001245,1784.21,wallet,card_declined_bank,1,21,0.669,active,loyal,25,65.0,0.048,2,0,not_recovered
txn_139abf65af7c,cust_000727,527.22,upi,insufficient_funds,0,7,0.625,none,returning,13,9.6,0.297,0,0,not_recovered
txn_fd86841bc6f4,cust_000233,1686.67,upi,card_declined_bank,2,24,0.784,none,loyal,26,46.2,0.201,1,0,not_recovered
txn_6c98fd1f8a86,cust_000644,1221.58,card,bank_server_error,1,0,0.5,none,new,12,720.0,0.424,0,0,not_recovered
txn_7d1cda2a202f,cust_001136,3360.41,card,network_timeout,0,8,0.872,none,returning,20,6.8,0.406,1,0,not_recovered
txn_05d6c624084d,cust_001210,2169.32,upi,bank_server_error,2,6,0.654,none,returning,6,41.8,0.311,3,1,recovered
txn_439a911f253e,cust_001237,796.46,card,bank_server_error,1,0,0.5,cancelled,new,15,720.0,0.079,0,0,not_recovered
txn_6078d8149fdf,cust_000144,7509.37,card,bank_server_error,2,0,0.5,paused,new,1,720.0,0.258,0,0,not_recovered
txn_f7c88125c1a5,cust_000312,5330.08,netbanking,card_declined_bank,0,0,0.5,active,new,3,720.0,0.265,0,0,not_recovered
txn_bd05657ccef7,cust_000988,8328.59,card,risk_flagged,0,21,0.709,paused,loyal,27,35.9,0.289,4,0,not_recovered
txn_f064b86f92d6,cust_001360,2473.2,card,card_declined_bank,1,4,0.844,paused,returning,21,354.8,0.147,4,1,recovered
txn_bb7a40e9375d,cust_001505,1934.96,card,otp_failed,0,4,0.58,none,returning,18,125.8,0.054,1,0,not_recovered
txn_d8ff3473e3b6,cust_000235,3763.88,upi,bank_server_error,1,8,0.691,none,returning,12,92.4,0.4,3,0,not_recovered
txn_081fdebf4b75,cust_000448,1188.29,upi,otp_failed,1,6,0.759,paused,returning,17,91.8,0.248,2,1,recovered
txn_dd43d8a0e044,cust_001288,2246.33,netbanking,insufficient_funds,0,7,0.562,none,returning,21,76.5,0.319,3,0,not_recovered
txn_d02cb469a22a,cust_001122,1705.97,card,card_declined_bank,1,4,0.583,active,returning,10,114.4,0.435,1,0,not_recovered
txn_9805080d8962,cust_000529,536.5,card,risk_flagged,0,3,0.825,none,returning,10,182.4,0.015,1,0,not_recovered
txn_b3a02ff13fc5,cust_000147,2241.07,upi,insufficient_funds,1,0,0.5,active,new,22,720.0,0.319,1,0,not_recovered
txn_c5a3c1ecceab,cust_000102,1343.63,card,risk_flagged,1,11,0.628,none,loyal,16,141.9,0.329,1,1,recovered
txn_0d0e1a2f0668,cust_000748,1606.32,upi,risk_flagged,0,21,0.808,active,loyal,12,33.5,0.318,1,0,not_recovered
txn_3fb64180d79c,cust_000166,2772.23,wallet,bank_server_error,0,0,0.5,none,new,13,720.0,0.153,0,1,recovered
txn_f036f9d9a2b6,cust_000560,6280.97,upi,risk_flagged,0,8,0.878,none,returning,25,376.0,0.223,2,0,not_recovered
txn_4ce6a7b584d5,cust_000378,930.86,upi,network_timeout,0,0,0.5,paused,new,16,720.0,0.305,1,0,not_recovered
txn_1a7ab92bf5b2,cust_001115,1476.01,emi,network_timeout,1,20,0.703,none,loyal,2,59.5,0.205,2,0,not_recovered
txn_aee220257b58,cust_001056,1003.68,card,insufficient_funds,0,16,0.836,cancelled,loyal,25,61.2,0.453,1,1,recovered
txn_613072850673,cust_001482,946.56,wallet,bank_server_error,0,24,0.534,cancelled,loyal,7,187.4,0.079,0,0,not_recovered
txn_d36cf84a1720,cust_000488,1170.15,upi,insufficient_funds,0,0,0.5,active,new,2,720.0,0.168,0,1,recovered
txn_94258f0f6f07,cust_001184,1674.37,upi,invalid_card,1,0,0.5,none,new,8,720.0,0.163,0,0,not_recovered
txn_fdeba0b6f222,cust_000068,3385.59,wallet,insufficient_funds,1,0,0.5,active,new,3,720.0,0.265,0,0,not_recovered
txn_b74c63490a6a,cust_000294,2666.18,upi,insufficient_funds,0,0,0.5,paused,new,0,720.0,0.237,0,1,recovered
txn_a65996e606cb,cust_001137,771.88,upi,otp_failed,0,0,0.5,none,new,21,720.0,0.359,0,1,recovered
txn_7e754bcdfbed,cust_001268,6404.42,card,network_timeout,0,0,0.5,active,new,20,720.0,0.14,1,1,recovered
txn_106afc53a7f3,cust_000993,4674.94,upi,card_declined_bank,0,12,0.581,active,loyal,9,33.9,0.268,1,0,not_recovered
txn_086451d3060c,cust_000047,887.97,upi,insufficient_funds,0,0,0.5,none,new,21,720.0,0.24,0,0,not_recovered
txn_bfb212e49fc4,cust_000051,6013.12,card,invalid_card,1,0,0.5,paused,new,1,720.0,0.092,2,0,not_recovered
txn_c2c7d3ab8999,cust_001058,2681.8,upi,otp_failed,0,15,0.505,paused,loyal,12,37.8,0.093,1,0,not_recovered
txn_35c983032c49,cust_000088,1735.74,upi,network_timeout,0,5,0.722,active,returning,17,21.4,0.433,2,1,recovered
txn_8d39c52d21eb,cust_000072,2758.03,card,network_timeout,1,7,0.52,none,returning,24,22.9,0.395,3,1,recovered
txn_53def7cf5dc9,cust_001254,1952.38,card,network_timeout,1,4,0.5,none,returning,8,11.5,0.108,1,0,not_recovered
txn_bc08131ea0b2,cust_001301,3263.55,upi,invalid_card,0,17,0.702,none,loyal,29,21.7,0.575,1,0,not_recovered
txn_d1cd271e834b,cust_000602,2365.12,card,otp_failed,0,10,0.653,active,returning,11,242.6,0.396,2,1,recovered
txn_710e9f8ececd,cust_001381,1474.86,card,bank_server_error,1,5,0.951,none,returning,22,45.4,0.181,1,0,not_recovered
txn_b099769c38e5,cust_000289,322.71,upi,network_timeout,0,9,0.867,paused,returning,5,245.9,0.169,2,1,recovered
txn_5c7044c89626,cust_001007,3211.41,card,risk_flagged,1,6,0.766,none,returning,20,63.5,0.286,1,0,not_recovered
txn_85b86b1fea85,cust_000923,1427.54,card,network_timeout,1,0,0.5,none,new,17,720.0,0.231,1,0,not_recovered
txn_bd76b6d13245,cust_000375,4024.48,upi,otp_failed,1,0,0.57,none,returning,13,58.2,0.283,4,0,not_recovered
txn_1f232af476a2,cust_001203,3082.53,card,card_declined_bank,0,0,0.5,none,new,7,720.0,0.077,1,0,not_recovered
txn_04ac6035a81c,cust_000309,1461.33,emi,insufficient_funds,0,2,0.945,none,returning,17,11.9,0.387,1,0,not_recovered
txn_a57eab59abed,cust_001089,5017.51,wallet,bank_server_error,1,0,0.5,active,new,12,720.0,0.203,0,0,not_recovered
txn_ca03cd21ad79,cust_000342,2402.72,upi,insufficient_funds,0,0,0.5,active,new,8,720.0,0.372,0,0,not_recovered
txn_a0afeb8e0877,cust_000304,2315.26,emi,insufficient_funds,0,0,0.5,cancelled,new,16,720.0,0.504,0,0,not_recovered
txn_2eb8c806a5fc,cust_000481,1764.64,netbanking,invalid_card,0,13,0.295,paused,loyal,7,207.3,0.465,3,0,not_recovered
txn_8116dc69f56c,cust_000607,9092.45,card,otp_failed,0,0,0.5,none,new,20,720.0,0.019,0,0,not_recovered
txn_67dd4256b7dd,cust_000778,1051.59,upi,risk_flagged,1,7,0.66,active,returning,0,68.0,0.38,4,0,not_recovered
txn_f1bc051a9d10,cust_000404,1494.57,card,bank_server_error,2,20,0.416,active,loyal,7,243.6,0.466,2,0,not_recovered
txn_b10e4caa01f1,cust_000083,656.16,upi,insufficient_funds,1,0,0.5,active,new,14,720.0,0.2,1,1,recovered
txn_84ff6c2ac799,cust_000338,3843.19,upi,card_declined_bank,0,4,0.943,cancelled,returning,3,57.6,0.406,0,1,recovered
txn_65db8e17d5e2,cust_001202,1183.3,card,bank_server_error,2,0,0.5,paused,new,6,720.0,0.381,0,0,not_recovered
txn_56c8baa9db00,cust_000362,1308.93,card,network_timeout,1,0,0.5,none,new,13,720.0,0.151,1,1,recovered
txn_227fceac8b15,cust_000773,1254.83,wallet,insufficient_funds,0,10,0.921,cancelled,returning,14,54.1,0.461,1,1,recovered
txn_b3f4c9d8154b,cust_000814,2114.24,card,otp_failed,1,20,0.873,active,loyal,10,8.7,0.302,3,1,recovered
txn_8a111ce5547b,cust_000864,648.28,card,card_declined_bank,0,0,0.5,none,new,25,720.0,0.129,0,0,not_recovered
txn_13d9c4015414,cust_000329,265.36,card,insufficient_funds,0,8,0.407,active,returning,15,93.3,0.067,0,0,not_recovered
txn_68c6e129ab8e,cust_001004,3016.74,upi,risk_flagged,0,0,0.5,none,new,11,720.0,0.49,1,0,not_recovered
txn_c42de487ded0,cust_000464,298.21,netbanking,insufficient_funds,0,5,0.752,cancelled,returning,15,57.7,0.366,2,0,not_recovered
txn_25310541efbf,cust_000247,4310.13,netbanking,insufficient_funds,0,12,0.588,paused,returning,9,177.7,0.334,2,0,not_recovered
txn_c6f9c1426377,cust_000003,8124.79,upi,network_timeout,0,9,0.75,active,returning,1,139.0,0.286,2,1,recovered
txn_753d35cd3d60,cust_000934,1723.65,card,card_declined_bank,0,6,0.638,active,returning,13,335.4,0.343,4,0,not_recovered
txn_11ba6984111e,cust_000200,6435.24,card,insufficient_funds,0,0,0.5,none,new,11,720.0,0.231,0,1,recovered
txn_f0ab204c40f8,cust_000623,1955.05,upi,bank_server_error,0,6,0.689,active,returning,15,6.2,0.079,0,1,recovered
txn_2f91fe420db5,cust_000273,8428.02,netbanking,insufficient_funds,1,7,0.818,none,returning,15,177.0,0.224,0,0,not_recovered
txn_0ac29be07210,cust_000726,1325.31,upi,otp_failed,1,5,0.697,none,returning,8,54.9,0.119,2,1,recovered
txn_87b939a52280,cust_001246,237.84,upi,card_declined_bank,0,0,0.5,active,new,14,720.0,0.092,0,0,not_recovered
txn_262840cee046,cust_000932,1859.53,upi,insufficient_funds,1,6,0.785,active,returning,18,24.7,0.298,0,0,not_recovered
txn_0c7c50f841df,cust_001067,9294.4,upi,invalid_card,0,6,0.912,active,returning,7,122.0,0.526,1,0,not_recovered
txn_ac2d282926a8,cust_000376,3233.99,upi,network_timeout,0,0,0.5,cancelled,new,0,720.0,0.491,0,0,not_recovered
txn_1ba39b5f1639,cust_000430,1256.66,upi,network_timeout,0,0,0.5,none,new,5,720.0,0.367,0,1,recovered
txn_f734826b248c,cust_000133,2686.54,upi,otp_failed,0,4,0.731,none,returning,15,76.8,0.245,4,0,not_recovered
txn_cfd8b608f5d8,cust_001231,4788.69,upi,otp_failed,0,9,0.971,none,returning,21,93.5,0.329,1,0,not_recovered
txn_df1bbe0f28dd,cust_000641,1850.01,wallet,insufficient_funds,1,0,0.5,none,new,20,720.0,0.094,0,0,not_recovered
txn_ab41d189daf9,cust_001499,21242.33,upi,bank_server_error,1,17,0.773,active,loyal,23,75.2,0.22,3,1,recovered
txn_8b9553a9b168,cust_000236,1254.29,card,insufficient_funds,2,4,0.472,active,returning,14,55.1,0.615,1,1,recovered
txn_af3ce02b4d23,cust_001357,4925.89,card,bank_server_error,2,8,0.532,none,returning,27,148.3,0.379,1,0,not_recovered
txn_9615fbd44b6a,cust_000120,3966.91,upi,otp_failed,0,8,0.375,none,returning,30,106.2,0.228,0,1,recovered
txn_ced6f2c0b2d0,cust_000693,1064.39,upi,invalid_card,0,10,0.884,active,returning,0,56.9,0.142,4,0,not_recovered
txn_2f74aaa2f532,cust_001123,1363.76,upi,bank_server_error,0,5,0.489,none,returning,4,69.7,0.17,1,0,not_recovered
txn_21ed994c0f38,cust_001001,4995.48,upi,otp_failed,0,15,0.441,cancelled,loyal,12,371.7,0.324,1,0,not_recovered
txn_ad8a4c874de8,cust_000949,2276.31,card,otp_failed,1,1,0.824,active,returning,14,230.2,0.329,6,1,recovered
txn_33201f04cb35,cust_001179,2708.81,upi,insufficient_funds,0,8,0.645,active,returning,6,160.3,0.249,6,1,recovered
txn_fad66d82f40d,cust_000245,458.35,upi,insufficient_funds,0,7,0.602,none,returning,9,74.6,0.325,1,1,recovered
txn_26606c67ab26,cust_000480,3606.16,upi,invalid_card,0,6,0.721,active,returning,1,77.9,0.136,0,0,not_recovered
txn_a95dd5c0bd43,cust_000762,2587.81,upi,network_timeout,1,0,0.5,none,new,27,720.0,0.296,0,0,not_recovered
txn_cc38c18a5213,cust_000798,1886.5,card,card_declined_bank,0,2,0.566,none,returning,24,115.2,0.238,0,0,not_recovered
txn_48bccdc203a6,cust_001416,2765.02,upi,network_timeout,1,7,0.509,none,returning,5,57.9,0.026,1,0,not_recovered
txn_abba94e81547,cust_001327,1382.58,netbanking,card_declined_bank,0,17,0.788,none,loyal,12,49.9,0.254,5,0,not_recovered
txn_f4f82c94bad8,cust_001411,1172.96,wallet,network_timeout,0,9,0.79,none,returning,16,72.4,0.398,4,1,recovered
txn_f41fc3027ed0,cust_000403,1607.29,upi,invalid_card,0,5,0.906,paused,returning,13,55.4,0.569,1,0,not_recovered
txn_25e5fd564ae3,cust_000686,1315.82,card,otp_failed,1,24,0.667,active,loyal,13,177.4,0.299,1,0,not_recovered
txn_1d363d73fdfe,cust_001202,14221.02,upi,network_timeout,1,3,0.736,none,returning,17,197.3,0.093,2,0,not_recovered
txn_4dfd5230d54e,cust_001419,4540.01,upi,otp_failed,0,0,0.5,none,new,28,720.0,0.124,0,0,not_recovered
txn_0f24111e4bc1,cust_000600,835.79,card,otp_failed,0,0,0.5,none,new,16,720.0,0.221,2,0,not_recovered
txn_240b0f9a43f5,cust_001315,12489.79,netbanking,insufficient_funds,0,0,0.5,active,new,17,720.0,0.244,0,0,not_recovered
txn_6247ccd38497,cust_000363,1353.47,card,insufficient_funds,0,0,0.5,none,new,8,720.0,0.135,0,0,not_recovered
txn_03350be34c3e,cust_000188,2051.88,card,card_declined_bank,0,6,0.679,none,returning,14,47.8,0.245,2,0,not_recovered
txn_11e22b45cfc6,cust_001007,4481.33,card,card_declined_bank,0,5,0.506,active,returning,20,162.5,0.314,2,0,not_recovered
txn_f70849332866,cust_000433,339.34,card,insufficient_funds,1,11,0.693,none,returning,18,37.4,0.287,3,1,recovered
txn_b8239fffcdb2,cust_000807,1614.33,wallet,risk_flagged,1,0,0.5,paused,new,15,720.0,0.176,0,0,not_recovered
txn_4ff5243c1b0b,cust_000409,1192.73,upi,insufficient_funds,1,8,0.551,none,returning,22,50.8,0.11,4,0,not_recovered
txn_1ecb26ce44e5,cust_000477,2403.24,card,network_timeout,1,0,0.5,active,new,6,720.0,0.193,0,0,not_recovered
txn_7aacc3b74bbd,cust_000060,2787.9,upi,otp_failed,2,33,0.569,paused,loyal,0,26.5,0.2,2,0,not_recovered
txn_98e47a3241ac,cust_001012,1863.97,card,network_timeout,2,0,0.5,active,new,9,720.0,0.05,0,0,not_recovered
txn_4611674e8918,cust_000849,1787.76,card,insufficient_funds,0,2,0.767,cancelled,returning,7,96.7,0.221,1,1,recovered
txn_9120a3cbcc6b,cust_000627,5211.48,card,bank_server_error,0,0,0.5,none,new,28,720.0,0.228,0,0,not_recovered
txn_73ea793dfdec,cust_000947,2621.07,upi,insufficient_funds,0,3,0.826,active,returning,7,64.3,0.063,2,0,not_recovered
txn_a30ac0d7b82b,cust_000650,2074.1,card,network_timeout,1,8,0.895,paused,returning,28,66.9,0.591,4,1,recovered
txn_6b5a06b5102a,cust_000080,2282.63,netbanking,otp_failed,0,7,0.413,none,returning,12,8.7,0.231,3,0,not_recovered
txn_80a097406a31,cust_000835,10428.52,card,bank_server_error,0,0,0.5,none,new,22,720.0,0.267,2,1,recovered
txn_1f494e3ecd50,cust_000929,2334.16,upi,card_declined_bank,0,12,0.613,none,loyal,17,193.8,0.715,1,1,recovered
txn_36b4c321b928,cust_001014,1257.65,netbanking,otp_failed,0,7,0.416,none,returning,0,230.8,0.43,3,1,recovered
txn_77c03a5d795a,cust_000333,358.49,card,bank_server_error,0,5,0.858,none,returning,28,6.0,0.411,0,1,recovered
txn_87ae89bfe5d7,cust_000533,549.75,card,insufficient_funds,1,19,0.895,paused,loyal,14,29.0,0.441,1,0,not_recovered
txn_c5fef6b28cf0,cust_000407,1312.48,wallet,card_declined_bank,0,24,0.827,active,loyal,17,73.0,0.074,3,1,recovered
txn_2eb2f2e34b5c,cust_000827,1812.5,upi,network_timeout,1,0,0.5,none,new,8,720.0,0.22,0,1,recovered
txn_b26bc09043ee,cust_000043,1211.9,upi,insufficient_funds,0,0,0.5,none,new,5,720.0,0.075,0,1,recovered
txn_74c0dbac8e29,cust_000062,2740.87,card,risk_flagged,1,0,0.5,none,new,1,720.0,0.257,0,0,not_recovered
txn_078c1c6a6acd,cust_000018,1197.92,card,card_declined_bank,0,0,0.5,none,new,16,720.0,0.091,0,1,recovered
txn_0d37276f2ec8,cust_001284,877.4,upi,otp_failed,0,5,0.492,none,returning,9,37.8,0.646,3,0,not_recovered
txn_8539cd4b4319,cust_001023,3468.16,wallet,network_timeout,2,23,0.829,paused,loyal,13,31.0,0.641,5,0,not_recovered
txn_acc6c053ee1d,cust_000584,6853.09,card,network_timeout,2,17,0.375,none,loyal,30,18.4,0.296,4,0,not_recovered
txn_dca7c3eb9da1,cust_000335,737.71,netbanking,bank_server_error,1,3,0.602,active,returning,20,388.1,0.179,0,1,recovered
txn_3b8c8c10a10d,cust_001213,2488.27,upi,card_declined_bank,2,8,0.939,none,returning,22,11.6,0.252,4,0,not_recovered
txn_d13859beb6c3,cust_001486,359.78,card,bank_server_error,0,15,0.943,active,loyal,19,81.7,0.212,2,1,recovered
txn_2d04de654baa,cust_001308,530.02,card,network_timeout,0,18,0.665,active,loyal,5,25.4,0.23,2,1,recovered
txn_a6a1941d9220,cust_001397,1176.28,card,network_timeout,0,0,0.5,active,new,20,720.0,0.161,1,0,not_recovered
txn_2b7ebfb8b8a5,cust_000251,5549.26,upi,otp_failed,1,4,0.625,none,returning,27,52.4,0.242,2,0,not_recovered
txn_a04b8371453c,cust_000062,991.45,upi,otp_failed,1,23,0.663,cancelled,loyal,30,141.2,0.128,1,1,recovered
txn_45ce533e7ee1,cust_000470,958.63,upi,network_timeout,2,0,0.5,none,new,1,720.0,0.317,1,0,not_recovered
txn_60d6c0cf8b26,cust_001285,2064.16,card,network_timeout,1,8,0.78,active,returning,0,24.4,0.237,1,1,recovered
txn_a584e7f5654f,cust_001359,2066.01,upi,insufficient_funds,1,19,0.793,paused,loyal,30,35.0,0.201,1,0,not_recovered
txn_87cba5a94b3e,cust_001048,985.73,upi,network_timeout,0,20,0.924,active,loyal,23,77.5,0.202,1,0,not_recovered
txn_16bda221393b,cust_000854,11939.4,upi,bank_server_error,0,22,0.657,cancelled,loyal,0,13.0,0.219,3,1,recovered
txn_9e1fe3dab5ed,cust_000634,1573.68,upi,network_timeout,0,6,0.749,none,returning,26,61.9,0.491,1,0,not_recovered
txn_90096613667a,cust_001007,2213.27,card,otp_failed,1,0,0.5,active,new,29,720.0,0.541,0,0,not_recovered
txn_bdb0a8cfc467,cust_000358,1391.86,upi,card_declined_bank,0,0,0.5,none,new,7,720.0,0.222,0,0,not_recovered
txn_da262da4c52c,cust_000342,2968.98,card,invalid_card,2,6,0.881,none,returning,6,96.0,0.281,2,0,not_recovered
txn_326361abafd1,cust_000879,6072.11,card,invalid_card,1,8,0.799,paused,returning,23,44.6,0.404,1,0,not_recovered
txn_ac830a597348,cust_000696,8931.12,card,insufficient_funds,0,6,0.582,active,returning,9,35.4,0.103,2,0,not_recovered
txn_5a60e12b79f3,cust_001409,1006.22,upi,network_timeout,1,3,0.55,paused,returning,3,124.8,0.247,3,0,not_recovered
txn_3c6b45797cdf,cust_000209,5381.46,upi,insufficient_funds,0,12,0.453,paused,returning,21,93.0,0.505,1,0,not_recovered
txn_b68e173d0b3e,cust_000178,3277.1,card,otp_failed,1,5,0.507,paused,returning,16,77.4,0.036,1,0,not_recovered
txn_8391558ae5f4,cust_001068,4803.42,netbanking,network_timeout,0,0,0.5,paused,new,8,720.0,0.256,0,0,not_recovered
txn_e4dbc8218f70,cust_001425,1839.61,netbanking,insufficient_funds,0,0,0.5,active,new,9,720.0,0.126,0,0,not_recovered
txn_3d97ad3b9dc2,cust_000868,1688.61,card,insufficient_funds,0,0,0.5,none,new,14,720.0,0.189,0,0,not_recovered
txn_2c70309c680b,cust_001055,4638.49,upi,network_timeout,0,0,0.5,paused,new,7,720.0,0.291,0,1,recovered
txn_80ebde4b7591,cust_000137,4718.39,card,otp_failed,1,18,0.675,none,loyal,1,58.3,0.122,1,1,recovered
txn_c9a8e0625004,cust_000112,8177.56,emi,otp_failed,2,7,0.922,active,returning,20,32.4,0.214,1,0,not_recovered
txn_846d478dfaee,cust_000099,2389.15,card,bank_server_error,1,0,0.5,active,new,9,720.0,0.113,0,1,recovered
txn_6d4e8d745bf4,cust_000765,1814.88,card,risk_flagged,0,9,0.635,active,returning,12,32.2,0.159,1,0,not_recovered
txn_a50c9bca0d9e,cust_000709,218.36,upi,network_timeout,2,5,0.886,paused,returning,9,37.7,0.117,1,1,recovered
txn_882adda14467,cust_000091,468.65,card,network_timeout,0,0,0.5,none,new,5,720.0,0.246,0,1,recovered
txn_a33b3c4eb9a0,cust_001522,1401.33,upi,insufficient_funds,0,0,0.5,none,new,16,720.0,0.336,0,1,recovered
txn_c1fd2ea48e25,cust_001069,741.78,upi,otp_failed,1,0,0.5,cancelled,new,18,720.0,0.214,0,0,not_recovered
txn_fb63a4541ccc,cust_000830,4157.7,card,otp_failed,2,2,0.702,active,returning,15,69.6,0.038,2,1,recovered
txn_3e96aa218a25,cust_000110,614.61,upi,network_timeout,2,0,0.5,paused,new,15,720.0,0.252,0,0,not_recovered
txn_9a1c09780997,cust_000010,1272.61,wallet,invalid_card,1,0,0.5,active,new,22,720.0,0.266,0,0,not_recovered
txn_9a03b3c88959,cust_000606,1318.4,netbanking,insufficient_funds,0,0,0.5,active,new,1,720.0,0.343,0,0,not_recovered
txn_3ac0a06e05d0,cust_000456,5909.22,upi,insufficient_funds,0,11,0.996,active,returning,23,70.4,0.602,0,1,recovered
txn_f64bde12aac9,cust_000159,1155.84,card,otp_failed,0,0,0.5,none,new,25,720.0,0.138,0,0,not_recovered
txn_c9a9780e97f8,cust_000514,3002.41,card,invalid_card,0,27,0.501,none,loyal,4,212.9,0.086,0,0,not_recovered
txn_39351268ec69,cust_001488,2383.05,wallet,otp_failed,0,0,0.5,none,new,30,720.0,0.276,1,0,not_recovered
txn_fb1d768066b4,cust_001123,4505.07,upi,invalid_card,0,4,0.639,active,returning,14,45.3,0.209,2,0,not_recovered
txn_39abe326b83b,cust_000435,4294.94,upi,network_timeout,0,4,0.716,active,returning,10,125.3,0.03,3,1,recovered
txn_40b35467339f,cust_001138,1938.95,wallet,otp_failed,0,1,0.704,none,returning,9,11.1,0.167,3,1,recovered
txn_0360da8c6187,cust_000770,434.13,card,card_declined_bank,1,0,0.5,active,new,30,720.0,0.201,0,0,not_recovered
txn_1ccf5e731674,cust_001083,1622.03,upi,bank_server_error,0,22,0.948,paused,loyal,17,192.6,0.212,1,1,recovered
txn_1446cc26f709,cust_000366,1962.63,card,insufficient_funds,0,18,0.708,cancelled,loyal,30,84.1,0.28,1,1,recovered
txn_ef02b795d69a,cust_000044,2584.81,card,invalid_card,1,0,0.5,none,new,22,720.0,0.519,1,0,not_recovered
txn_db53a35052a5,cust_000871,1028.85,upi,network_timeout,1,0,0.5,none,new,14,720.0,0.15,0,0,not_recovered
txn_ae494f0eab63,cust_001481,5579.26,card,insufficient_funds,0,18,0.825,none,loyal,0,4.5,0.407,4,1,recovered
txn_631d19beedc9,cust_000169,2022.84,wallet,risk_flagged,0,6,0.971,none,returning,28,27.3,0.24,5,0,not_recovered
txn_c07a3220519e,cust_000701,872.67,card,risk_flagged,2,0,0.5,cancelled,new,7,720.0,0.295,0,0,not_recovered
txn_7bb075948bcc,cust_001082,1322.92,netbanking,invalid_card,1,0,0.5,cancelled,new,24,720.0,0.024,0,0,not_recovered
txn_f60d6164d628,cust_001396,11335.43,upi,risk_flagged,0,7,0.472,none,returning,3,33.5,0.052,4,0,not_recovered
txn_086aa4ee300e,cust_000267,3633.46,upi,network_timeout,0,7,0.786,none,returning,25,197.7,0.301,1,1,recovered
txn_01e73533bfd4,cust_001319,5133.85,wallet,risk_flagged,0,5,0.759,paused,returning,0,110.3,0.263,3,0,not_recovered
txn_61665fa1ba1b,cust_001478,782.56,upi,bank_server_error,0,21,0.477,active,loyal,3,79.6,0.211,1,0,not_recovered
txn_d75bb0650f9f,cust_000243,1074.98,card,otp_failed,0,5,0.815,none,returning,9,13.2,0.311,1,1,recovered
txn_ae7cfeaee7f1,cust_000900,1082.17,card,insufficient_funds,2,0,0.5,none,new,24,720.0,0.162,0,0,not_recovered
txn_52f9bfaab349,cust_000603,2358.91,card,card_declined_bank,0,8,0.754,none,returning,30,217.6,0.454,3,0,not_recovered
txn_196958e57a2a,cust_001407,1708.55,wallet,otp_failed,0,8,0.906,none,returning,7,243.5,0.106,2,0,not_recovered
txn_9023501f021d,cust_001124,1286.21,upi,risk_flagged,1,0,0.5,active,new,17,720.0,0.143,0,0,not_recovered
txn_8fb7f0d151d1,cust_000131,1439.91,card,network_timeout,0,0,0.5,active,new,23,720.0,0.119,0,1,recovered
txn_080584af90ea,cust_001427,977.86,card,network_timeout,1,6,0.71,none,returning,27,188.4,0.537,1,1,recovered
txn_d452dad8f935,cust_000477,1699.59,upi,bank_server_error,0,4,0.624,cancelled,returning,7,36.8,0.453,3,0,not_recovered
txn_c1bffb050e98,cust_001053,5441.96,upi,network_timeout,0,0,0.5,paused,new,3,720.0,0.406,0,0,not_recovered
txn_7f0e30d329ef,cust_000858,511.92,card,otp_failed,0,7,0.89,none,returning,24,79.3,0.358,1,0,not_recovered
txn_2c3c6b277811,cust_000532,2729.38,netbanking,insufficient_funds,2,7,0.967,active,returning,1,29.7,0.179,0,0,not_recovered
txn_881f942c7e91,cust_000915,6919.39,upi,bank_server_error,1,5,0.636,paused,returning,27,20.4,0.21,3,0,not_recovered
txn_a1494cb85546,cust_001409,1694.48,netbanking,network_timeout,1,5,0.761,none,returning,12,237.3,0.083,2,0,not_recovered
txn_e9377e0c33d2,cust_001243,1241.42,card,network_timeout,0,21,0.781,none,loyal,15,290.3,0.053,2,1,recovered
txn_3c455dacdc02,cust_001497,4590.79,upi,otp_failed,1,9,0.841,none,returning,15,32.5,0.243,0,0,not_recovered
txn_c8616cd1703a,cust_000024,824.02,card,insufficient_funds,0,0,0.5,active,new,13,720.0,0.296,0,0,not_recovered
txn_80e2fc36752f,cust_000854,1957.8,card,network_timeout,1,2,0.928,paused,returning,0,11.4,0.54,2,1,recovered
txn_0dba679dc690,cust_001097,783.79,upi,insufficient_funds,0,4,0.929,none,returning,4,53.2,0.05,0,1,recovered
txn_cd0c462284fd,cust_000474,371.26,upi,network_timeout,1,0,0.5,none,new,10,720.0,0.238,0,0,not_recovered
txn_942376918bb7,cust_000856,1742.74,card,otp_failed,0,0,0.5,cancelled,new,7,720.0,0.093,0,0,not_recovered
txn_0c7540bfb5b9,cust_001240,640.95,netbanking,network_timeout,0,0,0.5,none,new,25,720.0,0.168,0,1,recovered
txn_aeb3cdb2d181,cust_001486,1977.32,card,insufficient_funds,1,6,0.717,cancelled,returning,30,192.0,0.238,3,0,not_recovered
txn_8eccc2fe87f8,cust_000404,5450.85,upi,otp_failed,0,6,0.92,none,returning,6,2.8,0.279,1,1,recovered
txn_66da6ccfd997,cust_001247,10602.34,emi,bank_server_error,0,0,0.5,none,new,22,720.0,0.118,0,0,not_recovered
txn_1745178be33d,cust_000740,2173.68,upi,otp_failed,2,22,0.497,cancelled,loyal,15,40.5,0.302,3,0,not_recovered
txn_e403057540d5,cust_000467,5000.51,netbanking,insufficient_funds,0,18,0.516,cancelled,loyal,23,9.6,0.261,1,0,not_recovered
txn_ee0bddb1bc22,cust_000656,2861.4,upi,invalid_card,0,0,0.5,cancelled,new,23,720.0,0.215,1,0,not_recovered
txn_efb286d02fa8,cust_000028,1415.44,netbanking,insufficient_funds,1,25,0.9,paused,loyal,25,19.8,0.124,1,0,not_recovered
txn_a1d0daac4ac1,cust_000373,353.44,upi,insufficient_funds,1,0,0.5,none,new,29,720.0,0.139,0,1,recovered
txn_102e26a6181c,cust_000861,8637.28,upi,risk_flagged,0,10,0.604,active,loyal,18,5.1,0.207,3,0,not_recovered
txn_a329203c5eb2,cust_001175,777.29,card,otp_failed,0,18,0.776,none,loyal,28,1.0,0.19,4,1,recovered
txn_d58b29b44689,cust_000803,6936.09,upi,otp_failed,0,0,0.5,cancelled,new,13,720.0,0.206,0,0,not_recovered
txn_fe610d113492,cust_001180,3239.35,card,risk_flagged,0,5,0.575,none,returning,1,2.9,0.23,1,0,not_recovered
txn_8fd010aec1d6,cust_001352,830.14,emi,network_timeout,1,14,0.789,paused,loyal,10,222.1,0.138,2,0,not_recovered
txn_5b254b385adb,cust_000811,2645.98,card,card_declined_bank,2,18,0.773,cancelled,loyal,21,163.0,0.268,2,0,not_recovered
txn_73602ffa172d,cust_000154,13624.43,card,otp_failed,0,11,0.665,cancelled,loyal,0,368.0,0.207,0,0,not_recovered
txn_931a45ba2d9a,cust_001316,7959.23,netbanking,insufficient_funds,0,3,0.628,cancelled,returning,25,217.3,0.219,2,0,not_recovered
txn_d35a9e7f1d93,cust_000909,1259.61,card,insufficient_funds,1,0,0.5,none,new,25,720.0,0.139,0,0,not_recovered
txn_f1d4b4620960,cust_000610,1052.81,card,network_timeout,0,14,0.8,none,loyal,7,91.3,0.133,5,0,not_recovered
txn_3971351cfd68,cust_001544,2186.78,upi,invalid_card,1,11,0.8,cancelled,returning,26,19.8,0.385,1,0,not_recovered
txn_3fe0473fd196,cust_001023,1721.65,card,network_timeout,0,4,0.928,active,returning,24,17.6,0.463,3,1,recovered
txn_d60cdbf67e1c,cust_000038,5882.66,card,insufficient_funds,0,8,0.777,active,returning,10,1.7,0.105,0,1,recovered
txn_75e8490a3678,cust_001466,3887.92,upi,otp_failed,1,4,0.697,cancelled,returning,28,17.5,0.125,2,1,recovered
txn_466955cb5efd,cust_000084,435.71,card,card_declined_bank,2,0,0.5,none,new,15,720.0,0.496,1,0,not_recovered
txn_1edcf3016d7a,cust_001349,3019.38,card,network_timeout,0,9,0.471,none,returning,13,203.3,0.188,2,1,recovered
txn_2f11593a8584,cust_000004,1700.74,card,card_declined_bank,1,0,0.5,active,new,17,720.0,0.358,1,0,not_recovered
txn_552647f4464f,cust_001043,2066.06,card,bank_server_error,0,4,0.99,none,returning,30,26.5,0.181,4,0,not_recovered
txn_077574467b13,cust_000090,2500.01,card,risk_flagged,0,30,0.764,cancelled,loyal,20,62.1,0.375,1,0,not_recovered
txn_f8ad134d08c7,cust_000078,5877.32,card,network_timeout,0,10,0.54,none,returning,15,72.6,0.184,3,1,recovered
txn_8bf7474ef9c8,cust_000350,4817.52,upi,network_timeout,0,5,0.87,none,returning,20,27.8,0.257,1,1,recovered
txn_d2c7d02c1701,cust_000370,1017.63,upi,otp_failed,1,0,0.5,none,new,22,720.0,0.238,0,1,recovered
txn_70ae5302d644,cust_001021,1895.52,card,network_timeout,0,11,0.549,paused,loyal,6,51.3,0.531,5,1,recovered
txn_f531ed0d1ba3,cust_000149,1334.53,card,bank_server_error,0,5,0.962,cancelled,returning,16,89.3,0.458,1,1,recovered
txn_6c71eb39eb92,cust_000779,439.81,wallet,network_timeout,0,4,0.976,none,returning,21,39.6,0.214,0,0,not_recovered
txn_65f309d666af,cust_001543,1810.88,upi,card_declined_bank,1,0,0.5,none,new,5,720.0,0.099,0,0,not_recovered
txn_ba2d200f8dd1,cust_000133,10512.07,upi,risk_flagged,2,0,0.5,active,new,23,720.0,0.592,0,0,not_recovered
txn_8fffd79081dd,cust_001438,428.02,upi,card_declined_bank,0,13,0.875,none,returning,0,78.5,0.048,1,0,not_recovered
txn_4e6c9eaa92d4,cust_000551,1955.39,card,invalid_card,0,19,0.877,active,loyal,0,303.5,0.3,0,0,not_recovered
txn_004214229e1f,cust_000372,1899.75,netbanking,risk_flagged,2,1,0.535,none,returning,12,59.6,0.187,1,1,recovered
txn_1fa00db463ad,cust_000628,2588.83,wallet,bank_server_error,0,0,0.5,none,new,19,720.0,0.221,0,0,not_recovered
txn_429a5d585181,cust_000309,840.12,wallet,insufficient_funds,1,15,0.861,none,loyal,3,259.7,0.123,2,0,not_recovered
txn_1b782af3012b,cust_000982,554.13,card,risk_flagged,0,7,0.605,active,returning,12,143.4,0.218,1,0,not_recovered
txn_84629cc6dc21,cust_000297,577.82,card,risk_flagged,1,19,0.431,active,loyal,5,93.7,0.276,0,0,not_recovered
txn_5697ffe4b61e,cust_000404,6619.93,card,invalid_card,0,0,0.5,active,new,27,720.0,0.344,0,0,not_recovered
txn_b310c64510f6,cust_000728,825.16,card,card_declined_bank,0,3,0.852,none,returning,22,233.9,0.432,0,0,not_recovered
txn_797c9a1a6e11,cust_000007,1274.61,card,network_timeout,0,19,0.598,active,loyal,29,355.7,0.154,3,1,recovered
txn_35f7f8db1b23,cust_000033,13282.06,upi,invalid_card,0,0,0.5,active,new,11,720.0,0.641,0,0,not_recovered
txn_7067da75952e,cust_000099,1031.91,card,invalid_card,0,3,0.585,cancelled,returning,18,23.8,0.353,1,0,not_recovered
txn_ba8832b89b7e,cust_000123,2719.38,wallet,otp_failed,2,20,0.905,active,loyal,11,64.0,0.169,1,1,recovered
txn_852cbc5e805a,cust_000077,5205.29,card,risk_flagged,0,0,0.5,paused,new,12,720.0,0.318,1,0,not_recovered
txn_6ce162be7a71,cust_000379,4984.8,card,bank_server_error,0,0,0.5,none,new,16,720.0,0.038,0,0,not_recovered
txn_5bf1aeaca762,cust_001277,602.8,netbanking,invalid_card,0,5,0.589,none,returning,29,6.6,0.26,0,0,not_recovered
txn_b167eb006aec,cust_000926,1051.51,upi,network_timeout,0,0,0.5,none,new,27,720.0,0.519,0,1,recovered
txn_b6f05313e665,cust_000027,2623.14,card,risk_flagged,0,0,0.5,active,new,8,720.0,0.07,0,0,not_recovered
txn_a116dd729781,cust_000029,11340.27,upi,network_timeout,0,4,0.905,paused,returning,9,48.5,0.19,4,1,recovered
txn_91d19c6a1e6a,cust_000437,1006.91,card,insufficient_funds,1,10,0.626,paused,returning,15,5.6,0.407,2,0,not_recovered
txn_5bd827c89b74,cust_000050,1281.45,card,network_timeout,1,0,0.5,none,new,23,720.0,0.1,0,1,recovered
txn_bf10c29ab7be,cust_000540,2914.98,upi,bank_server_error,0,0,0.5,paused,new,10,720.0,0.129,0,1,recovered
txn_e0a06a00f09d,cust_001047,3490.12,card,insufficient_funds,1,13,0.65,none,loyal,2,187.5,0.183,1,1,recovered
txn_204645b2756e,cust_001257,3685.75,upi,invalid_card,0,7,0.777,cancelled,returning,4,52.0,0.069,2,0,not_recovered
txn_eba536fb2ba0,cust_000811,932.88,card,bank_server_error,0,26,0.82,paused,loyal,12,6.7,0.415,1,1,recovered
txn_3b819b8848fc,cust_001202,1237.88,upi,risk_flagged,2,6,0.577,active,returning,27,54.3,0.132,4,0,not_recovered
txn_226bc19b96d9,cust_000939,2425.88,netbanking,insufficient_funds,1,18,0.56,paused,loyal,21,53.5,0.253,1,1,recovered
txn_aabb083f14b0,cust_001107,6223.45,card,network_timeout,0,7,0.866,cancelled,returning,7,90.8,0.051,2,0,not_recovered
txn_702c66031c36,cust_000353,1612.22,card,card_declined_bank,0,0,0.5,none,new,18,720.0,0.277,0,0,not_recovered
txn_fad807e39fbc,cust_001001,1958.49,upi,otp_failed,0,24,0.823,active,loyal,24,1.4,0.101,3,0,not_recovered
txn_6a18637f5364,cust_001469,793.67,netbanking,bank_server_error,0,2,0.775,paused,returning,8,162.7,0.596,2,0,not_recovered
txn_a775a6e4806e,cust_000916,10688.29,upi,card_declined_bank,1,0,0.5,none,new,23,720.0,0.144,0,0,not_recovered
txn_2613b8f134ba,cust_001409,2295.8,upi,risk_flagged,0,0,0.5,none,new,19,720.0,0.38,0,0,not_recovered
txn_6b61c0e4b6ad,cust_001478,5271.02,upi,otp_failed,2,7,0.845,paused,returning,20,58.6,0.16,2,1,recovered
txn_ae71ed967fcc,cust_001023,2052.69,card,invalid_card,1,0,0.5,none,new,4,720.0,0.354,1,0,not_recovered
txn_1ef3faff7524,cust_000008,2157.58,upi,card_declined_bank,0,0,0.5,paused,new,3,720.0,0.291,0,0,not_recovered
txn_932d30f4624b,cust_000720,517.87,card,otp_failed,1,0,0.5,none,new,14,720.0,0.067,0,0,not_recovered
txn_f479ea3699d2,cust_000770,288.39,upi,insufficient_funds,1,6,0.711,active,returning,12,297.3,0.122,1,1,recovered
txn_4c405cef4762,cust_000321,6165.44,card,network_timeout,0,10,0.78,cancelled,returning,9,50.0,0.113,0,1,recovered
txn_9a205ed3cb54,cust_001026,2143.62,card,insufficient_funds,0,7,0.862,none,returning,28,50.1,0.152,1,1,recovered
txn_a0e5e8ba30ba,cust_000351,2406.15,upi,card_declined_bank,1,0,0.5,none,new,7,720.0,0.214,0,0,not_recovered
txn_d5eae74bdb50,cust_000975,649.27,upi,otp_failed,2,0,0.5,none,new,11,720.0,0.271,0,0,not_recovered
txn_26f4762e8c5a,cust_000462,886.47,upi,insufficient_funds,0,4,0.794,active,returning,1,10.1,0.366,2,1,recovered
txn_b70904cf7c6d,cust_001517,5198.22,upi,otp_failed,1,8,0.456,none,returning,0,230.1,0.494,3,1,recovered
txn_8da7cd75cc9f,cust_001389,9567.52,wallet,network_timeout,1,5,0.731,none,returning,10,119.1,0.245,1,1,recovered
txn_8b6f37062fe0,cust_001164,1142.36,netbanking,insufficient_funds,2,0,0.5,cancelled,new,22,720.0,0.02,1,0,not_recovered
txn_a307acd621a7,cust_000552,3656.77,wallet,invalid_card,0,0,0.5,cancelled,new,18,720.0,0.198,1,0,not_recovered
txn_cafb248fc7af,cust_000923,2370.89,upi,insufficient_funds,0,0,0.5,paused,new,21,720.0,0.43,1,0,not_recovered
txn_b7edc2cd8207,cust_001292,1792.78,upi,insufficient_funds,1,7,0.648,active,returning,23,107.1,0.09,4,1,recovered
txn_0dffde9219b6,cust_000422,10580.45,upi,bank_server_error,0,5,0.523,none,returning,17,128.8,0.2,1,0,not_recovered
txn_7ab0f9a522f2,cust_000425,1328.92,upi,insufficient_funds,0,14,0.664,active,loyal,13,159.4,0.164,2,0,not_recovered
txn_abc8880feaca,cust_001388,6103.64,card,card_declined_bank,0,4,0.534,paused,returning,11,5.7,0.276,0,0,not_recovered
txn_0222aafa82a9,cust_000678,2816.59,upi,invalid_card,0,5,0.699,none,returning,1,49.6,0.353,1,0,not_recovered
txn_4cea48443a7e,cust_000500,1968.05,card,otp_failed,1,9,0.62,cancelled,returning,10,406.0,0.288,2,1,recovered
txn_1d1a28a9145f,cust_000818,6869.29,card,otp_failed,0,0,0.5,none,new,15,720.0,0.511,1,0,not_recovered
txn_510c8af87c29,cust_001107,2594.43,netbanking,insufficient_funds,1,8,0.539,active,returning,7,46.4,0.144,1,1,recovered
txn_c25d44216343,cust_000006,1832.09,card,bank_server_error,0,0,0.5,cancelled,new,4,720.0,0.301,1,0,not_recovered
txn_c8f618ce5168,cust_000522,6915.34,upi,insufficient_funds,1,6,0.594,none,returning,18,4.9,0.063,0,0,not_recovered
txn_ab69955ae2ee,cust_001273,6150.79,upi,network_timeout,0,0,0.5,paused,new,14,720.0,0.154,0,1,recovered
txn_22a01068abdb,cust_000924,5894.45,card,risk_flagged,0,6,0.574,cancelled,returning,30,79.1,0.041,3,0,not_recovered
txn_b963fb6e0ce8,cust_000931,60.4,wallet,bank_server_error,2,15,0.573,none,loyal,25,57.0,0.155,1,0,not_recovered
txn_ba1a9d3a9504,cust_000666,2969.53,card,bank_server_error,1,0,0.5,none,new,24,720.0,0.061,0,0,not_recovered
txn_0b319778a2b3,cust_000123,2418.51,wallet,network_timeout,0,5,0.723,none,returning,15,364.1,0.613,2,1,recovered
txn_8d7d2a528ca7,cust_000723,1936.47,netbanking,card_declined_bank,0,3,0.916,paused,returning,20,143.9,0.289,2,0,not_recovered
txn_80b16d88a991,cust_000033,3459.23,card,network_timeout,0,0,0.5,cancelled,new,27,720.0,0.255,3,0,not_recovered
txn_a5d1edf578fc,cust_000634,2526.28,card,insufficient_funds,2,12,0.863,none,returning,17,115.6,0.075,1,0,not_recovered
txn_b06426129cf2,cust_000159,3677.64,card,risk_flagged,0,3,0.791,none,returning,7,50.3,0.384,1,1,recovered
txn_10ebd07c49eb,cust_001224,1570.01,card,bank_server_error,2,20,0.743,active,loyal,21,114.4,0.287,2,1,recovered
txn_3fb4677a7984,cust_001176,7695.28,card,invalid_card,0,22,0.982,none,loyal,3,81.3,0.452,2,1,recovered
txn_d3457032311a,cust_000914,4028.1,emi,network_timeout,1,0,0.5,paused,new,15,720.0,0.267,0,0,not_recovered
txn_84e160b98fbc,cust_001253,3256.06,card,card_declined_bank,0,2,0.814,paused,returning,26,78.4,0.149,0,0,not_recovered
txn_d08441254e77,cust_000781,3116.09,netbanking,invalid_card,0,6,0.323,none,returning,26,32.5,0.271,2,0,not_recovered
txn_417649d8db38,cust_001438,5662.12,card,bank_server_error,2,0,0.5,none,new,24,720.0,0.125,1,0,not_recovered
txn_f041271c7bc3,cust_000765,5011.64,emi,otp_failed,0,0,0.5,active,new,18,720.0,0.176,0,0,not_recovered
txn_768390319634,cust_000064,1805.34,card,insufficient_funds,2,13,0.494,active,loyal,10,8.5,0.369,1,1,recovered
txn_7c9010ffbeee,cust_000725,4872.1,upi,card_declined_bank,0,0,0.5,none,new,7,720.0,0.272,0,0,not_recovered
txn_4b3186fe0fd4,cust_000147,2337.06,upi,risk_flagged,0,3,0.54,paused,returning,15,124.6,0.201,0,1,recovered
txn_cb27415cd9c5,cust_001257,11217.54,card,otp_failed,2,11,0.545,none,loyal,17,115.6,0.195,1,0,not_recovered
txn_b2653f37db06,cust_000856,5366.63,netbanking,invalid_card,1,0,0.5,none,new,9,720.0,0.152,0,0,not_recovered
txn_dd4050e95893,cust_000772,1137.91,card,otp_failed,0,7,0.812,none,returning,7,3.4,0.368,2,1,recovered
txn_6c82031872a7,cust_000483,16279.14,upi,otp_failed,0,25,0.78,active,loyal,23,82.8,0.162,1,1,recovered
txn_d0f65c87caf5,cust_000763,301.32,upi,insufficient_funds,0,2,0.972,active,returning,16,27.0,0.115,3,0,not_recovered
txn_70bf4c46c66c,cust_001530,3546.16,upi,otp_failed,1,0,0.5,cancelled,new,15,720.0,0.176,0,1,recovered
txn_4dc36518ba90,cust_000207,1067.82,card,risk_flagged,0,0,0.5,active,new,24,720.0,0.151,0,0,not_recovered
txn_fc8490996092,cust_000416,10872.18,card,otp_failed,0,26,0.667,none,loyal,30,389.7,0.335,0,0,not_recovered
txn_45d75396f7dd,cust_000380,2508.71,card,insufficient_funds,0,0,0.5,none,new,22,720.0,0.507,0,0,not_recovered
txn_32e2e5784a68,cust_000207,978.07,card,bank_server_error,1,12,0.796,active,returning,24,46.1,0.109,2,1,recovered
txn_95f9065f6294,cust_001254,1572.08,card,card_declined_bank,2,0,0.5,active,new,8,720.0,0.252,0,0,not_recovered
txn_c41a36b3dbb1,cust_001256,1050.96,wallet,invalid_card,1,5,0.9,active,returning,26,169.4,0.278,1,0,not_recovered
txn_2380e779a3df,cust_001278,1517.47,upi,network_timeout,0,19,0.686,none,loyal,22,8.1,0.204,0,1,recovered
txn_cd31950b2a54,cust_000677,1486.56,upi,network_timeout,0,3,0.581,paused,returning,17,156.9,0.36,0,0,not_recovered
txn_f8817d7cc5e9,cust_000543,1016.34,card,insufficient_funds,0,20,0.789,none,loyal,3,109.8,0.313,3,0,not_recovered
txn_834b3a9d4688,cust_000436,2547.98,card,network_timeout,1,0,0.5,none,new,16,720.0,0.231,1,1,recovered
txn_f7431b57b2e3,cust_000305,2841.54,upi,invalid_card,0,7,0.43,none,returning,20,92.8,0.347,0,0,not_recovered
txn_232eb92b07ec,cust_000587,815.11,card,bank_server_error,1,13,0.854,cancelled,loyal,6,146.5,0.656,3,0,not_recovered
txn_92491d84ed58,cust_001224,449.24,card,bank_server_error,0,7,0.849,active,returning,9,158.2,0.207,1,0,not_recovered
txn_e255ad8f4ee7,cust_000113,2643.5,upi,insufficient_funds,2,0,0.5,paused,new,24,720.0,0.192,0,0,not_recovered
txn_74efce2549ec,cust_001418,3225.13,upi,bank_server_error,0,11,0.547,none,loyal,19,7.5,0.174,1,0,not_recovered
txn_d37b19a3e4a1,cust_000549,3855.27,emi,invalid_card,0,3,0.384,cancelled,returning,7,51.0,0.019,1,0,not_recovered
txn_a79eacdbd1be,cust_001085,3281.5,card,bank_server_error,2,5,0.907,none,returning,26,51.0,0.333,3,1,recovered
txn_42a0d8bbc91d,cust_000863,8229.21,upi,network_timeout,2,16,0.758,active,loyal,26,260.6,0.254,4,0,not_recovered
txn_e67da380377c,cust_000586,4901.82,card,insufficient_funds,0,0,0.5,none,new,4,720.0,0.09,0,0,not_recovered
txn_5efddbf1c5e9,cust_000893,22288.93,card,invalid_card,1,0,0.5,active,new,2,720.0,0.593,0,0,not_recovered
txn_0bb608022a4e,cust_000765,32551.62,upi,invalid_card,1,0,0.5,paused,new,21,720.0,0.376,0,0,not_recovered
txn_3b37333c88cb,cust_000337,410.64,card,network_timeout,0,3,0.899,none,returning,2,48.9,0.087,6,0,not_recovered
txn_cc9a8efd88bd,cust_001358,276.6,upi,otp_failed,0,0,0.5,none,new,21,720.0,0.342,0,1,recovered
txn_b7f577ac6733,cust_000813,1984.95,upi,network_timeout,1,2,0.287,active,returning,16,219.7,0.313,1,1,recovered
txn_ab0f80c9e0be,cust_000235,3145.75,card,otp_failed,1,0,0.5,none,new,23,720.0,0.296,1,1,recovered
txn_16a2c8dcdebe,cust_000997,1866.28,wallet,network_timeout,0,5,0.678,none,returning,0,34.1,0.16,3,1,recovered
txn_c4d62b20b22b,cust_000073,3763.94,upi,card_declined_bank,0,0,0.5,cancelled,new,30,720.0,0.176,0,0,not_recovered
txn_9c5164d4b244,cust_000672,1566.79,netbanking,invalid_card,1,5,0.711,none,returning,2,180.8,0.116,1,0,not_recovered
txn_215330989e57,cust_001406,1070.03,upi,network_timeout,0,0,0.5,none,new,14,720.0,0.063,0,1,recovered
txn_712a03968457,cust_000641,1225.86,wallet,bank_server_error,1,4,0.782,paused,returning,25,2.3,0.135,1,0,not_recovered
txn_513d3c11dbbc,cust_000887,1668.78,card,network_timeout,1,11,0.618,none,returning,4,4.2,0.352,2,1,recovered
txn_b687360e68f1,cust_000073,4269.11,upi,insufficient_funds,0,16,0.821,none,returning,23,79.0,0.224,2,1,recovered
txn_6b0018e0262f,cust_000988,1289.4,netbanking,network_timeout,0,16,0.753,active,loyal,21,152.9,0.367,2,1,recovered
txn_ae8c40e993e7,cust_000839,1540.6,card,insufficient_funds,0,3,0.765,none,returning,27,58.3,0.273,4,0,not_recovered
txn_eae3549be46b,cust_000214,3338.23,card,invalid_card,0,0,0.5,none,new,16,720.0,0.122,0,1,recovered
txn_6d83842e0991,cust_001164,1670.84,emi,network_timeout,0,21,0.748,active,loyal,9,165.1,0.318,2,1,recovered
txn_e04f06d9efaa,cust_001125,5459.1,upi,risk_flagged,1,0,0.5,paused,new,25,720.0,0.207,0,0,not_recovered
txn_59dea61fa204,cust_000630,873.44,upi,network_timeout,1,0,0.5,active,new,4,720.0,0.132,0,0,not_recovered
txn_50bd477ab07d,cust_000873,718.58,upi,bank_server_error,0,4,0.664,none,returning,24,40.9,0.243,3,0,not_recovered
txn_27ed5237a58a,cust_000663,2628.49,netbanking,bank_server_error,1,0,0.5,active,new,5,720.0,0.247,2,0,not_recovered
txn_ba5eb4ba30f6,cust_000521,2875.15,netbanking,invalid_card,0,0,0.5,none,new,22,720.0,0.101,1,0,not_recovered
txn_be8c238d97f5,cust_000113,917.39,upi,network_timeout,1,4,0.799,paused,returning,1,77.3,0.374,4,1,recovered
txn_2198611f2050,cust_001038,6695.8,card,network_timeout,0,0,0.5,active,new,12,720.0,0.541,0,1,recovered
txn_eda073646177,cust_000308,11298.7,card,card_declined_bank,0,15,0.404,none,loyal,27,331.8,0.101,2,0,not_recovered
txn_60b34688227b,cust_001423,1135.62,upi,card_declined_bank,0,22,0.794,none,loyal,14,109.9,0.34,1,0,not_recovered
txn_a683db52b415,cust_001520,7620.3,netbanking,otp_failed,0,8,0.532,paused,returning,0,231.3,0.151,2,1,recovered
txn_dc9766ec8168,cust_001425,234.18,upi,network_timeout,2,0,0.354,active,returning,28,8.7,0.232,1,0,not_recovered
txn_8109f1b3d6b6,cust_000908,5263.23,card,insufficient_funds,0,5,0.758,paused,returning,18,39.5,0.238,1,0,not_recovered
txn_e1835d477603,cust_000054,923.35,card,card_declined_bank,0,21,0.875,none,loyal,13,35.8,0.125,2,0,not_recovered
txn_c28074f99e2f,cust_001152,4810.06,upi,otp_failed,1,0,0.5,none,new,27,720.0,0.31,1,0,not_recovered
txn_5ff2dfa9ccc2,cust_000142,841.22,netbanking,otp_failed,0,0,0.5,none,new,18,720.0,0.62,0,0,not_recovered
txn_72909d6d8c02,cust_001260,1878.75,card,insufficient_funds,0,6,0.836,none,returning,18,89.8,0.158,1,0,not_recovered
txn_a43bc21da0dc,cust_000846,963.81,upi,insufficient_funds,0,5,0.622,none,returning,21,208.1,0.149,2,0,not_recovered
txn_e0ce85c59133,cust_000904,1648.31,netbanking,invalid_card,0,0,0.5,active,new,5,720.0,0.272,1,0,not_recovered
txn_fcda706dc391,cust_000971,10372.69,wallet,card_declined_bank,1,6,0.592,none,returning,3,61.9,0.192,3,0,not_recovered
txn_28bd7ac1500c,cust_001168,1813.21,card,network_timeout,0,0,0.5,none,new,18,720.0,0.179,0,0,not_recovered
txn_9f1b62cbc48c,cust_001447,13350.0,wallet,invalid_card,0,22,0.671,none,loyal,23,19.4,0.247,2,0,not_recovered
txn_e82f79ee65b3,cust_000811,1412.01,upi,otp_failed,0,0,0.5,active,new,29,720.0,0.398,0,0,not_recovered
txn_46409dabe273,cust_000955,7650.97,netbanking,insufficient_funds,2,0,0.5,none,new,0,720.0,0.137,0,0,not_recovered
txn_8043ca95e39a,cust_001272,462.61,card,insufficient_funds,1,0,0.5,none,new,2,720.0,0.163,1,0,not_recovered
txn_b39f680b1605,cust_001236,1544.02,upi,card_declined_bank,0,0,0.5,none,new,30,720.0,0.327,1,0,not_recovered
txn_788515f2b59e,cust_000694,1233.36,upi,insufficient_funds,1,0,0.5,cancelled,new,5,720.0,0.036,0,1,recovered
txn_2bc9660d8064,cust_001096,7973.95,card,otp_failed,0,0,0.5,none,new,17,720.0,0.126,0,1,recovered
txn_30aaeed56277,cust_000164,2360.72,upi,card_declined_bank,0,0,0.5,none,new,14,720.0,0.087,0,1,recovered
txn_9802f2f91737,cust_000671,305.13,upi,network_timeout,1,0,0.5,active,new,5,720.0,0.13,2,1,recovered
txn_fd1c55801150,cust_000140,614.55,upi,invalid_card,1,7,0.7,cancelled,returning,23,146.9,0.373,3,0,not_recovered
txn_1ca21bc82a3f,cust_000520,803.2,card,insufficient_funds,0,2,0.833,none,returning,24,70.6,0.326,2,1,recovered
txn_7da8ad89bd94,cust_000765,4631.54,upi,insufficient_funds,1,0,0.5,none,new,8,720.0,0.324,0,0,not_recovered
txn_16678599ecb2,cust_000989,4123.7,card,otp_failed,1,0,0.5,active,new,26,720.0,0.33,0,1,recovered
txn_c21726ad03e7,cust_000617,1524.83,wallet,otp_failed,1,0,0.5,active,new,18,720.0,0.055,0,1,recovered
txn_cf5781477730,cust_001000,1219.68,emi,bank_server_error,1,0,0.5,paused,new,6,720.0,0.501,1,0,not_recovered
txn_b3a6da168a5d,cust_000090,3807.58,card,otp_failed,0,0,0.5,active,new,8,720.0,0.452,0,0,not_recovered
txn_a9971c357e7b,cust_000551,723.01,card,risk_flagged,2,7,0.665,active,returning,1,30.2,0.143,4,0,not_recovered
txn_d2a310d5c767,cust_000118,3016.65,card,card_declined_bank,0,17,0.759,active,loyal,17,11.4,0.411,3,0,not_recovered
txn_b7eb27430631,cust_000474,2794.1,upi,card_declined_bank,0,18,0.377,cancelled,loyal,16,35.2,0.061,2,1,recovered
txn_9c3e575aa7db,cust_000453,1560.67,wallet,insufficient_funds,0,7,0.644,paused,returning,5,117.0,0.323,4,0,not_recovered
txn_b7554ba4a036,cust_000173,2858.09,upi,insufficient_funds,1,10,0.885,cancelled,returning,19,12.8,0.199,2,0,not_recovered
txn_1bba261bfce9,cust_000652,2190.5,card,bank_server_error,0,0,0.5,paused,new,9,720.0,0.479,1,0,not_recovered
txn_58bdd7819233,cust_000147,3126.53,card,network_timeout,0,3,0.815,cancelled,returning,5,77.0,0.279,1,0,not_recovered
txn_a91b6089ca92,cust_001056,601.43,card,card_declined_bank,1,7,0.902,none,returning,5,32.3,0.557,2,1,recovered
txn_cc3c79c78c58,cust_000135,3473.96,netbanking,insufficient_funds,0,17,0.954,active,loyal,17,2.4,0.21,1,0,not_recovered
txn_35bd56ad60af,cust_001368,5033.85,upi,insufficient_funds,0,19,0.62,none,loyal,28,223.2,0.414,2,0,not_recovered
txn_549daea06fd0,cust_001084,2667.39,upi,insufficient_funds,0,5,0.907,active,returning,16,130.2,0.064,1,0,not_recovered
txn_71fc4b63c23d,cust_000542,3432.67,card,insufficient_funds,1,4,0.81,none,returning,19,590.0,0.237,1,0,not_recovered
txn_e997c055b847,cust_000824,1809.98,wallet,insufficient_funds,0,26,0.706,active,loyal,26,103.7,0.242,3,0,not_recovered
txn_5e4ac4340b64,cust_000783,4456.86,card,otp_failed,0,0,0.5,active,new,20,720.0,0.186,0,0,not_recovered
txn_23d293ad221e,cust_001355,2119.05,netbanking,otp_failed,0,13,0.63,none,loyal,25,106.9,0.169,2,1,recovered
txn_df065356beb1,cust_000310,711.13,wallet,insufficient_funds,2,0,0.5,active,new,16,720.0,0.331,0,0,not_recovered
txn_65b777bbccd3,cust_000175,4180.54,upi,network_timeout,1,11,0.764,active,loyal,4,377.9,0.382,0,0,not_recovered
txn_dcdbb1e45a4c,cust_000666,459.1,wallet,card_declined_bank,0,2,0.543,active,returning,20,251.1,0.397,1,0,not_recovered
txn_157b1860c5c2,cust_001548,2577.31,card,network_timeout,1,0,0.5,none,new,21,720.0,0.152,0,1,recovered
txn_f228d92d2112,cust_000451,1414.03,upi,bank_server_error,1,3,0.769,active,returning,13,73.1,0.133,4,0,not_recovered
txn_f474364db7cc,cust_000701,1335.0,card,bank_server_error,1,0,0.5,active,new,15,720.0,0.039,0,1,recovered
txn_493852d6d7f7,cust_001302,2332.72,upi,otp_failed,0,7,0.69,active,returning,2,76.4,0.452,1,1,recovered
txn_094d1d78ae3f,cust_001219,1055.36,card,risk_flagged,0,9,0.928,paused,returning,14,69.0,0.372,4,1,recovered
txn_66b5535572ba,cust_000296,3168.41,card,otp_failed,1,9,0.793,active,returning,28,165.2,0.117,2,0,not_recovered
txn_3b15af860b49,cust_000355,2102.99,card,invalid_card,0,22,0.74,active,loyal,5,109.8,0.108,2,0,not_recovered
txn_c5ea90d66d4a,cust_000261,1146.46,card,risk_flagged,0,0,0.5,cancelled,new,19,720.0,0.4,0,1,recovered
txn_0b3bc8aeb54d,cust_000493,6663.24,upi,network_timeout,0,0,0.5,paused,new,23,720.0,0.225,0,0,not_recovered
txn_1dabe68502e6,cust_000377,2402.59,upi,insufficient_funds,0,13,0.575,active,returning,22,196.2,0.227,0,0,not_recovered
txn_a8d3b798629b,cust_000189,3525.3,card,insufficient_funds,0,0,0.5,active,new,26,720.0,0.264,2,0,not_recovered
txn_d0bf4acb5ca0,cust_000090,7150.44,emi,insufficient_funds,0,9,0.842,active,returning,6,86.6,0.403,2,0,not_recovered
txn_08add25ab8e1,cust_000547,7045.61,wallet,bank_server_error,1,0,0.5,none,new,6,720.0,0.203,0,0,not_recovered
txn_4108e5863152,cust_000412,3367.1,card,insufficient_funds,1,7,0.63,active,returning,10,179.1,0.103,1,0,not_recovered
txn_9c1680f4d604,cust_000577,1521.74,upi,insufficient_funds,0,8,0.504,cancelled,returning,0,79.7,0.198,0,1,recovered
txn_47ecd9acb168,cust_000443,551.84,upi,insufficient_funds,0,16,0.944,paused,loyal,0,111.1,0.269,0,1,recovered
txn_a693c9373966,cust_000503,2406.72,upi,otp_failed,0,0,0.5,none,new,18,720.0,0.159,1,1,recovered
txn_9e8f9cda0c88,cust_000157,5351.47,card,otp_failed,0,18,0.783,active,loyal,9,265.4,0.212,2,1,recovered
txn_81834296cfde,cust_001405,2748.7,upi,invalid_card,1,6,0.875,paused,returning,30,220.0,0.238,3,0,not_recovered
txn_c884c5417daa,cust_000370,90.01,card,network_timeout,1,0,0.5,none,new,26,720.0,0.303,2,1,recovered
txn_1226925c8f48,cust_001316,4372.35,card,insufficient_funds,1,5,0.936,paused,returning,21,111.5,0.541,0,0,not_recovered
txn_1b825871bca2,cust_001133,4620.92,upi,invalid_card,2,4,0.737,active,returning,25,113.9,0.23,1,0,not_recovered
txn_2143625ceada,cust_000164,1523.7,upi,otp_failed,0,0,0.5,none,new,7,720.0,0.084,0,0,not_recovered
txn_fa22c341b12a,cust_000706,4863.56,netbanking,otp_failed,1,9,0.84,paused,returning,21,95.5,0.54,1,0,not_recovered
txn_468d796ddf85,cust_000607,3516.32,card,bank_server_error,0,0,0.5,cancelled,new,27,720.0,0.089,0,1,recovered
txn_64cd42c3225b,cust_000759,1078.2,card,network_timeout,0,7,0.818,none,returning,4,29.8,0.396,4,1,recovered
txn_451b7a1797ca,cust_000489,6274.01,card,risk_flagged,0,6,0.825,none,returning,16,235.2,0.216,3,1,recovered
txn_bcc735f0c67a,cust_000985,638.6,card,otp_failed,0,7,0.725,none,returning,30,72.4,0.351,1,1,recovered
txn_43db2fb70e49,cust_001442,1897.86,card,otp_failed,1,16,0.865,none,loyal,15,124.5,0.581,2,1,recovered
txn_91439c015047,cust_000484,1734.89,upi,bank_server_error,1,0,0.5,cancelled,new,25,720.0,0.169,1,0,not_recovered
txn_1c2b0b78f8d3,cust_000933,950.61,upi,insufficient_funds,0,21,0.437,none,loyal,1,227.4,0.181,1,1,recovered
txn_d041637518a6,cust_000490,2626.52,upi,insufficient_funds,0,6,0.924,active,returning,10,27.7,0.181,2,1,recovered
txn_f467c06194a7,cust_001379,6498.53,card,card_declined_bank,0,16,0.766,active,loyal,1,20.9,0.615,2,0,not_recovered
txn_5af445b3c0f2,cust_000481,6142.38,card,bank_server_error,1,20,0.63,none,loyal,22,42.6,0.282,1,1,recovered
txn_191b28614048,cust_000641,3832.6,upi,network_timeout,0,0,0.5,paused,new,17,720.0,0.102,1,1,recovered
txn_596f5b34bee5,cust_000499,434.27,card,insufficient_funds,0,10,0.642,active,returning,6,176.9,0.223,0,1,recovered
txn_29ed9134023b,cust_000958,600.43,netbanking,risk_flagged,0,0,0.5,none,new,25,720.0,0.17,0,0,not_recovered
txn_e3dd792ef687,cust_001452,2320.53,card,insufficient_funds,1,17,0.84,cancelled,loyal,16,28.8,0.098,2,0,not_recovered
txn_f6e80c63cabf,cust_000214,1937.57,upi,insufficient_funds,1,5,0.943,none,returning,23,132.7,0.509,3,0,not_recovered
txn_4bbc72b58e18,cust_000507,1276.31,wallet,otp_failed,0,0,0.5,active,new,22,720.0,0.392,0,1,recovered
txn_c2661af5ab55,cust_000181,11101.0,upi,card_declined_bank,0,17,0.889,none,loyal,29,66.1,0.042,2,0,not_recovered
txn_c3783b1531da,cust_000847,2197.94,upi,otp_failed,0,0,0.5,none,new,7,720.0,0.21,1,0,not_recovered
txn_c718f9aca372,cust_000950,3255.73,upi,risk_flagged,1,6,0.814,active,returning,15,51.7,0.165,2,1,recovered
txn_177904c8bcda,cust_001072,4861.51,card,network_timeout,0,7,0.754,none,returning,5,260.8,0.111,1,1,recovered
txn_d9504648e272,cust_000873,2099.52,upi,risk_flagged,1,0,0.5,none,new,19,720.0,0.135,0,0,not_recovered
txn_70d8b4cd1a9b,cust_001172,20577.55,wallet,risk_flagged,2,11,0.998,none,returning,11,15.2,0.033,0,0,not_recovered
txn_d26507399b81,cust_001384,857.19,emi,bank_server_error,0,16,0.339,none,loyal,19,32.9,0.134,1,0,not_recovered
txn_5595e6abaff1,cust_000061,1158.1,upi,otp_failed,0,0,0.5,active,new,2,720.0,0.089,0,1,recovered
txn_ead61c87bb2c,cust_001064,855.3,card,network_timeout,0,3,0.757,active,returning,11,35.3,0.177,0,1,recovered
txn_38deed546eca,cust_001264,8155.05,netbanking,bank_server_error,0,0,0.5,active,new,14,720.0,0.155,1,1,recovered
txn_2e7519e67523,cust_000329,4112.87,upi,network_timeout,2,12,0.4,active,returning,0,20.8,0.291,0,0,not_recovered
txn_031b2a9f8373,cust_000135,1224.47,card,network_timeout,2,0,0.5,none,new,4,720.0,0.449,1,0,not_recovered
txn_499fd3ad0f1a,cust_000807,918.29,card,invalid_card,0,19,0.832,active,loyal,26,82.9,0.149,2,0,not_recovered
txn_6ca3e3943b00,cust_000801,6949.34,card,insufficient_funds,2,18,0.796,none,loyal,15,12.3,0.176,1,0,not_recovered
txn_c45a4f5ec864,cust_000065,2767.0,upi,otp_failed,0,0,0.5,active,new,2,720.0,0.423,0,1,recovered
txn_1064185b423c,cust_000537,7110.84,card,insufficient_funds,0,0,0.5,active,new,4,720.0,0.308,0,0,not_recovered
txn_39b7aa2607e9,cust_001015,1892.9,card,insufficient_funds,1,6,0.96,active,returning,29,178.8,0.327,0,0,not_recovered
txn_999409dbd169,cust_000151,3166.5,card,insufficient_funds,0,4,0.869,none,returning,5,91.9,0.443,4,1,recovered
txn_c45b71740d8b,cust_000189,2618.1,wallet,insufficient_funds,0,6,0.643,none,returning,26,104.3,0.303,0,0,not_recovered
txn_b0a9193361ba,cust_000393,1139.45,card,otp_failed,1,0,0.5,paused,new,7,720.0,0.088,1,1,recovered
txn_c4873e03ae58,cust_000643,1755.08,card,invalid_card,0,0,0.5,active,new,3,720.0,0.605,0,0,not_recovered
txn_c6db2568f92b,cust_000682,688.23,upi,bank_server_error,2,16,0.862,none,loyal,25,116.5,0.345,3,1,recovered
txn_2a9cc70763d7,cust_000059,3117.22,card,invalid_card,0,5,0.519,paused,returning,3,108.0,0.279,2,0,not_recovered
txn_48e0b768a6f7,cust_000530,3964.46,emi,otp_failed,0,12,0.462,none,loyal,25,191.1,0.553,0,1,recovered
txn_e5f97ec30d14,cust_001033,4871.44,wallet,otp_failed,2,4,0.699,active,returning,22,4.0,0.27,3,0,not_recovered
txn_ba7ba8477c62,cust_000716,3640.55,upi,insufficient_funds,0,29,0.578,active,loyal,30,184.0,0.163,3,0,not_recovered
txn_f60829640b77,cust_001060,1780.43,upi,network_timeout,0,0,0.5,active,new,16,720.0,0.079,0,0,not_recovered
txn_f802566ab4d9,cust_000830,8076.98,card,risk_flagged,0,0,0.5,paused,new,28,720.0,0.163,0,0,not_recovered
txn_00d450c59543,cust_000226,4460.77,card,otp_failed,0,17,0.695,none,loyal,20,33.4,0.145,2,1,recovered
txn_97e39233608d,cust_000357,6972.24,card,insufficient_funds,0,23,0.855,none,loyal,0,299.0,0.334,6,1,recovered
txn_cc59aa74c257,cust_000271,7377.26,card,card_declined_bank,0,0,0.5,paused,new,8,720.0,0.392,0,0,not_recovered
txn_a645caa53323,cust_000996,1784.62,card,insufficient_funds,0,4,0.402,none,returning,0,9.4,0.063,1,1,recovered
txn_11757c55e799,cust_000499,2833.0,upi,card_declined_bank,0,4,0.538,none,returning,27,213.4,0.124,3,0,not_recovered
txn_ae7b9e643f94,cust_000779,4012.25,card,insufficient_funds,1,6,0.74,active,returning,12,38.4,0.1,1,1,recovered
txn_78b0b68d992a,cust_001542,710.36,card,risk_flagged,2,0,0.5,none,new,16,720.0,0.352,1,0,not_recovered
txn_92cf8346c051,cust_000183,724.68,upi,insufficient_funds,0,9,0.806,active,loyal,24,152.4,0.106,3,1,recovered
txn_cb519ca609a6,cust_001374,620.56,upi,network_timeout,2,0,0.5,active,new,17,720.0,0.336,0,0,not_recovered
txn_2b3f30a36d2e,cust_000906,1812.95,card,otp_failed,1,4,0.731,active,returning,28,159.3,0.254,5,0,not_recovered
txn_5b8e33e56c5d,cust_000718,1480.32,card,network_timeout,2,0,0.5,none,new,30,720.0,0.369,1,1,recovered
txn_0cfe23c37d10,cust_001012,548.89,card,invalid_card,1,0,0.5,none,new,6,720.0,0.189,0,0,not_recovered
txn_926869da332c,cust_001250,2285.69,card,otp_failed,0,2,0.578,none,returning,23,51.0,0.159,0,1,recovered
txn_168db386569a,cust_001014,1833.43,netbanking,insufficient_funds,0,0,0.5,active,new,5,720.0,0.255,2,1,recovered
txn_408ad63743ae,cust_000006,5790.74,wallet,network_timeout,2,2,0.63,cancelled,returning,21,25.1,0.265,0,1,recovered
txn_c04cf35edc29,cust_001402,12230.42,upi,risk_flagged,0,0,0.5,active,new,16,720.0,0.315,1,1,recovered
txn_1cf3dac4b3e9,cust_000180,3013.34,upi,otp_failed,1,13,0.704,paused,loyal,26,62.6,0.121,0,0,not_recovered
txn_58a0899c4208,cust_000732,1067.45,upi,risk_flagged,1,4,0.67,none,returning,5,23.5,0.1,2,0,not_recovered
txn_c0651ee88238,cust_001129,3576.19,upi,network_timeout,0,14,0.621,none,loyal,30,2.8,0.573,1,1,recovered
txn_c538cdbda043,cust_001249,2015.0,card,risk_flagged,0,0,0.5,none,new,15,720.0,0.449,1,0,not_recovered
txn_bfbcc209e56a,cust_001388,1609.84,card,bank_server_error,2,0,0.5,paused,new,25,720.0,0.403,0,1,recovered
txn_9919a4a248e1,cust_000977,920.17,upi,otp_failed,0,4,0.784,none,returning,25,102.1,0.077,1,0,not_recovered
txn_b25cad1171ad,cust_000178,1315.8,upi,insufficient_funds,1,4,0.729,active,returning,24,151.1,0.376,0,0,not_recovered
txn_aa4245e7a31a,cust_000571,1702.73,card,network_timeout,2,0,0.5,paused,new,7,720.0,0.404,0,0,not_recovered
txn_8bdd48df536f,cust_001215,4120.32,card,invalid_card,0,0,0.5,active,new,5,720.0,0.093,0,0,not_recovered
txn_633167753457,cust_001286,3165.05,card,invalid_card,0,5,0.741,none,returning,2,51.1,0.198,1,0,not_recovered
txn_1c5632dbf873,cust_000091,10332.18,card,insufficient_funds,0,0,0.5,none,new,27,720.0,0.49,0,0,not_recovered
txn_d4f19d19c1b9,cust_000585,3666.18,upi,invalid_card,1,3,0.613,paused,returning,18,109.1,0.43,3,0,not_recovered
txn_7fa272d092d0,cust_000540,2927.39,upi,network_timeout,0,0,0.5,none,new,27,720.0,0.064,1,1,recovered
txn_c87a2b38e6f6,cust_001344,1516.85,upi,network_timeout,0,0,0.5,active,new,10,720.0,0.127,0,1,recovered
txn_783190f5ed5a,cust_001188,785.47,card,network_timeout,0,8,0.43,none,returning,18,24.9,0.521,3,0,not_recovered
txn_a3a99b0ab5ff,cust_001036,1196.43,card,insufficient_funds,0,7,0.878,active,returning,1,48.5,0.272,1,1,recovered
txn_fb41ef76c212,cust_000741,1064.38,netbanking,network_timeout,0,0,0.5,none,new,20,720.0,0.091,0,0,not_recovered
txn_185964de8714,cust_000121,199.37,upi,insufficient_funds,0,3,0.664,none,returning,27,265.3,0.419,3,0,not_recovered
txn_4a1c53f98711,cust_001154,806.12,card,network_timeout,1,12,0.654,paused,returning,19,47.3,0.17,0,1,recovered
txn_41ed35ea348b,cust_000999,8450.57,card,card_declined_bank,0,5,0.787,active,returning,26,42.4,0.149,2,0,not_recovered
txn_e4fa39b3ceec,cust_000439,2784.27,netbanking,card_declined_bank,1,3,0.603,active,returning,16,102.4,0.176,0,0,not_recovered
txn_1fa955374f0f,cust_000521,1423.86,netbanking,otp_failed,2,21,0.817,none,loyal,13,39.1,0.4,2,1,recovered
txn_d6cd3627afd3,cust_001036,2860.16,wallet,network_timeout,1,5,0.498,active,returning,5,14.1,0.021,1,1,recovered
txn_1abea359fa57,cust_000063,344.45,upi,card_declined_bank,1,14,0.754,active,loyal,7,122.3,0.555,2,0,not_recovered
txn_fb6b5b1cae1e,cust_001223,2575.73,upi,insufficient_funds,0,5,0.667,none,returning,20,47.8,0.399,4,0,not_recovered
txn_250963b3ce11,cust_000916,6309.07,upi,card_declined_bank,0,0,0.5,none,new,12,720.0,0.275,0,0,not_recovered
txn_09872e4411ae,cust_000307,1791.84,card,bank_server_error,0,4,0.703,active,returning,11,176.8,0.158,1,1,recovered
txn_ea3ffdd6a989,cust_000831,405.54,upi,insufficient_funds,0,10,0.482,none,returning,17,131.4,0.053,4,1,recovered
txn_edc829dfa9d7,cust_000288,1376.71,upi,network_timeout,0,14,0.55,paused,loyal,16,165.3,0.054,5,0,not_recovered
txn_753614c7330a,cust_000464,6319.12,card,card_declined_bank,0,4,0.716,none,returning,24,132.8,0.028,0,0,not_recovered
txn_9e6c80a40af2,cust_000069,2521.9,wallet,invalid_card,0,0,0.5,active,new,27,720.0,0.589,0,0,not_recovered
txn_31b76e6fedd1,cust_001287,557.53,card,otp_failed,1,5,0.881,active,returning,3,189.6,0.466,2,1,recovered
txn_f4babef6f945,cust_000592,16829.12,card,invalid_card,0,0,0.5,active,new,3,720.0,0.247,0,1,recovered
txn_d6e34367c2e8,cust_001054,646.5,card,invalid_card,0,7,0.693,none,returning,25,29.5,0.296,0,0,not_recovered
txn_e3176ff016bf,cust_000021,1605.78,netbanking,network_timeout,0,9,0.78,none,returning,29,403.0,0.185,1,1,recovered
txn_d85c48ac52ab,cust_001335,785.53,wallet,card_declined_bank,0,9,0.949,active,returning,16,74.9,0.103,1,1,recovered
txn_8ddf746cb6b7,cust_000817,786.5,upi,insufficient_funds,0,14,0.774,active,loyal,17,119.0,0.327,2,1,recovered
txn_5503ac4ae530,cust_000253,1330.17,wallet,bank_server_error,0,9,0.553,none,returning,22,56.9,0.072,3,1,recovered
txn_fe4791662396,cust_000430,3542.31,wallet,network_timeout,0,2,0.975,none,returning,29,10.3,0.054,0,1,recovered
txn_65f4ac1cede7,cust_000626,6383.54,netbanking,invalid_card,0,7,0.535,cancelled,returning,11,211.6,0.253,2,0,not_recovered
txn_f8c741f9c8b6,cust_001533,1411.56,netbanking,card_declined_bank,2,23,0.359,active,loyal,6,161.0,0.272,2,0,not_recovered
txn_3bb3c8de3bf5,cust_001398,805.02,card,insufficient_funds,0,16,0.858,active,loyal,25,112.6,0.059,1,1,recovered
txn_996e152bd9f7,cust_001351,3074.12,netbanking,insufficient_funds,0,0,0.5,none,new,1,720.0,0.182,0,0,not_recovered
txn_8cf30c4e0469,cust_000286,3156.34,upi,bank_server_error,1,7,0.83,active,returning,3,107.4,0.627,0,0,not_recovered
txn_441812071ea3,cust_000851,2480.81,upi,card_declined_bank,1,0,0.5,active,new,19,720.0,0.132,1,0,not_recovered
txn_427b81a0fcfc,cust_000050,2561.03,card,risk_flagged,2,17,0.573,none,loyal,9,56.0,0.314,6,0,not_recovered
txn_c81c45da51ad,cust_001393,1805.68,upi,insufficient_funds,0,6,0.679,none,returning,16,245.3,0.663,2,0,not_recovered
txn_54ed92627c28,cust_000092,2182.74,wallet,bank_server_error,0,3,0.754,active,returning,15,63.5,0.211,0,0,not_recovered
txn_ab140debe950,cust_001492,1696.82,card,otp_failed,0,0,0.5,none,new,22,720.0,0.015,0,0,not_recovered
txn_86d51f8e7152,cust_000292,5235.51,emi,insufficient_funds,1,0,0.5,none,new,5,720.0,0.187,1,0,not_recovered
txn_301a3d77108d,cust_000930,14847.9,card,bank_server_error,0,10,0.97,active,returning,18,124.7,0.126,2,0,not_recovered
txn_48040862f226,cust_001270,2348.87,card,network_timeout,2,0,0.5,paused,new,23,720.0,0.553,0,0,not_recovered
txn_526fa77fcc21,cust_000554,1986.41,card,network_timeout,0,0,0.5,active,new,15,720.0,0.446,0,0,not_recovered
txn_454f986b579e,cust_000452,2515.62,netbanking,insufficient_funds,0,18,0.723,cancelled,loyal,9,1.0,0.645,5,0,not_recovered
txn_1a061f74174a,cust_001368,1105.3,upi,risk_flagged,0,8,0.564,cancelled,returning,27,218.7,0.395,0,0,not_recovered
txn_023248ca08ce,cust_001048,3977.79,card,insufficient_funds,0,0,0.5,none,new,4,720.0,0.224,0,0,not_recovered
txn_ccc0cbbfc59b,cust_000413,2972.2,upi,insufficient_funds,0,0,0.5,active,new,10,720.0,0.247,0,0,not_recovered
txn_43aae6a55355,cust_000007,1368.65,card,card_declined_bank,1,17,0.827,paused,loyal,17,41.9,0.189,4,0,not_recovered
txn_e61ed8865a4f,cust_000508,4500.12,upi,invalid_card,0,4,0.71,none,returning,8,177.9,0.469,2,0,not_recovered
txn_06d0f518c2cc,cust_000392,2032.64,netbanking,bank_server_error,0,6,0.628,active,returning,20,55.5,0.086,0,1,recovered
txn_c8bd6233ca47,cust_001007,834.6,upi,network_timeout,1,0,0.5,none,new,24,720.0,0.328,0,1,recovered
txn_4c82292f6b7c,cust_000606,2742.0,netbanking,otp_failed,2,0,0.5,none,new,16,720.0,0.467,1,0,not_recovered
txn_abcc1393bb52,cust_000050,2473.26,upi,insufficient_funds,1,0,0.5,paused,new,10,720.0,0.456,0,0,not_recovered
txn_b1ad660b9a1e,cust_001011,4742.77,emi,otp_failed,1,5,0.799,none,returning,18,24.0,0.322,0,0,not_recovered
txn_37c69aa6187c,cust_000181,4223.39,card,insufficient_funds,0,0,0.5,paused,new,17,720.0,0.142,2,1,recovered
txn_33abd243b9a8,cust_000186,1811.11,card,network_timeout,2,0,0.5,none,new,25,720.0,0.322,0,0,not_recovered
txn_d9b5418c0ea6,cust_000859,1306.52,card,insufficient_funds,0,8,0.808,none,returning,19,18.1,0.081,3,1,recovered
txn_3a18684cb903,cust_000488,2001.33,upi,otp_failed,2,18,0.779,none,loyal,0,124.6,0.334,4,0,not_recovered
txn_1eeba5aaef53,cust_000215,2771.04,upi,insufficient_funds,1,7,0.597,cancelled,returning,9,2.8,0.147,5,0,not_recovered
txn_b07072269dad,cust_001007,3088.31,upi,network_timeout,0,3,0.568,cancelled,returning,11,18.4,0.079,1,1,recovered
txn_37992f566b83,cust_001327,2620.89,card,bank_server_error,0,7,0.921,paused,returning,11,41.0,0.099,2,0,not_recovered
txn_b93c3c7500b4,cust_000243,1841.46,card,card_declined_bank,1,4,0.602,paused,returning,26,416.4,0.09,1,1,recovered
txn_7578becadb91,cust_001354,4900.71,upi,network_timeout,1,0,0.5,none,new,1,720.0,0.128,0,1,recovered
txn_5c9616215323,cust_000107,1089.12,emi,otp_failed,0,5,0.862,active,returning,23,6.8,0.443,2,1,recovered
txn_0fa0d0d1c5d6,cust_000794,18610.16,card,otp_failed,2,6,0.969,paused,returning,8,120.3,0.267,1,1,recovered
txn_4b5ca8bbfae2,cust_001116,3970.96,card,insufficient_funds,0,5,0.431,active,returning,17,199.9,0.333,1,0,not_recovered
txn_42ffb440fc2f,cust_000143,724.34,card,invalid_card,0,23,0.489,active,loyal,10,38.1,0.009,2,1,recovered
txn_befaff13685a,cust_001447,2360.68,upi,risk_flagged,0,18,0.777,none,loyal,2,26.8,0.106,0,1,recovered
txn_8008831b3b74,cust_000434,4005.47,card,insufficient_funds,0,0,0.5,none,new,0,720.0,0.189,0,0,not_recovered
txn_e9a31c605bfa,cust_001194,1459.09,card,network_timeout,0,5,0.914,none,returning,12,59.4,0.281,1,1,recovered
txn_15019e174be3,cust_000904,520.28,upi,insufficient_funds,2,0,0.5,active,new,25,720.0,0.178,0,0,not_recovered
txn_82b4ce15cd58,cust_000562,784.34,card,network_timeout,0,5,0.768,active,returning,10,71.2,0.171,2,1,recovered
txn_3d8529b82f65,cust_000085,3254.79,card,bank_server_error,1,0,0.5,active,new,27,720.0,0.167,0,0,not_recovered
txn_767a327022c5,cust_001349,411.93,card,risk_flagged,1,0,0.5,none,new,28,720.0,0.08,0,0,not_recovered
txn_32ce2a532b73,cust_000548,542.18,wallet,risk_flagged,0,7,0.893,active,returning,5,143.3,0.195,0,1,recovered
txn_4ed4d1202e8a,cust_000780,3239.43,upi,insufficient_funds,1,4,0.706,none,returning,25,20.8,0.459,0,1,recovered
txn_aecdff5e7b37,cust_000276,1635.5,card,bank_server_error,1,23,0.692,active,loyal,18,110.4,0.519,1,1,recovered
txn_d209c2adcc1c,cust_000633,1068.27,card,network_timeout,0,0,0.5,none,new,17,720.0,0.178,0,1,recovered
txn_8e3ba042ca68,cust_000893,1280.16,upi,bank_server_error,0,0,0.5,none,new,13,720.0,0.078,0,1,recovered
txn_51972cbac820,cust_001519,531.8,netbanking,network_timeout,0,4,0.645,none,returning,29,182.2,0.164,2,1,recovered
txn_5d5f6a423738,cust_001351,3090.25,card,invalid_card,0,0,0.5,paused,new,3,720.0,0.125,0,0,not_recovered
txn_83d90d0a6609,cust_001465,966.92,card,risk_flagged,0,0,0.5,active,new,0,720.0,0.126,0,1,recovered
txn_8d1f1ec0e8f9,cust_001393,1233.76,card,network_timeout,0,13,0.877,none,loyal,0,9.4,0.281,2,1,recovered
txn_d19ecaf1e17b,cust_000392,2730.14,upi,otp_failed,2,0,0.5,none,new,27,720.0,0.384,0,0,not_recovered
txn_f4c8f36524ed,cust_000151,1586.1,wallet,bank_server_error,1,0,0.5,active,new,20,720.0,0.229,0,1,recovered
txn_334beab64908,cust_000702,1059.78,upi,card_declined_bank,1,5,0.666,paused,returning,15,162.5,0.18,1,1,recovered
txn_ecb6c36c10fe,cust_000146,333.45,card,bank_server_error,2,10,0.821,cancelled,returning,2,272.0,0.075,0,1,recovered
txn_94385b3d307e,cust_001048,2781.33,netbanking,network_timeout,0,3,0.684,none,returning,4,127.2,0.339,4,0,not_recovered
txn_5b37cd2b4db5,cust_001125,2145.43,upi,otp_failed,0,10,0.585,cancelled,returning,27,40.5,0.072,2,0,not_recovered
txn_302f834f9111,cust_001153,1254.32,card,network_timeout,1,18,0.845,none,loyal,27,86.1,0.073,2,1,recovered
txn_a7ae2bba6c31,cust_000009,785.52,card,otp_failed,0,0,0.5,none,new,24,720.0,0.108,0,0,not_recovered
txn_ada0f2ca83c7,cust_000011,2021.28,card,network_timeout,0,4,0.892,active,returning,27,165.2,0.344,0,1,recovered
txn_e647d192f4a5,cust_000770,3079.2,netbanking,otp_failed,1,3,0.39,active,returning,22,141.4,0.117,4,0,not_recovered
txn_5399c18e37cd,cust_000648,2181.97,upi,card_declined_bank,0,18,0.742,active,loyal,23,13.1,0.218,5,0,not_recovered
txn_89b7a4f9118c,cust_001022,8727.72,upi,network_timeout,0,2,0.777,none,returning,26,110.7,0.147,2,1,recovered
txn_a3cea3909ede,cust_001106,3767.99,netbanking,insufficient_funds,0,2,0.711,none,returning,14,191.1,0.227,3,0,not_recovered
txn_c7317972122b,cust_000602,1814.28,card,card_declined_bank,1,0,0.5,active,new,3,720.0,0.131,0,0,not_recovered
txn_da73243d3cb2,cust_001252,3883.34,card,network_timeout,0,0,0.5,none,new,3,720.0,0.036,0,0,not_recovered
txn_bc7bf1cf4a80,cust_000661,2087.65,card,bank_server_error,0,0,0.5,active,new,19,720.0,0.176,0,1,recovered
txn_4cb1c8b22627,cust_001059,2081.14,netbanking,otp_failed,1,4,0.802,none,returning,5,70.6,0.275,0,0,not_recovered
txn_80de3bf355fa,cust_000682,6417.14,upi,insufficient_funds,2,0,0.5,active,new,6,720.0,0.196,0,0,not_recovered
txn_87f7087585d1,cust_000123,890.47,card,card_declined_bank,0,4,0.884,none,returning,27,45.5,0.515,1,0,not_recovered
txn_faa30f28b6c6,cust_000458,2040.56,card,bank_server_error,0,0,0.5,none,new,16,720.0,0.26,0,1,recovered
txn_89655c0d04e4,cust_001499,5829.81,upi,otp_failed,0,24,0.707,none,loyal,14,20.9,0.162,2,1,recovered
txn_0a614712f9fb,cust_000652,2638.83,upi,network_timeout,0,18,0.804,active,loyal,11,73.1,0.25,5,1,recovered
txn_bff4517dd4c0,cust_000901,1433.47,upi,network_timeout,0,0,0.5,none,new,8,720.0,0.298,0,0,not_recovered
txn_64ddafebd67b,cust_001245,430.29,card,network_timeout,0,0,0.5,cancelled,new,3,720.0,0.083,0,1,recovered
txn_846a9e9c9b5c,cust_000848,258.96,wallet,risk_flagged,0,0,0.5,active,new,29,720.0,0.27,0,0,not_recovered
txn_bd73ff35686d,cust_001295,12946.27,netbanking,risk_flagged,0,22,0.645,none,loyal,22,42.0,0.044,0,1,recovered
txn_f69fc5679207,cust_000210,2637.69,upi,card_declined_bank,0,0,0.5,active,new,26,720.0,0.621,0,0,not_recovered
txn_ce0d770bcdf2,cust_000926,1181.26,upi,network_timeout,1,6,0.753,active,returning,9,87.7,0.04,4,0,not_recovered
txn_415f2f4398e1,cust_000612,2736.71,wallet,bank_server_error,0,7,0.602,none,returning,3,26.6,0.073,2,1,recovered
txn_37705717a48c,cust_000470,851.58,wallet,card_declined_bank,0,3,0.982,active,returning,3,35.3,0.255,0,0,not_recovered
txn_fa40a2fb3005,cust_000595,1483.14,upi,otp_failed,0,10,0.801,none,returning,30,50.0,0.124,2,0,not_recovered
txn_36922b184844,cust_000628,856.76,upi,network_timeout,1,11,0.733,cancelled,returning,27,11.6,0.032,5,1,recovered
txn_2348d3d2885a,cust_000645,560.07,card,risk_flagged,0,11,0.711,active,loyal,28,79.6,0.418,1,0,not_recovered
txn_e4ef2d38e006,cust_001090,300.52,netbanking,network_timeout,0,0,0.5,active,new,4,720.0,0.284,0,1,recovered
txn_71f7ce269731,cust_001368,474.43,upi,network_timeout,1,24,0.662,paused,loyal,12,120.6,0.387,1,0,not_recovered
txn_0c7914da7528,cust_000734,5009.84,card,risk_flagged,1,0,0.5,none,new,6,720.0,0.044,0,0,not_recovered
txn_97d056176468,cust_000873,822.05,card,bank_server_error,1,2,0.695,paused,returning,18,116.0,0.16,3,0,not_recovered
txn_5e74fd939fdd,cust_000189,3233.77,wallet,insufficient_funds,0,9,0.43,none,loyal,0,9.1,0.128,1,1,recovered
txn_70194c88b5a3,cust_000652,4726.7,wallet,bank_server_error,0,3,0.745,none,returning,12,308.0,0.541,0,0,not_recovered
txn_9967563c7f69,cust_001030,2028.24,wallet,invalid_card,0,11,0.763,cancelled,returning,16,10.8,0.166,2,0,not_recovered
txn_fde65eeaf3b3,cust_001233,1527.35,upi,network_timeout,0,0,0.5,active,new,8,720.0,0.087,0,0,not_recovered
txn_1c3fd06297aa,cust_000144,2252.33,netbanking,card_declined_bank,0,8,0.752,paused,returning,25,162.0,0.279,1,0,not_recovered
txn_3ca2d1144848,cust_000828,1373.4,netbanking,insufficient_funds,0,4,0.364,none,returning,2,30.2,0.039,0,0,not_recovered
txn_d61d105ae454,cust_001530,5904.79,card,network_timeout,0,7,0.491,paused,returning,26,85.1,0.193,1,1,recovered
txn_22f36fbd4a26,cust_000655,10817.07,card,bank_server_error,2,6,0.795,active,returning,0,139.1,0.125,2,0,not_recovered
txn_f948650767bc,cust_000497,7367.48,emi,bank_server_error,0,0,0.5,none,new,23,720.0,0.073,1,0,not_recovered
txn_5417285104b4,cust_001092,288.18,card,network_timeout,0,0,0.5,active,new,20,720.0,0.256,0,1,recovered
txn_a15161bb2338,cust_000245,1348.4,upi,insufficient_funds,2,0,0.5,cancelled,new,14,720.0,0.027,0,0,not_recovered
txn_3233828edd53,cust_000947,2005.69,upi,otp_failed,1,4,0.786,active,returning,1,7.9,0.181,2,0,not_recovered
txn_51040a1862a3,cust_000923,3031.32,upi,otp_failed,0,0,0.5,active,new,27,720.0,0.368,0,0,not_recovered
txn_8e09ee2c21d3,cust_000598,422.17,card,card_declined_bank,1,14,0.94,paused,loyal,28,58.2,0.266,0,0,not_recovered
txn_f6fcc3962a72,cust_001171,416.09,upi,card_declined_bank,0,8,0.7,none,returning,23,166.9,0.185,2,0,not_recovered
txn_60fe3cb04ff4,cust_000418,6477.64,card,insufficient_funds,1,0,0.5,none,new,29,720.0,0.647,0,1,recovered
txn_e728e004a885,cust_001113,1208.09,netbanking,bank_server_error,0,4,0.445,active,returning,27,175.5,0.205,3,0,not_recovered
txn_355ab0dc1af1,cust_000833,523.92,card,bank_server_error,2,26,0.676,none,loyal,25,140.6,0.101,1,1,recovered
txn_0919515afabd,cust_000414,740.05,upi,bank_server_error,0,0,0.5,active,new,7,720.0,0.209,1,0,not_recovered
txn_d7199a8237e6,cust_001517,2839.62,netbanking,network_timeout,1,0,0.5,none,new,25,720.0,0.349,0,0,not_recovered
txn_b41cd59ae9eb,cust_000837,953.09,card,insufficient_funds,0,0,0.5,none,new,18,720.0,0.38,0,0,not_recovered
txn_1d8e820296c3,cust_001102,2483.6,card,network_timeout,0,0,0.5,none,new,2,720.0,0.24,0,1,recovered
txn_055afdfd1f48,cust_001072,828.11,netbanking,insufficient_funds,0,6,0.874,active,returning,0,146.2,0.235,0,1,recovered
txn_d2265b743e5c,cust_001417,415.81,card,invalid_card,1,16,0.404,active,loyal,7,142.5,0.423,2,0,not_recovered
txn_2bce461d571d,cust_001262,7200.76,card,otp_failed,0,0,0.5,none,new,16,720.0,0.173,0,0,not_recovered
txn_7a936b3635d4,cust_000285,2859.41,upi,bank_server_error,2,6,0.556,active,returning,29,55.1,0.166,4,1,recovered
txn_da5388306b05,cust_000750,1479.74,wallet,bank_server_error,0,0,0.5,active,new,27,720.0,0.249,1,1,recovered
txn_91cac88fd5df,cust_001061,1249.84,upi,otp_failed,1,6,0.839,none,returning,30,41.5,0.195,4,1,recovered
txn_e67551a4f835,cust_000012,7468.21,card,bank_server_error,0,8,0.539,none,returning,22,287.7,0.266,2,1,recovered
txn_097e4ec61758,cust_000429,3402.88,emi,bank_server_error,0,5,0.526,none,returning,3,63.9,0.196,4,1,recovered
txn_6c7ccc8824a3,cust_000654,5609.02,upi,otp_failed,1,0,0.5,none,new,24,720.0,0.131,0,0,not_recovered
txn_3262e1947592,cust_000281,1181.66,upi,network_timeout,1,8,0.557,paused,returning,11,18.6,0.407,1,0,not_recovered
txn_66d173d5b205,cust_000952,2091.42,upi,bank_server_error,0,23,0.735,none,loyal,9,78.2,0.088,0,1,recovered
txn_c2de50b422b0,cust_000466,2869.75,card,bank_server_error,0,0,0.5,paused,new,16,720.0,0.322,0,0,not_recovered
txn_e487fde6bd5d,cust_000218,1217.97,card,card_declined_bank,0,0,0.5,none,new,12,720.0,0.304,0,0,not_recovered
txn_25f0fe34ff88,cust_000751,1833.57,upi,invalid_card,0,0,0.5,active,new,19,720.0,0.175,0,0,not_recovered
txn_58a01efa3f62,cust_001435,1181.75,card,card_declined_bank,0,6,0.499,cancelled,returning,30,47.7,0.129,0,0,not_recovered
txn_719a0966e8d8,cust_000234,2861.65,upi,bank_server_error,0,4,0.785,paused,returning,9,100.5,0.441,2,1,recovered
txn_3f7e0909e667,cust_000276,608.35,card,network_timeout,0,9,0.257,none,returning,8,272.0,0.406,3,0,not_recovered
txn_32c4638d4f6f,cust_000175,3343.5,card,otp_failed,2,8,0.746,active,returning,30,15.4,0.51,2,0,not_recovered
txn_d25a6f925c7c,cust_000236,2642.93,card,card_declined_bank,0,13,0.826,active,loyal,2,43.0,0.039,0,0,not_recovered
txn_de1727fb5231,cust_000664,1664.07,upi,invalid_card,0,14,0.961,none,loyal,26,28.7,0.089,2,1,recovered
txn_07c9cf043957,cust_000001,2994.6,upi,card_declined_bank,0,0,0.5,none,new,12,720.0,0.036,0,0,not_recovered
txn_ebd53f5c9042,cust_000197,1438.78,card,network_timeout,0,7,0.885,none,returning,29,99.1,0.33,2,0,not_recovered
txn_ca34cca841cd,cust_000387,1093.22,card,card_declined_bank,1,0,0.5,none,new,23,720.0,0.302,0,0,not_recovered
txn_49e74dfef066,cust_000000,3259.58,card,risk_flagged,1,0,0.5,none,new,4,720.0,0.223,0,0,not_recovered
txn_a37f67dd1dbb,cust_001295,3389.08,netbanking,otp_failed,1,19,0.691,active,loyal,16,191.9,0.311,3,0,not_recovered
txn_767e8d08b995,cust_000468,1265.8,card,otp_failed,1,9,0.939,active,returning,8,453.6,0.278,0,0,not_recovered
txn_34e0f48ea1e2,cust_001115,1171.75,netbanking,bank_server_error,0,23,0.739,active,loyal,1,3.5,0.072,2,1,recovered
txn_1c389a974cdd,cust_001048,1694.81,card,otp_failed,0,5,0.755,paused,returning,19,17.0,0.262,2,0,not_recovered
txn_973e2d2e8304,cust_000232,1215.85,card,insufficient_funds,0,7,0.808,none,returning,20,1.6,0.315,2,0,not_recovered
txn_08adc475d865,cust_000223,7884.13,upi,network_timeout,2,9,0.58,cancelled,returning,25,209.4,0.129,5,1,recovered
txn_cd6675b8c948,cust_001447,2656.67,upi,card_declined_bank,1,0,0.5,none,new,22,720.0,0.316,0,0,not_recovered
txn_a9032b12ca4c,cust_000763,2024.63,card,invalid_card,0,0,0.5,paused,new,18,720.0,0.314,0,0,not_recovered
txn_a65d5ba3ba64,cust_000991,863.11,wallet,risk_flagged,0,9,0.637,none,returning,18,2.2,0.126,1,0,not_recovered
txn_8b14cc393494,cust_001082,3885.82,card,insufficient_funds,0,0,0.5,paused,new,19,720.0,0.207,0,0,not_recovered
txn_9de5d2da455e,cust_000784,1152.35,card,network_timeout,2,12,0.605,cancelled,loyal,5,56.1,0.187,1,0,not_recovered
txn_eaddabe3d180,cust_001008,1110.46,card,insufficient_funds,0,0,0.5,none,new,19,720.0,0.193,1,0,not_recovered
txn_8ed928f3ad9c,cust_000194,4005.22,upi,risk_flagged,0,0,0.5,active,new,5,720.0,0.679,0,0,not_recovered
txn_46e450363335,cust_001405,2831.58,netbanking,otp_failed,0,9,0.791,none,returning,17,218.0,0.318,0,0,not_recovered
txn_b9008b1629d1,cust_001378,209.96,card,invalid_card,1,0,0.5,active,new,12,720.0,0.262,0,0,not_recovered
txn_55ef34fc7cc4,cust_001180,1733.69,wallet,insufficient_funds,1,12,0.821,active,loyal,26,40.8,0.249,1,0,not_recovered
txn_dd823ab88f5b,cust_000930,2237.17,upi,bank_server_error,0,8,0.743,none,returning,11,370.0,0.158,5,0,not_recovered
txn_70be069f5f7d,cust_000664,1471.98,wallet,card_declined_bank,1,0,0.5,paused,new,0,720.0,0.26,2,0,not_recovered
txn_4444972d5c97,cust_000213,2308.44,netbanking,insufficient_funds,0,6,0.594,active,returning,3,89.5,0.062,1,1,recovered
txn_13e6dd3b77e2,cust_000552,392.01,wallet,invalid_card,1,9,0.846,active,returning,6,129.0,0.054,3,0,not_recovered
txn_55604aaf1658,cust_000747,156.35,upi,otp_failed,0,3,0.798,paused,returning,26,18.8,0.476,1,0,not_recovered
txn_849b7e3eca26,cust_001204,830.54,card,network_timeout,0,25,0.817,active,loyal,23,66.9,0.2,4,1,recovered
txn_146691db750e,cust_000057,2576.08,upi,network_timeout,0,6,0.598,active,returning,28,105.2,0.267,1,1,recovered
txn_f9e872411204,cust_000671,109.68,upi,risk_flagged,0,5,0.872,none,returning,22,33.2,0.435,0,0,not_recovered
txn_9b1231f082e3,cust_000118,935.25,upi,otp_failed,0,0,0.5,paused,new,4,720.0,0.04,0,1,recovered
txn_c42787625853,cust_000970,354.08,upi,card_declined_bank,0,10,0.842,none,returning,1,96.3,0.161,0,0,not_recovered
txn_143bb352cac6,cust_000288,1606.22,card,card_declined_bank,0,14,0.446,none,loyal,17,393.8,0.137,2,0,not_recovered
txn_67f5739687cc,cust_000776,11638.91,netbanking,bank_server_error,0,11,0.677,none,returning,16,145.1,0.382,1,0,not_recovered
txn_632701d7d86f,cust_000660,1643.43,card,card_declined_bank,1,8,0.722,active,returning,13,280.2,0.271,1,0,not_recovered
txn_abcf8ae5348e,cust_000820,1813.92,wallet,invalid_card,0,8,0.895,paused,returning,18,90.5,0.542,3,0,not_recovered
txn_78d8eaa54e4d,cust_001267,4252.69,card,network_timeout,0,4,0.808,paused,returning,12,208.2,0.078,0,1,recovered
txn_402f2de33d03,cust_000284,2036.88,card,card_declined_bank,1,17,0.739,none,loyal,7,64.5,0.236,3,0,not_recovered
txn_bf8ca795ef1b,cust_001040,1646.67,netbanking,insufficient_funds,0,0,0.5,active,new,17,720.0,0.314,0,0,not_recovered
txn_b1b4e9d54eef,cust_000575,4600.78,netbanking,insufficient_funds,1,0,0.5,active,new,12,720.0,0.441,0,0,not_recovered
txn_68ba3168883e,cust_001060,3055.5,upi,insufficient_funds,0,0,0.957,active,returning,14,65.8,0.407,0,1,recovered
txn_e039ee1429e7,cust_000467,2590.91,emi,risk_flagged,2,2,0.535,active,returning,25,109.0,0.272,0,0,not_recovered
txn_2404074202c6,cust_000117,1763.57,card,network_timeout,1,5,0.776,active,returning,13,88.6,0.356,2,0,not_recovered
txn_839d5a227974,cust_000506,1463.44,netbanking,bank_server_error,0,0,0.5,paused,new,29,720.0,0.289,0,1,recovered
txn_d988cfa39707,cust_000308,4561.71,card,otp_failed,0,3,0.782,active,returning,4,27.7,0.13,1,0,not_recovered
txn_b4ce545cfca1,cust_000812,1476.14,upi,network_timeout,1,6,0.306,none,returning,20,61.3,0.157,0,1,recovered
txn_86aaeff7f8b9,cust_000687,6051.9,upi,card_declined_bank,1,6,0.847,none,returning,22,114.6,0.138,0,0,not_recovered
txn_1832ee8ae0f2,cust_001356,778.66,card,invalid_card,0,8,0.518,paused,returning,2,131.1,0.074,3,0,not_recovered
txn_08e1746b97bc,cust_001454,7261.96,upi,network_timeout,0,8,0.931,cancelled,returning,17,120.6,0.147,0,0,not_recovered
txn_ab65ca81cb00,cust_000265,3055.92,upi,network_timeout,0,7,0.639,none,returning,22,24.0,0.284,1,1,recovered
txn_7014bd126a4e,cust_000971,835.74,card,invalid_card,1,5,0.875,active,returning,1,133.0,0.354,3,0,not_recovered
txn_6aeeae54fb5d,cust_000214,3159.22,wallet,network_timeout,1,5,0.871,none,returning,25,122.6,0.112,3,1,recovered
txn_641a7f53ff95,cust_000325,1112.9,upi,network_timeout,0,2,0.63,active,returning,11,16.4,0.445,0,0,not_recovered
txn_2c6ae806ebf0,cust_000374,2059.23,card,invalid_card,0,4,0.611,active,returning,19,153.3,0.201,1,0,not_recovered
txn_8f74fa791f6d,cust_000008,1289.53,upi,risk_flagged,1,0,0.5,active,new,6,720.0,0.131,0,0,not_recovered
txn_614b4b34edf1,cust_000707,1772.91,card,otp_failed,2,0,0.5,paused,new,4,720.0,0.179,3,0,not_recovered
txn_12c513e361e3,cust_000100,4662.41,card,bank_server_error,0,10,0.766,active,returning,12,85.2,0.35,3,1,recovered
txn_edaa834f8db2,cust_000568,3186.44,upi,risk_flagged,0,23,0.553,none,loyal,4,231.5,0.11,2,0,not_recovered
txn_7feb947c5446,cust_000273,725.72,card,otp_failed,0,7,0.823,none,returning,3,30.6,0.147,4,0,not_recovered
txn_3ff4908858a7,cust_001534,764.11,card,otp_failed,1,0,0.5,none,new,17,720.0,0.132,0,0,not_recovered
txn_b43d202e2fcb,cust_000975,2549.62,upi,risk_flagged,0,4,0.787,active,returning,18,4.4,0.21,2,0,not_recovered
txn_d98401238aef,cust_000103,2721.31,card,otp_failed,0,0,0.5,paused,new,28,720.0,0.138,0,0,not_recovered
txn_4cbf344e3e43,cust_000222,1088.98,netbanking,bank_server_error,1,2,0.81,none,returning,18,27.1,0.404,0,0,not_recovered
txn_edc072cab0f5,cust_001344,8368.12,netbanking,insufficient_funds,0,20,0.941,none,loyal,16,78.5,0.141,4,1,recovered
txn_97571a601ffe,cust_000064,4155.32,card,bank_server_error,0,4,0.668,none,returning,18,198.2,0.137,3,1,recovered
txn_429f54391b63,cust_000877,1137.95,upi,bank_server_error,0,5,0.571,paused,returning,30,102.7,0.145,1,1,recovered
txn_b3eba8d104f3,cust_000890,1043.12,card,insufficient_funds,0,0,0.5,paused,new,11,720.0,0.034,0,1,recovered
txn_9eb255a8ab24,cust_001099,1627.77,upi,bank_server_error,0,7,0.804,none,returning,21,213.2,0.128,2,0,not_recovered
txn_ec5c961aeca2,cust_000275,1482.27,card,card_declined_bank,0,17,0.746,none,loyal,22,75.7,0.242,0,1,recovered
txn_e2b0d23f895b,cust_001535,6189.08,wallet,insufficient_funds,0,7,0.478,active,returning,5,117.1,0.185,2,0,not_recovered
txn_9a81b2fd1112,cust_000347,4846.78,card,network_timeout,0,5,0.628,active,returning,26,59.9,0.216,0,1,recovered
txn_a22526c0c1eb,cust_000149,2062.27,upi,insufficient_funds,1,4,0.828,active,returning,13,90.5,0.08,2,1,recovered
txn_36c311285d7f,cust_001496,3677.97,card,insufficient_funds,1,0,0.5,active,new,12,720.0,0.372,0,0,not_recovered
txn_bf45a3e00456,cust_001210,4190.93,card,card_declined_bank,0,0,0.5,active,new,6,720.0,0.029,0,0,not_recovered
txn_d1d815eb0137,cust_001261,2105.77,upi,bank_server_error,1,0,0.5,paused,new,13,720.0,0.304,0,1,recovered
txn_fe07f8a5ec5b,cust_001396,2870.83,upi,insufficient_funds,0,3,0.831,paused,returning,18,202.3,0.606,2,1,recovered
txn_3886cd0b448e,cust_001294,3411.03,emi,card_declined_bank,1,20,0.857,paused,loyal,27,5.7,0.152,1,0,not_recovered
txn_8e371fb5bf77,cust_001512,3099.03,card,network_timeout,1,3,0.698,none,returning,9,15.5,0.35,2,0,not_recovered
txn_f8b2be643634,cust_000049,991.36,card,network_timeout,0,0,0.5,none,new,18,720.0,0.123,0,0,not_recovered
txn_b838c86a775d,cust_000411,1085.79,card,card_declined_bank,0,0,0.5,active,new,27,720.0,0.352,0,1,recovered
txn_54f23b394c39,cust_001504,1541.12,card,bank_server_error,0,0,0.5,none,new,15,720.0,0.311,1,1,recovered
txn_0b7192e9fe50,cust_000771,1057.86,wallet,card_declined_bank,0,9,0.525,active,loyal,6,28.0,0.245,4,1,recovered
txn_fa7c90c57247,cust_000745,530.71,wallet,card_declined_bank,0,10,0.647,none,returning,22,85.2,0.424,4,1,recovered
txn_a41e529dffa7,cust_000722,3671.5,wallet,invalid_card,0,7,0.725,cancelled,returning,17,40.7,0.461,1,0,not_recovered
txn_d222690614f1,cust_000135,2729.21,card,network_timeout,1,15,0.721,paused,loyal,9,141.5,0.149,1,0,not_recovered
txn_1456adfe3ade,cust_000848,598.59,upi,card_declined_bank,0,0,0.5,active,new,26,720.0,0.23,0,1,recovered
txn_93ded2569fc8,cust_000487,1608.69,upi,otp_failed,0,8,0.737,none,returning,1,71.2,0.031,1,1,recovered
txn_ebae133e4228,cust_000479,1692.81,card,network_timeout,0,10,0.82,active,loyal,30,18.1,0.148,4,0,not_recovered
txn_a16be8229ddc,cust_000157,2353.71,upi,invalid_card,1,7,0.928,active,returning,21,127.8,0.401,0,0,not_recovered
txn_61652b1828f5,cust_001201,754.66,card,insufficient_funds,0,0,0.5,active,new,21,720.0,0.346,1,1,recovered
txn_4c89ef2491e3,cust_000507,590.76,card,risk_flagged,0,18,0.788,active,loyal,20,53.8,0.197,2,0,not_recovered
txn_198c85de95a5,cust_000795,3189.92,netbanking,otp_failed,1,15,0.79,none,loyal,30,130.2,0.554,1,1,recovered
txn_00d2a997ab75,cust_000197,502.42,card,bank_server_error,0,4,0.556,none,returning,13,64.8,0.174,5,1,recovered
txn_57d77f7ec73e,cust_000142,1620.68,emi,network_timeout,0,6,0.817,active,returning,30,81.4,0.299,0,1,recovered
txn_9189b2b1eedd,cust_000387,1490.0,card,risk_flagged,0,0,0.5,cancelled,new,1,720.0,0.24,1,0,not_recovered
txn_e6618b515dbd,cust_000272,1788.34,card,bank_server_error,0,19,0.756,none,loyal,28,125.3,0.253,2,1,recovered
txn_fc3d47179e99,cust_000104,2508.51,card,network_timeout,2,6,0.869,none,returning,29,11.2,0.256,3,0,not_recovered
txn_1924a7a6253b,cust_000982,8422.93,card,network_timeout,0,0,0.5,none,new,8,720.0,0.159,0,1,recovered
txn_49581108f5b5,cust_000397,473.64,upi,card_declined_bank,0,10,0.872,none,returning,22,92.5,0.426,2,1,recovered
txn_08111e5fb81f,cust_000903,4398.08,card,network_timeout,0,18,0.47,none,loyal,12,28.6,0.34,1,1,recovered
txn_586b17ae1b0e,cust_000528,208.32,upi,otp_failed,2,27,0.659,none,loyal,11,12.8,0.462,1,0,not_recovered
txn_a7452829d438,cust_001167,7004.72,wallet,otp_failed,1,0,0.5,paused,new,16,720.0,0.1,1,0,not_recovered
txn_6a6db9a61358,cust_001417,317.8,card,insufficient_funds,0,0,0.5,none,new,6,720.0,0.423,0,0,not_recovered
txn_cff0362a5563,cust_001481,17903.57,card,bank_server_error,0,22,0.883,none,loyal,7,27.5,0.586,1,1,recovered
txn_1125f4e91713,cust_000293,1406.99,upi,insufficient_funds,0,18,0.841,active,loyal,17,63.6,0.15,3,1,recovered
txn_a3b2dd7b53f8,cust_001009,6382.69,netbanking,invalid_card,1,4,0.809,paused,returning,30,45.2,0.196,3,0,not_recovered
txn_ff9ec362cb00,cust_001283,5301.48,upi,risk_flagged,0,7,0.87,none,returning,0,7.4,0.425,2,0,not_recovered
txn_2fec4c65d697,cust_001036,1349.06,card,insufficient_funds,0,2,0.782,active,returning,14,254.8,0.149,1,0,not_recovered
txn_f6faf59e6137,cust_001267,1445.52,upi,bank_server_error,0,5,0.671,cancelled,returning,14,238.7,0.286,2,0,not_recovered
txn_c4a90bf09097,cust_000297,940.64,upi,bank_server_error,2,0,0.5,none,new,23,720.0,0.025,0,0,not_recovered
txn_52b2ce4bba53,cust_000869,4058.76,card,invalid_card,0,0,0.5,active,new,30,720.0,0.144,0,1,recovered
txn_6c760b177439,cust_000026,1364.96,card,insufficient_funds,0,0,0.5,active,new,17,720.0,0.114,0,0,not_recovered
txn_1b53ef05f1cf,cust_000678,956.15,emi,bank_server_error,2,8,0.542,none,loyal,22,102.8,0.072,4,0,not_recovered
txn_aecdd1022758,cust_000171,3240.71,card,risk_flagged,0,0,0.5,cancelled,new,4,720.0,0.245,0,0,not_recovered
txn_8fa981909ccd,cust_000621,891.18,card,network_timeout,0,0,0.5,none,new,30,720.0,0.119,0,0,not_recovered
txn_2e55024384eb,cust_001062,1486.11,card,bank_server_error,0,7,0.764,active,returning,29,25.1,0.246,2,1,recovered
txn_869c96613c5d,cust_001411,2200.4,upi,network_timeout,0,0,0.5,none,new,12,720.0,0.346,0,1,recovered
txn_f4e4cf171061,cust_000298,1120.82,upi,otp_failed,0,0,0.5,none,new,22,720.0,0.22,1,1,recovered
txn_f7d23a3cf8cb,cust_001478,1283.83,card,insufficient_funds,0,6,0.747,active,returning,2,17.0,0.309,1,0,not_recovered
txn_cb54b3f6ae73,cust_000149,7954.43,upi,invalid_card,0,10,0.662,paused,returning,18,85.2,0.273,2,0,not_recovered
txn_247674863bab,cust_001086,1662.68,upi,insufficient_funds,0,4,0.451,active,returning,29,179.2,0.34,3,1,recovered
txn_5d08619aaa6a,cust_001414,1445.68,card,network_timeout,1,13,0.885,paused,loyal,4,19.9,0.179,1,1,recovered
txn_9bfd972bea58,cust_001338,1706.82,wallet,card_declined_bank,0,0,0.5,paused,new,26,720.0,0.463,1,0,not_recovered
txn_2cd041573d89,cust_000576,3007.94,card,card_declined_bank,1,14,0.731,active,loyal,30,13.1,0.109,1,0,not_recovered
txn_dfbc119638ed,cust_001215,788.02,card,otp_failed,0,15,0.935,none,loyal,17,116.3,0.14,1,1,recovered
txn_b09d8a6edcbb,cust_001043,2935.09,wallet,card_declined_bank,0,21,0.8,paused,loyal,24,41.4,0.066,5,0,not_recovered
txn_46293d2fa000,cust_001107,2515.53,netbanking,insufficient_funds,0,8,0.973,none,returning,7,71.4,0.468,4,0,not_recovered
txn_e0389132405e,cust_001178,399.5,card,otp_failed,0,6,0.396,none,returning,13,38.4,0.176,1,1,recovered
txn_b09802c87d27,cust_000373,10045.0,netbanking,network_timeout,0,4,0.934,active,returning,22,35.2,0.301,2,1,recovered
txn_d22c42f1f6ff,cust_000590,7440.79,upi,network_timeout,0,3,0.746,active,returning,13,18.8,0.383,3,0,not_recovered
txn_a42ab6f2a9d7,cust_000642,972.13,card,invalid_card,1,0,0.5,none,new,0,720.0,0.203,0,0,not_recovered
txn_f5b5a126be3d,cust_000973,727.65,netbanking,card_declined_bank,2,21,0.871,active,loyal,25,49.8,0.147,0,0,not_recovered
txn_dc07478caae2,cust_000385,2453.44,netbanking,insufficient_funds,0,8,0.75,active,returning,28,173.2,0.032,1,0,not_recovered
txn_f245f962f1f3,cust_000206,553.76,card,network_timeout,2,6,0.859,none,returning,18,97.2,0.354,0,0,not_recovered
txn_ed45f44db119,cust_001167,6821.64,upi,invalid_card,0,7,0.824,active,returning,21,65.6,0.24,5,0,not_recovered
txn_9e8f19797db6,cust_000568,1310.8,card,network_timeout,0,0,0.5,paused,new,4,720.0,0.116,0,0,not_recovered
txn_da0c6514b7a8,cust_000466,8600.94,card,insufficient_funds,0,4,0.858,paused,returning,5,7.2,0.12,3,1,recovered
txn_5e4a57392bdf,cust_001543,951.5,emi,network_timeout,1,5,0.712,paused,returning,28,82.3,0.094,2,0,not_recovered
txn_19685a90cb7c,cust_001090,1806.27,upi,network_timeout,1,8,0.817,active,returning,5,70.3,0.201,4,1,recovered
txn_7c8fd8716cf3,cust_001090,6250.97,upi,insufficient_funds,2,0,0.5,none,new,29,720.0,0.367,0,0,not_recovered
txn_20addd9a67e7,cust_000512,1493.81,upi,invalid_card,1,0,0.5,paused,new,1,720.0,0.255,0,0,not_recovered
txn_34c4a0b8a03f,cust_000201,2552.64,upi,insufficient_funds,0,8,0.734,none,returning,14,384.4,0.261,3,0,not_recovered
txn_963e9cd41d76,cust_000096,5342.2,card,bank_server_error,1,4,0.57,none,returning,23,33.3,0.033,2,0,not_recovered
txn_41739ba70f5c,cust_001199,1211.43,emi,card_declined_bank,2,17,0.777,none,loyal,2,81.0,0.588,2,0,not_recovered
txn_03c14c8fdbad,cust_001382,641.9,upi,bank_server_error,1,0,0.5,none,new,3,720.0,0.239,0,0,not_recovered
txn_4b14d2fa0cfc,cust_001308,537.62,upi,card_declined_bank,0,0,0.5,active,new,22,720.0,0.428,0,0,not_recovered
txn_8f0609923a11,cust_000643,3378.17,upi,otp_failed,1,0,0.5,none,new,16,720.0,0.391,1,0,not_recovered
txn_7d46626837fd,cust_000589,2835.29,card,otp_failed,0,7,0.603,active,returning,24,17.6,0.104,2,0,not_recovered
txn_507d2a681445,cust_000356,5195.23,card,otp_failed,2,5,0.946,paused,returning,11,145.5,0.412,0,1,recovered
txn_b78c13d74515,cust_001351,1561.43,card,card_declined_bank,2,5,0.74,none,returning,22,11.5,0.215,1,0,not_recovered
txn_420ed1de2608,cust_000829,551.33,card,card_declined_bank,1,23,0.762,active,loyal,17,87.6,0.1,3,0,not_recovered
txn_b7ad280dc24c,cust_000178,240.45,upi,card_declined_bank,0,0,0.5,none,new,2,720.0,0.164,0,1,recovered
txn_3427b9e85816,cust_000206,26401.24,wallet,network_timeout,0,6,0.606,none,returning,21,221.1,0.293,1,0,not_recovered
txn_129a0a9cea5f,cust_000088,3210.66,card,otp_failed,2,0,0.5,active,new,28,720.0,0.271,0,1,recovered
txn_5c8e8f17de89,cust_000017,2259.98,card,card_declined_bank,1,0,0.5,cancelled,new,6,720.0,0.393,0,0,not_recovered
txn_dc17397a4ba5,cust_001093,2567.73,upi,insufficient_funds,1,6,0.659,none,returning,24,23.1,0.088,0,0,not_recovered
txn_bd2f151be714,cust_000037,551.03,card,risk_flagged,2,0,0.5,none,new,6,720.0,0.301,0,1,recovered
txn_b430ccbc0f03,cust_001139,977.13,wallet,insufficient_funds,0,7,0.708,paused,returning,28,156.5,0.282,1,1,recovered
txn_13c0c841da5d,cust_001535,9595.0,card,insufficient_funds,1,7,0.772,none,returning,10,67.0,0.153,1,0,not_recovered
txn_2dc891c0ead3,cust_001288,3613.79,card,risk_flagged,0,2,0.641,none,returning,20,66.6,0.053,2,0,not_recovered
txn_a831f6678729,cust_001233,1005.02,card,insufficient_funds,0,9,0.7,active,returning,28,74.1,0.158,1,1,recovered
txn_aeef074f53ea,cust_001214,662.4,wallet,insufficient_funds,0,9,0.67,active,returning,17,49.4,0.06,1,0,not_recovered
txn_693a95bc5c0a,cust_001309,1256.24,card,insufficient_funds,0,4,0.964,none,returning,13,86.6,0.544,3,0,not_recovered
txn_ea9b008e0eb6,cust_000105,1504.34,upi,risk_flagged,0,0,0.5,none,new,15,720.0,0.202,0,1,recovered
txn_f8b72fcd3f61,cust_000762,12635.07,card,bank_server_error,1,0,0.5,none,new,7,720.0,0.17,1,0,not_recovered
txn_27320b0a4712,cust_000506,1686.75,card,otp_failed,0,8,0.918,none,returning,1,296.9,0.648,2,0,not_recovered
txn_391df73965ae,cust_000823,684.99,wallet,card_declined_bank,1,17,0.729,none,loyal,16,2.2,0.12,1,0,not_recovered
txn_f9db6996c16e,cust_000587,1895.54,card,otp_failed,0,0,0.5,paused,new,24,720.0,0.321,1,0,not_recovered
txn_cdd2ed23a091,cust_000285,2534.89,card,invalid_card,1,8,0.559,cancelled,returning,5,9.4,0.569,2,0,not_recovered
txn_3bafd9d0dbe9,cust_000942,631.13,upi,card_declined_bank,0,8,0.725,none,returning,28,44.9,0.159,0,1,recovered
txn_e6304ec9f6d0,cust_000771,2869.66,netbanking,insufficient_funds,1,14,0.865,cancelled,loyal,23,348.7,0.041,2,0,not_recovered
txn_a3873f6bf160,cust_000328,5931.45,card,invalid_card,0,4,0.706,paused,returning,20,23.5,0.12,4,0,not_recovered
txn_8d74a0ade71e,cust_000899,2263.81,card,bank_server_error,0,4,0.592,active,returning,9,50.1,0.05,2,1,recovered
txn_be9c7cf2bbaf,cust_000231,975.2,emi,network_timeout,0,6,0.571,none,returning,22,134.1,0.325,4,0,not_recovered
txn_392239f7e449,cust_001275,1241.43,upi,insufficient_funds,0,20,0.436,active,loyal,30,68.4,0.106,6,1,recovered
txn_687b60e50987,cust_000936,449.01,netbanking,otp_failed,0,0,0.5,none,new,8,720.0,0.296,0,1,recovered
txn_6cd57ff1d191,cust_001322,1771.44,netbanking,network_timeout,0,17,0.576,none,loyal,19,13.3,0.06,1,1,recovered
txn_65b995135e23,cust_000730,2643.08,upi,otp_failed,0,0,0.5,none,new,13,720.0,0.246,0,0,not_recovered
txn_181aad18a63f,cust_001269,891.61,card,insufficient_funds,1,16,0.596,paused,loyal,18,168.2,0.347,3,1,recovered
txn_6a4d3636d95a,cust_000373,11449.83,card,bank_server_error,0,0,0.5,none,new,7,720.0,0.051,0,1,recovered
txn_26399ab8a6d2,cust_001477,4076.73,upi,network_timeout,0,0,0.5,none,new,9,720.0,0.025,0,1,recovered
txn_a01855e6f074,cust_001516,398.02,upi,risk_flagged,0,0,0.5,paused,new,27,720.0,0.238,0,0,not_recovered
txn_e7cc29212f39,cust_001402,405.44,wallet,insufficient_funds,0,3,0.607,cancelled,returning,5,5.2,0.102,1,0,not_recovered
txn_be017b6c909b,cust_001158,824.17,upi,network_timeout,0,0,0.5,paused,new,25,720.0,0.348,0,1,recovered
txn_712e7d64c71f,cust_000430,8232.68,card,bank_server_error,1,0,0.5,active,new,2,720.0,0.204,0,0,not_recovered
txn_79026eb8545d,cust_000971,4455.21,upi,bank_server_error,0,4,0.573,active,returning,27,81.5,0.147,1,0,not_recovered
txn_9bb0490dd927,cust_000304,8615.7,upi,otp_failed,0,4,0.734,active,returning,26,84.6,0.271,3,0,not_recovered
txn_f2a3d9330d1f,cust_000575,2016.64,upi,bank_server_error,0,3,0.579,none,returning,28,10.0,0.184,0,0,not_recovered
txn_f418b8bb6f4b,cust_000581,1654.84,netbanking,network_timeout,0,14,0.871,active,loyal,30,44.9,0.134,2,1,recovered
txn_b5246aa50c22,cust_000225,650.17,upi,risk_flagged,1,5,0.663,cancelled,returning,29,50.1,0.22,1,0,not_recovered
txn_70860b2a0777,cust_000129,2737.27,card,bank_server_error,0,0,0.5,none,new,6,720.0,0.15,0,1,recovered
txn_38884b14c51b,cust_000342,1674.8,upi,network_timeout,1,0,0.5,none,new,27,720.0,0.426,0,0,not_recovered
txn_2b839c84123d,cust_001287,1617.76,upi,card_declined_bank,0,20,0.858,active,loyal,30,135.6,0.15,3,0,not_recovered
txn_02083f263824,cust_000853,8571.91,wallet,otp_failed,1,0,0.5,none,new,16,720.0,0.04,0,0,not_recovered
txn_5d91fa39f4fc,cust_000721,1783.42,upi,otp_failed,0,3,0.544,none,returning,19,200.5,0.246,3,0,not_recovered
txn_0fa3d49e9b7c,cust_001451,6620.22,upi,bank_server_error,2,21,0.709,none,loyal,27,112.0,0.08,1,0,not_recovered
txn_b1af04aed9eb,cust_000186,478.54,upi,insufficient_funds,0,18,0.425,active,loyal,24,21.1,0.391,2,1,recovered
txn_25b8bc6e87ec,cust_000220,22455.73,upi,bank_server_error,0,9,0.724,paused,returning,24,35.6,0.195,1,1,recovered
txn_cf89d36f70af,cust_000705,1428.04,card,network_timeout,1,5,0.888,active,returning,30,49.1,0.008,2,1,recovered
txn_4d4e9559a2f9,cust_001076,3776.17,wallet,insufficient_funds,0,7,0.751,active,returning,26,42.3,0.242,2,1,recovered
txn_dbe2c7c82296,cust_000855,4357.46,wallet,invalid_card,0,6,0.603,cancelled,returning,30,98.0,0.144,0,0,not_recovered
txn_041e8706eaa1,cust_001336,1277.14,upi,otp_failed,0,0,0.5,active,new,28,720.0,0.069,1,1,recovered
txn_1a9b2ba32c88,cust_000560,4176.07,upi,insufficient_funds,0,0,0.5,active,new,17,720.0,0.344,0,0,not_recovered
txn_c91524f8f1fe,cust_001076,4376.05,card,insufficient_funds,1,5,0.851,none,returning,18,3.9,0.389,2,1,recovered
txn_a30942378a91,cust_000488,1051.71,upi,card_declined_bank,0,0,0.5,none,new,16,720.0,0.659,0,0,not_recovered
txn_23f5873b63c1,cust_000399,1062.98,upi,insufficient_funds,0,5,0.903,active,returning,9,82.8,0.16,1,1,recovered
txn_e671addde5e1,cust_000685,2081.36,upi,network_timeout,0,7,0.656,active,returning,20,800.1,0.029,5,1,recovered
txn_ac5be1a43e21,cust_000905,1800.92,card,network_timeout,2,16,0.807,active,loyal,18,379.2,0.438,0,0,not_recovered
txn_8072fb14ed02,cust_000387,7001.06,upi,card_declined_bank,0,23,0.683,none,loyal,6,11.1,0.295,2,0,not_recovered
txn_b9f9144603cb,cust_001485,3760.85,card,otp_failed,0,6,0.952,active,returning,26,28.2,0.234,3,1,recovered
txn_a1523a206f20,cust_000583,1875.48,upi,network_timeout,2,7,0.805,paused,returning,12,10.6,0.175,2,1,recovered
txn_006e5910b674,cust_000764,3447.73,upi,network_timeout,0,0,0.5,paused,new,14,720.0,0.061,0,0,not_recovered
txn_e576ea52d95f,cust_001093,316.72,card,otp_failed,1,4,0.596,active,returning,25,106.7,0.614,2,0,not_recovered
txn_d5943c6f37e2,cust_000491,1148.51,upi,otp_failed,1,0,0.5,none,new,18,720.0,0.055,0,0,not_recovered
txn_93f991189d6c,cust_001400,2589.03,netbanking,otp_failed,0,31,0.811,active,loyal,3,30.8,0.206,3,1,recovered
txn_86aa2af69d6a,cust_001177,5452.5,upi,network_timeout,1,20,0.794,active,loyal,9,130.8,0.17,2,1,recovered
txn_ce0a0ca6f7ff,cust_000081,2391.78,card,card_declined_bank,2,15,0.79,active,loyal,14,35.3,0.43,3,0,not_recovered
txn_24b85c8a8140,cust_000619,7423.57,upi,invalid_card,0,20,0.865,paused,loyal,22,14.4,0.303,0,0,not_recovered
txn_f1b15c3bd7c8,cust_001503,4364.01,card,otp_failed,0,11,0.657,none,loyal,9,151.4,0.255,3,1,recovered
txn_ef85ba2fc7b6,cust_001180,1287.56,upi,network_timeout,1,0,0.5,none,new,14,720.0,0.148,0,0,not_recovered
txn_6e8179d3a548,cust_000654,1761.59,upi,otp_failed,0,16,0.891,none,loyal,18,55.6,0.579,1,0,not_recovered
txn_98b8a25376f8,cust_001483,2885.86,card,insufficient_funds,0,6,0.435,paused,returning,16,36.5,0.277,0,1,recovered
txn_a965f8d80079,cust_001308,1334.39,upi,network_timeout,0,5,0.534,none,returning,5,39.6,0.235,2,1,recovered
txn_c9e79a0d0f08,cust_000792,7928.04,upi,insufficient_funds,1,2,0.845,active,returning,15,214.0,0.093,4,1,recovered
txn_d3d1df1ccc61,cust_001021,736.67,netbanking,risk_flagged,1,0,0.5,cancelled,new,28,720.0,0.633,0,0,not_recovered
txn_b4e692a0513e,cust_001101,2655.79,card,insufficient_funds,2,0,0.5,none,new,20,720.0,0.333,0,0,not_recovered
txn_d16ae19349ae,cust_001276,3873.45,card,risk_flagged,0,0,0.5,none,new,24,720.0,0.167,0,0,not_recovered
txn_4722ee025a7b,cust_000249,1507.03,upi,bank_server_error,2,0,0.5,none,new,22,720.0,0.35,1,0,not_recovered
txn_7ddbac78131f,cust_000240,1230.38,card,bank_server_error,0,4,0.647,none,returning,2,52.4,0.406,1,1,recovered
txn_e300a58321fb,cust_000579,1865.95,upi,network_timeout,1,13,0.785,active,loyal,14,173.5,0.125,2,0,not_recovered
txn_b0d2edb3a45c,cust_000194,4149.73,card,otp_failed,1,9,0.947,active,returning,10,15.8,0.59,3,1,recovered
txn_c36dd8f3f846,cust_000325,1274.28,card,network_timeout,0,3,0.933,none,returning,15,68.7,0.536,1,0,not_recovered
txn_73fca8374032,cust_000072,763.54,upi,bank_server_error,0,4,0.883,none,returning,1,94.2,0.299,1,1,recovered
txn_860df38a1678,cust_001444,5628.1,card,insufficient_funds,0,2,0.712,paused,returning,7,99.2,0.603,1,0,not_recovered
txn_23cc72d29b77,cust_000337,2862.26,upi,insufficient_funds,0,0,0.5,none,new,3,720.0,0.339,1,0,not_recovered
txn_a7d7a7cbcaba,cust_000406,4949.65,card,bank_server_error,1,19,0.347,cancelled,loyal,1,57.3,0.101,1,1,recovered
txn_98d3d17860fa,cust_001000,3957.62,upi,network_timeout,0,0,0.5,cancelled,new,13,720.0,0.231,0,1,recovered
txn_fa735c674462,cust_000528,14212.83,card,insufficient_funds,1,3,0.574,none,returning,24,57.9,0.176,0,0,not_recovered
txn_804a8e3e98fc,cust_000779,5450.57,netbanking,invalid_card,0,6,0.897,active,returning,10,26.9,0.253,2,0,not_recovered
txn_7a28072563f5,cust_000023,1041.41,netbanking,network_timeout,0,3,0.679,none,returning,24,69.8,0.151,4,1,recovered
txn_85abd3159508,cust_001031,3051.05,card,insufficient_funds,1,18,0.885,none,loyal,16,24.2,0.284,0,0,not_recovered
txn_ded636e7b670,cust_001463,1209.86,upi,insufficient_funds,0,0,0.5,none,new,20,720.0,0.333,2,1,recovered
txn_90aa09f37970,cust_001507,1327.81,card,insufficient_funds,2,14,0.79,active,loyal,9,87.3,0.39,1,0,not_recovered
txn_780ee359fd7d,cust_001422,560.46,upi,otp_failed,2,9,0.664,none,returning,13,211.6,0.45,3,0,not_recovered
txn_491efbe47dab,cust_000249,1544.57,card,insufficient_funds,0,10,0.565,none,returning,10,14.9,0.17,7,1,recovered
txn_ffd1592ba5a9,cust_000367,3263.42,upi,bank_server_error,0,5,0.52,none,returning,13,147.2,0.105,2,0,not_recovered
txn_b11df24badb1,cust_000343,1882.92,card,otp_failed,0,19,0.637,paused,loyal,29,118.5,0.015,5,1,recovered
txn_1d373d43fd8f,cust_001243,742.91,wallet,insufficient_funds,1,22,0.675,none,loyal,3,4.7,0.004,2,0,not_recovered
txn_20e5c2e24dd6,cust_000348,507.39,upi,invalid_card,0,7,0.79,none,returning,27,97.7,0.073,3,0,not_recovered
txn_8ee4f552edce,cust_001093,13368.57,upi,invalid_card,2,24,0.583,none,loyal,28,208.6,0.468,2,0,not_recovered
txn_a840815bb7df,cust_001122,2677.52,card,network_timeout,2,9,0.807,none,returning,0,228.9,0.371,2,0,not_recovered
txn_5375d62ad491,cust_001459,951.78,card,insufficient_funds,0,4,0.873,active,returning,12,177.5,0.237,1,0,not_recovered
txn_038991d5432e,cust_000048,3027.84,card,network_timeout,1,13,0.51,none,loyal,18,34.9,0.049,4,1,recovered
txn_a0d7a370fa21,cust_000193,14332.25,wallet,network_timeout,0,6,0.893,none,returning,9,10.6,0.221,3,1,recovered
txn_234f95528d89,cust_000522,3492.65,netbanking,bank_server_error,0,2,0.619,none,returning,4,58.4,0.435,1,1,recovered
txn_89675fe8a293,cust_001139,162.66,card,bank_server_error,0,0,0.5,active,new,12,720.0,0.082,0,1,recovered
txn_e8adebe8ffce,cust_000851,21743.33,upi,bank_server_error,1,0,0.5,cancelled,new,24,720.0,0.349,0,1,recovered
txn_7d40b5e108d6,cust_000497,378.3,upi,insufficient_funds,0,19,0.673,paused,loyal,14,68.1,0.158,2,1,recovered
txn_28ef833eae27,cust_000021,1660.03,card,insufficient_funds,1,7,0.694,none,returning,25,1.0,0.115,1,0,not_recovered
txn_88290991da5c,cust_000032,720.49,upi,invalid_card,0,7,0.546,none,returning,11,39.4,0.031,1,0,not_recovered
txn_198c0b47fdf5,cust_001444,1026.59,card,risk_flagged,1,0,0.5,none,new,20,720.0,0.26,0,0,not_recovered
txn_ccfdcd3c5c3a,cust_001548,2581.09,card,network_timeout,2,2,0.812,none,returning,24,46.2,0.298,1,0,not_recovered
txn_86e40b215fb3,cust_001490,309.85,upi,otp_failed,1,18,0.694,none,loyal,20,53.1,0.17,1,0,not_recovered
txn_6284c9b020d5,cust_001140,1842.32,card,bank_server_error,0,19,0.619,none,loyal,13,122.6,0.345,0,1,recovered
txn_8c4939df19c9,cust_001273,5611.7,wallet,otp_failed,0,0,0.5,paused,new,26,720.0,0.622,0,1,recovered
txn_3236e5f2d372,cust_000785,935.5,upi,otp_failed,0,12,0.633,none,returning,5,68.1,0.219,3,0,not_recovered
txn_4d6c10cf01c0,cust_000730,571.77,netbanking,risk_flagged,0,9,0.708,none,returning,3,49.7,0.179,1,0,not_recovered
txn_580f0ac4e437,cust_001496,1762.74,upi,network_timeout,2,4,0.508,none,returning,1,1.2,0.498,1,1,recovered
txn_a10232a74e2a,cust_000906,1473.64,netbanking,insufficient_funds,0,2,0.837,none,returning,21,85.3,0.069,0,1,recovered
txn_97f0b0c6d1f1,cust_001190,1169.46,card,invalid_card,0,6,0.736,none,returning,10,79.1,0.607,4,0,not_recovered
txn_1ed89c974129,cust_000039,685.73,upi,network_timeout,1,5,0.92,paused,returning,3,161.2,0.094,2,1,recovered
txn_e2f1516a9653,cust_000305,3188.37,upi,network_timeout,0,2,0.602,active,returning,5,110.8,0.076,5,0,not_recovered
txn_40287c50c694,cust_001247,3414.33,wallet,card_declined_bank,1,6,0.462,active,returning,1,261.0,0.168,2,0,not_recovered
txn_de129e312c17,cust_000708,765.8,card,card_declined_bank,0,12,0.849,active,returning,12,54.9,0.236,1,1,recovered
txn_58135eb6d2ef,cust_000019,867.38,upi,otp_failed,0,25,0.848,cancelled,loyal,19,104.2,0.113,2,1,recovered
txn_83d09c68a1f5,cust_000955,2259.37,netbanking,card_declined_bank,1,4,0.356,none,returning,7,106.3,0.075,1,0,not_recovered
txn_792e9ea4217f,cust_000974,838.43,card,otp_failed,0,0,0.5,none,new,8,720.0,0.257,0,0,not_recovered
txn_aa1749e46d9e,cust_000439,2346.77,netbanking,network_timeout,2,16,0.489,none,loyal,30,64.4,0.713,2,1,recovered
txn_430a32dd5dbd,cust_000138,7489.38,card,otp_failed,0,21,0.84,none,loyal,1,12.2,0.099,5,1,recovered
txn_a7c7e9f480bb,cust_000637,1893.46,card,card_declined_bank,0,0,0.5,paused,new,26,720.0,0.191,0,0,not_recovered
txn_6ead2fcf3db1,cust_001227,670.31,upi,risk_flagged,0,9,0.952,cancelled,returning,1,2.3,0.137,2,0,not_recovered
txn_bc768d0bf8d2,cust_000011,2843.79,upi,insufficient_funds,0,0,0.5,paused,new,24,720.0,0.321,0,0,not_recovered
txn_8e4d72dc73a7,cust_000820,1702.94,card,network_timeout,0,3,0.648,paused,returning,30,122.1,0.172,2,0,not_recovered
txn_c8d64603f4b2,cust_000858,1745.61,card,card_declined_bank,0,0,0.5,active,new,9,720.0,0.215,0,0,not_recovered
txn_e25e3457bcbc,cust_000243,3064.96,card,insufficient_funds,0,5,0.749,active,returning,6,96.1,0.251,2,0,not_recovered
txn_6b0e55f41ff3,cust_000707,3721.69,netbanking,network_timeout,2,0,0.5,none,new,7,720.0,0.111,0,0,not_recovered
txn_320d4824d146,cust_000103,2063.07,wallet,card_declined_bank,0,8,0.711,none,returning,12,3.6,0.169,4,1,recovered
txn_129104553812,cust_000548,1892.0,upi,bank_server_error,1,15,0.921,active,loyal,8,31.4,0.282,1,1,recovered
txn_59086182ef31,cust_000380,12799.83,card,insufficient_funds,0,9,0.501,none,returning,8,95.9,0.354,0,0,not_recovered
txn_9396eb3521d0,cust_000776,5886.98,upi,network_timeout,1,18,0.443,active,loyal,5,36.9,0.11,2,1,recovered
txn_b40bc1c1e263,cust_001502,4230.99,netbanking,network_timeout,0,14,0.825,active,loyal,28,28.4,0.278,1,0,not_recovered
txn_a4b2811b02b2,cust_000342,2248.65,upi,card_declined_bank,0,15,0.853,none,loyal,9,67.9,0.339,3,0,not_recovered
txn_2e8810ed5e27,cust_000187,808.22,card,bank_server_error,0,0,0.5,paused,new,2,720.0,0.492,1,0,not_recovered
txn_7d246c47e85e,cust_000861,5511.81,card,network_timeout,0,17,0.793,none,loyal,9,123.6,0.231,1,0,not_recovered
txn_c50b93d2dcfe,cust_000706,2275.29,wallet,insufficient_funds,0,0,0.5,none,new,16,720.0,0.281,0,0,not_recovered
txn_c95e4f2b5cb2,cust_000054,1188.62,netbanking,network_timeout,0,4,0.882,paused,returning,3,50.9,0.313,0,1,recovered
txn_98f6190c4ff3,cust_000422,1605.47,card,network_timeout,1,15,0.729,paused,loyal,14,13.2,0.359,1,0,not_recovered
txn_2221b817b11d,cust_000991,837.51,netbanking,insufficient_funds,0,3,0.861,none,returning,30,40.5,0.484,1,1,recovered
txn_711e237fdc27,cust_001026,5175.01,card,bank_server_error,2,12,0.665,paused,returning,21,155.5,0.083,1,0,not_recovered
txn_00064065ee59,cust_001270,3694.99,card,network_timeout,0,7,0.661,active,returning,10,82.3,0.104,1,1,recovered
txn_af3c5f14da23,cust_001188,2353.05,netbanking,insufficient_funds,0,17,0.471,none,loyal,27,240.8,0.182,1,0,not_recovered
txn_61118ec6ed7c,cust_000602,1922.71,upi,bank_server_error,0,5,0.958,active,returning,10,219.2,0.205,1,1,recovered
txn_324e178a2511,cust_001454,1082.9,upi,bank_server_error,0,5,0.591,none,returning,0,53.9,0.267,0,0,not_recovered
txn_3a294ac3cb40,cust_000635,293.81,wallet,network_timeout,1,23,0.769,none,loyal,7,203.9,0.199,0,1,recovered
txn_01c2a36124cd,cust_000721,560.24,netbanking,network_timeout,0,0,0.5,active,new,0,720.0,0.082,0,1,recovered
txn_d737a5ce0124,cust_000219,1024.15,card,network_timeout,1,0,0.5,none,new,15,720.0,0.202,0,1,recovered
txn_012599e26d77,cust_000716,894.56,upi,insufficient_funds,0,5,0.924,none,returning,11,76.6,0.106,0,1,recovered
txn_5b02b730fda4,cust_001458,2592.62,netbanking,card_declined_bank,0,17,0.723,none,loyal,2,60.5,0.131,1,0,not_recovered
txn_a29a6984d60f,cust_000432,4147.85,upi,network_timeout,0,0,0.5,active,new,12,720.0,0.295,0,1,recovered
txn_d150087d62db,cust_001534,1780.06,emi,card_declined_bank,1,0,0.5,active,new,5,720.0,0.185,0,0,not_recovered
txn_f4b130aa4eed,cust_001158,7101.24,upi,card_declined_bank,0,0,0.5,none,new,27,720.0,0.217,0,0,not_recovered
txn_47db664a15e2,cust_000331,987.71,card,network_timeout,2,26,0.625,paused,loyal,18,83.0,0.195,1,1,recovered
txn_004be7cff2cc,cust_001537,1768.73,card,network_timeout,0,0,0.5,paused,new,8,720.0,0.66,1,0,not_recovered
txn_bd9046c812a6,cust_001296,1908.57,netbanking,network_timeout,0,3,0.856,none,returning,23,3.3,0.261,0,0,not_recovered
txn_8213412d5148,cust_000552,5339.93,emi,network_timeout,1,22,0.817,none,loyal,26,256.9,0.317,3,0,not_recovered
txn_6ac769ba631e,cust_001371,2197.99,card,bank_server_error,0,0,0.5,none,new,23,720.0,0.098,1,1,recovered
txn_b4edf148f183,cust_001089,2253.44,card,network_timeout,1,3,0.99,cancelled,returning,2,35.2,0.083,1,1,recovered
txn_fe46c8be4790,cust_000021,450.63,netbanking,card_declined_bank,0,7,0.817,active,returning,15,53.3,0.732,3,0,not_recovered
txn_39d09c1042c2,cust_001195,888.99,card,bank_server_error,1,25,0.896,none,loyal,2,15.3,0.184,2,0,not_recovered
txn_a0b294ddb80c,cust_001362,5358.06,card,card_declined_bank,0,6,0.837,none,returning,19,245.2,0.217,3,0,not_recovered
txn_98967d0e0f3a,cust_001261,308.65,wallet,card_declined_bank,2,8,0.594,none,returning,23,110.4,0.038,0,0,not_recovered
txn_9d8b81099239,cust_000712,6692.17,netbanking,bank_server_error,0,0,0.5,active,new,0,720.0,0.378,0,1,recovered
txn_879b356235a6,cust_000937,3132.85,wallet,risk_flagged,1,3,0.963,active,returning,23,5.1,0.22,1,0,not_recovered
txn_f96c86381768,cust_001170,1019.67,upi,invalid_card,0,5,0.675,none,returning,7,270.1,0.196,1,0,not_recovered
txn_40df7405fa1d,cust_000628,944.97,card,insufficient_funds,1,0,0.5,none,new,2,720.0,0.317,1,1,recovered
txn_df70ed7158bf,cust_000613,11007.8,wallet,network_timeout,1,8,0.619,none,returning,8,714.5,0.289,0,0,not_recovered
txn_a8e54669603b,cust_000916,7117.17,card,insufficient_funds,1,14,0.735,active,loyal,30,14.6,0.531,4,1,recovered
txn_e83519c5f275,cust_000026,1794.54,card,insufficient_funds,0,0,0.5,paused,new,8,720.0,0.13,0,1,recovered
txn_cbdd3df5a03a,cust_000155,2255.51,wallet,bank_server_error,0,0,0.5,none,new,2,720.0,0.764,1,0,not_recovered
txn_a8ce702bd7f6,cust_001333,1117.04,upi,insufficient_funds,1,5,0.456,cancelled,returning,2,28.6,0.342,2,0,not_recovered
txn_0be27cd15ccb,cust_001503,2255.9,wallet,bank_server_error,0,0,0.5,active,new,27,720.0,0.189,0,1,recovered
txn_9ad84558e78b,cust_000692,1089.51,card,card_declined_bank,1,0,0.5,paused,new,20,720.0,0.373,2,0,not_recovered
txn_38d6a18015d0,cust_000241,1861.82,wallet,insufficient_funds,0,7,0.892,cancelled,returning,6,64.7,0.112,2,1,recovered
txn_56ccfd030a7d,cust_000189,10191.37,upi,bank_server_error,0,0,0.5,paused,new,19,720.0,0.17,1,0,not_recovered
txn_65c0ef063a2e,cust_000338,1833.44,upi,insufficient_funds,0,2,0.579,paused,returning,0,129.6,0.449,0,0,not_recovered
txn_dfbb9f92f208,cust_000602,778.04,wallet,card_declined_bank,1,5,0.929,none,returning,21,74.9,0.153,1,1,recovered
txn_efbb4b29d932,cust_000927,584.21,card,otp_failed,0,6,0.753,none,returning,26,56.8,0.319,3,0,not_recovered
txn_c58982c717d3,cust_000440,2240.39,upi,network_timeout,0,0,0.5,none,new,24,720.0,0.547,0,0,not_recovered
txn_26db820fd308,cust_000836,1007.47,upi,otp_failed,1,15,0.765,none,loyal,5,101.0,0.386,1,0,not_recovered
txn_651bd7d45d0b,cust_001054,2494.75,netbanking,network_timeout,0,0,0.5,cancelled,new,10,720.0,0.309,0,0,not_recovered
txn_0158aca595ff,cust_000102,465.19,wallet,card_declined_bank,1,10,0.368,active,returning,16,67.5,0.271,2,0,not_recovered
txn_db646d11128f,cust_000870,3719.06,upi,bank_server_error,0,5,0.34,none,returning,2,225.4,0.077,1,0,not_recovered
txn_234ddf916dbf,cust_000868,769.59,card,insufficient_funds,0,3,0.78,cancelled,returning,25,31.6,0.127,3,1,recovered
txn_a5f583e449a8,cust_001112,2083.21,card,otp_failed,0,0,0.5,active,new,18,720.0,0.19,1,0,not_recovered
txn_87f8eea51b83,cust_001030,1473.69,wallet,risk_flagged,0,0,0.5,active,new,4,720.0,0.376,1,1,recovered
txn_40ce07f5c596,cust_001500,9382.02,emi,card_declined_bank,1,10,0.851,none,returning,23,51.1,0.103,6,0,not_recovered
txn_9482e2cc4e94,cust_000743,2331.67,emi,bank_server_error,0,0,0.5,paused,new,22,720.0,0.663,0,1,recovered
txn_4d9fe64fb616,cust_000371,11509.46,card,card_declined_bank,0,0,0.5,paused,new,4,720.0,0.132,0,0,not_recovered
txn_50615630f0cc,cust_000894,3309.88,card,insufficient_funds,0,13,0.41,active,returning,16,7.1,0.069,1,0,not_recovered
txn_21dd6587878a,cust_000276,7207.41,netbanking,card_declined_bank,1,24,0.518,none,loyal,9,52.8,0.271,2,0,not_recovered
txn_8c64d3edbfb0,cust_000179,1655.87,netbanking,card_declined_bank,1,0,0.5,none,new,7,720.0,0.283,0,0,not_recovered
txn_e5a274b0a659,cust_001033,2726.99,card,network_timeout,0,17,0.696,none,loyal,24,103.4,0.624,1,0,not_recovered
txn_5897a0cb4cad,cust_001390,5983.61,upi,insufficient_funds,0,4,0.637,none,returning,1,114.9,0.293,1,0,not_recovered
txn_939ca61d4f14,cust_000875,4511.86,card,insufficient_funds,0,22,0.656,cancelled,loyal,13,21.7,0.233,5,0,not_recovered
txn_60555f1148f2,cust_001540,3222.44,upi,network_timeout,1,2,0.827,none,returning,8,61.0,0.059,0,0,not_recovered
txn_480e42cf4b3d,cust_000865,1487.51,card,insufficient_funds,0,5,0.83,active,returning,10,42.9,0.403,2,0,not_recovered
txn_7de7d6e0184f,cust_000952,1732.12,card,network_timeout,0,3,0.784,none,returning,13,69.9,0.217,2,1,recovered
txn_40dc8edfc348,cust_000981,5563.02,card,otp_failed,1,7,0.59,none,returning,17,91.0,0.283,1,0,not_recovered
txn_b0dcdf43c3eb,cust_000852,6709.77,wallet,network_timeout,0,11,0.738,none,loyal,11,394.2,0.231,5,1,recovered
txn_e9a7c993110f,cust_000412,1171.95,upi,insufficient_funds,1,0,0.5,active,new,16,720.0,0.364,0,1,recovered
txn_6b455a8539a6,cust_001086,1023.12,wallet,otp_failed,0,0,0.5,active,new,22,720.0,0.139,1,0,not_recovered
txn_acf825002a86,cust_000834,885.61,upi,insufficient_funds,2,0,0.5,cancelled,new,5,720.0,0.338,0,0,not_recovered
txn_3ec6980368fb,cust_001371,4216.37,upi,bank_server_error,0,16,0.841,active,loyal,12,157.4,0.1,2,0,not_recovered
txn_843bdcc98c92,cust_000220,865.64,card,card_declined_bank,0,5,0.651,none,returning,16,2.7,0.242,0,0,not_recovered
txn_9800fc594641,cust_000285,4170.72,upi,invalid_card,0,3,0.438,paused,returning,11,6.0,0.165,1,0,not_recovered
txn_d6952643adc9,cust_000984,3265.35,card,bank_server_error,0,15,0.435,active,loyal,17,53.4,0.193,1,1,recovered
txn_b08d71e9e05d,cust_000769,1223.43,upi,network_timeout,1,23,0.813,active,loyal,25,6.5,0.448,1,0,not_recovered
txn_4aedacacce23,cust_000622,8163.87,netbanking,network_timeout,0,0,0.5,none,new,18,720.0,0.2,0,0,not_recovered
txn_c7b2043bc612,cust_000627,535.91,wallet,invalid_card,0,9,0.896,none,returning,14,5.5,0.395,0,0,not_recovered
txn_d91a8be0a6f7,cust_001020,8897.98,card,otp_failed,1,20,0.792,none,loyal,20,10.0,0.168,3,1,recovered
txn_8c738742bf3f,cust_000248,2662.44,upi,card_declined_bank,0,0,0.5,none,new,30,720.0,0.219,1,0,not_recovered
txn_91bdf7fd9154,cust_000746,309.17,card,otp_failed,1,6,0.484,active,returning,0,118.3,0.298,0,0,not_recovered
txn_adf7bfef5927,cust_000638,8372.36,card,network_timeout,1,6,0.623,active,returning,17,79.8,0.108,3,0,not_recovered
txn_777bb2c0ce03,cust_000871,4793.38,upi,bank_server_error,0,5,0.868,active,returning,0,7.7,0.164,1,1,recovered
txn_9350d720c4e4,cust_001360,1359.14,upi,card_declined_bank,1,3,0.734,none,returning,29,155.1,0.198,4,1,recovered
txn_b1266452b13e,cust_000064,838.61,upi,risk_flagged,1,0,0.5,none,new,22,720.0,0.455,1,0,not_recovered
txn_45abc7370973,cust_000176,486.79,card,insufficient_funds,1,0,0.5,cancelled,new,27,720.0,0.155,0,0,not_recovered
txn_15480ee8b462,cust_000740,17569.18,emi,otp_failed,0,0,0.5,active,new,17,720.0,0.327,0,0,not_recovered
txn_5013c6b83824,cust_000280,870.4,emi,network_timeout,0,0,0.5,none,new,12,720.0,0.407,0,0,not_recovered
txn_65cf3728cf91,cust_000865,640.83,upi,invalid_card,2,5,0.796,none,returning,0,69.7,0.342,1,0,not_recovered
txn_e49e3670e0f5,cust_000994,2543.07,netbanking,insufficient_funds,0,5,0.752,none,returning,18,69.0,0.683,3,0,not_recovered
txn_e837f16da93e,cust_001507,457.55,card,card_declined_bank,0,0,0.5,none,new,28,720.0,0.37,0,0,not_recovered
txn_9e2992210123,cust_000329,826.01,upi,insufficient_funds,0,8,0.721,active,returning,4,53.3,0.058,2,1,recovered
txn_189deb16a661,cust_000263,4892.57,wallet,otp_failed,1,8,0.837,none,returning,7,131.1,0.363,0,0,not_recovered
txn_239fa31baa5e,cust_000268,3034.46,netbanking,otp_failed,1,5,0.873,none,returning,16,127.3,0.273,3,0,not_recovered
txn_008afa401328,cust_001155,1411.3,netbanking,insufficient_funds,2,18,0.918,paused,loyal,16,18.2,0.315,5,0,not_recovered
txn_7245524fc126,cust_001431,2031.39,upi,card_declined_bank,2,5,0.576,active,returning,13,48.4,0.547,2,0,not_recovered
txn_ac61a5fc5a9b,cust_000483,1341.81,netbanking,risk_flagged,0,15,0.622,none,loyal,4,57.5,0.208,1,0,not_recovered
txn_f06d9c662382,cust_000681,1889.75,upi,risk_flagged,0,0,0.5,none,new,14,720.0,0.02,1,0,not_recovered
txn_397cf8590540,cust_001530,1006.64,card,insufficient_funds,0,2,0.549,none,returning,15,292.2,0.263,1,1,recovered
txn_2305e087bacf,cust_000332,1185.34,card,card_declined_bank,0,20,0.46,active,loyal,5,1.3,0.124,1,0,not_recovered
txn_44c58ece4867,cust_000077,1153.31,netbanking,bank_server_error,0,20,0.693,none,loyal,18,38.9,0.343,2,1,recovered
txn_8b1a7ec70af3,cust_000784,1039.74,upi,otp_failed,2,11,0.59,none,returning,26,112.3,0.251,1,0,not_recovered
txn_098b7394c301,cust_000869,5112.89,upi,bank_server_error,0,6,0.811,none,returning,2,205.9,0.279,3,1,recovered
txn_d45142445051,cust_000104,3996.23,wallet,otp_failed,0,7,0.884,none,returning,2,350.1,0.177,1,1,recovered
txn_9e08b0d2af60,cust_000894,863.4,upi,network_timeout,0,6,0.758,active,returning,17,131.3,0.231,1,0,not_recovered
txn_c424b2a50819,cust_000360,682.01,card,insufficient_funds,0,2,0.88,active,returning,24,25.7,0.06,4,1,recovered
txn_f3ecc3409d6d,cust_000212,1734.46,upi,network_timeout,0,12,0.713,paused,loyal,3,154.2,0.22,3,1,recovered
txn_ba2a7ccb79a5,cust_000883,13901.59,upi,insufficient_funds,0,6,0.625,none,returning,29,81.5,0.25,1,1,recovered
txn_cf50224b8626,cust_001335,792.4,netbanking,network_timeout,0,0,0.5,none,new,14,720.0,0.221,1,1,recovered
txn_a7813c8785a6,cust_000281,1728.31,upi,network_timeout,0,5,0.615,none,returning,3,26.3,0.201,1,1,recovered
txn_469934476ee6,cust_000228,2164.29,upi,card_declined_bank,1,0,0.5,none,new,13,720.0,0.268,0,0,not_recovered
txn_361226752c64,cust_001431,1812.06,upi,bank_server_error,1,0,0.5,none,new,13,720.0,0.158,0,0,not_recovered
txn_fa982ab896ad,cust_001250,1322.94,upi,network_timeout,1,0,0.5,none,new,12,720.0,0.111,0,0,not_recovered
txn_698728a44429,cust_000379,5650.91,netbanking,card_declined_bank,0,7,0.743,none,returning,18,111.6,0.221,2,0,not_recovered
txn_81b5004967cd,cust_000452,3007.95,card,risk_flagged,0,0,0.5,active,new,7,720.0,0.288,0,1,recovered
txn_349a71a3d1e9,cust_000443,4277.93,netbanking,risk_flagged,0,0,0.5,paused,new,30,720.0,0.076,2,0,not_recovered
txn_1df84a2b3b66,cust_000676,3396.3,upi,card_declined_bank,2,0,0.5,cancelled,new,8,720.0,0.054,1,1,recovered
txn_72c3de2711ab,cust_001096,4467.36,card,invalid_card,0,22,0.789,none,loyal,26,29.3,0.032,1,0,not_recovered
txn_a26cd9702680,cust_001214,8316.24,upi,otp_failed,0,7,0.688,cancelled,returning,25,43.2,0.407,2,0,not_recovered
txn_df85a7132893,cust_001342,6620.59,upi,invalid_card,2,0,0.5,cancelled,new,12,720.0,0.138,0,0,not_recovered
txn_543e49fa3dec,cust_001540,16192.83,upi,invalid_card,2,0,0.5,none,new,5,720.0,0.034,0,0,not_recovered
txn_66f7cdeaf441,cust_000128,5976.6,netbanking,insufficient_funds,0,5,0.558,none,returning,30,127.9,0.244,2,1,recovered
txn_ded43f8ac19f,cust_001018,1093.89,card,risk_flagged,1,0,0.5,none,new,17,720.0,0.585,0,0,not_recovered
txn_b560a27d8b5a,cust_000863,4283.74,card,card_declined_bank,0,2,0.871,active,returning,10,42.4,0.313,0,0,not_recovered
txn_488c7fff15a9,cust_001387,3787.24,card,card_declined_bank,0,7,0.942,active,returning,4,59.6,0.212,1,0,not_recovered
txn_ea760b9a1d07,cust_001137,11251.6,upi,risk_flagged,0,21,0.796,none,loyal,10,10.6,0.033,1,0,not_recovered
txn_0c40ef18e10b,cust_001286,836.78,upi,insufficient_funds,2,0,0.5,paused,new,20,720.0,0.302,0,0,not_recovered
txn_a4d07f528763,cust_001340,3301.58,netbanking,insufficient_funds,0,7,0.904,none,returning,15,19.5,0.105,4,1,recovered
txn_f8e6a44282fb,cust_001250,1082.51,upi,otp_failed,1,0,0.5,paused,new,2,720.0,0.046,1,0,not_recovered
txn_0f1127430561,cust_000135,3169.38,card,card_declined_bank,0,22,0.776,none,loyal,24,6.2,0.187,1,0,not_recovered
txn_8d801f1afe9b,cust_000963,1647.03,card,risk_flagged,1,12,0.404,none,loyal,9,8.5,0.324,4,0,not_recovered
txn_5e5985df9631,cust_001541,3076.42,card,risk_flagged,1,5,0.88,active,returning,5,109.3,0.536,2,1,recovered
txn_69715e9d350e,cust_000717,561.55,upi,card_declined_bank,1,2,0.324,none,returning,21,35.2,0.249,2,0,not_recovered
txn_3cfd1836a10e,cust_000153,4080.21,card,invalid_card,2,0,0.5,active,new,23,720.0,0.382,0,0,not_recovered
txn_e7f2bb791bae,cust_000073,2405.36,upi,network_timeout,1,19,0.73,active,loyal,25,102.7,0.144,3,0,not_recovered
txn_28c681afb8df,cust_001244,2291.53,netbanking,invalid_card,1,5,0.796,active,returning,0,79.8,0.443,0,0,not_recovered
txn_15103c971a46,cust_001321,11558.84,upi,network_timeout,0,0,0.5,active,new,12,720.0,0.447,0,1,recovered
txn_199bf14ee2d5,cust_000229,1416.25,card,bank_server_error,2,5,0.4,active,returning,8,51.2,0.657,2,0,not_recovered
txn_0a4cf57a0108,cust_001486,2719.05,card,network_timeout,0,6,0.844,none,returning,17,12.9,0.102,2,1,recovered
txn_91ba74e77b0d,cust_000956,2186.91,upi,bank_server_error,0,26,0.916,none,loyal,30,24.4,0.134,2,1,recovered
txn_40fe1bc84d39,cust_000505,2388.06,upi,insufficient_funds,0,5,0.611,active,returning,3,80.1,0.241,1,1,recovered
txn_e6819523ecab,cust_000527,14759.22,card,network_timeout,0,4,0.752,paused,returning,20,119.8,0.343,1,1,recovered
txn_c6ddfd0736da,cust_000360,2116.3,wallet,otp_failed,0,6,0.506,none,returning,13,108.6,0.335,2,0,not_recovered
txn_9c3a50a58f25,cust_000527,1199.25,upi,card_declined_bank,0,0,0.5,cancelled,new,14,720.0,0.745,0,0,not_recovered
txn_452137e5d42c,cust_000175,10762.39,upi,network_timeout,0,5,0.798,none,returning,29,118.8,0.238,1,1,recovered
txn_f62ca3deeac0,cust_000573,1514.86,card,otp_failed,2,0,0.5,active,new,22,720.0,0.244,1,0,not_recovered
txn_2ab7bde2a969,cust_000240,471.23,card,network_timeout,2,4,0.949,cancelled,returning,2,175.9,0.051,2,1,recovered
txn_ee5f272c6ca9,cust_001115,1025.81,card,network_timeout,0,8,0.937,paused,returning,13,73.2,0.24,3,1,recovered
txn_53620214c737,cust_001121,650.71,card,network_timeout,2,8,0.834,none,returning,23,161.5,0.261,1,1,recovered
txn_b4480b32e4e0,cust_000601,395.45,upi,otp_failed,0,0,0.5,none,new,3,720.0,0.079,0,0,not_recovered
txn_b4135a53d0f8,cust_001543,1441.28,upi,card_declined_bank,0,0,0.5,none,new,15,720.0,0.327,0,1,recovered
txn_8918fe2af733,cust_001447,1875.83,wallet,otp_failed,2,7,0.65,none,returning,15,7.3,0.478,2,0,not_recovered
txn_556e4e130523,cust_001186,5781.83,wallet,card_declined_bank,1,0,0.5,paused,new,2,720.0,0.42,0,1,recovered
txn_41aa04958c15,cust_000308,3520.86,card,otp_failed,1,0,0.5,none,new,29,720.0,0.111,0,0,not_recovered
txn_6f5a35ea85a4,cust_000749,3379.39,card,card_declined_bank,0,6,0.499,active,returning,11,93.4,0.343,2,1,recovered
txn_e89fadd02c35,cust_000007,894.36,netbanking,invalid_card,0,6,0.883,active,returning,8,158.7,0.178,1,0,not_recovered
txn_50e7d32a793a,cust_000080,4431.26,emi,insufficient_funds,0,6,0.607,active,returning,2,4.5,0.352,1,1,recovered
txn_9d1c4cab667d,cust_000271,6989.12,netbanking,network_timeout,2,5,0.402,active,returning,1,63.1,0.117,2,1,recovered
txn_14c3949f3be1,cust_001070,2850.11,card,network_timeout,0,17,0.56,none,loyal,6,27.2,0.05,4,1,recovered
txn_2c31a7629387,cust_001486,2922.71,card,otp_failed,0,0,0.5,paused,new,22,720.0,0.383,0,1,recovered
txn_03a6f479ff40,cust_000032,640.2,card,bank_server_error,0,4,0.444,active,returning,8,89.0,0.169,1,1,recovered
txn_e9da3de1d623,cust_000993,5161.55,netbanking,network_timeout,1,17,0.396,none,loyal,14,43.3,0.229,3,0,not_recovered
txn_9e14bc6aa343,cust_000714,9924.36,upi,risk_flagged,0,8,0.514,active,returning,20,197.4,0.124,1,1,recovered
txn_be33a952e8b2,cust_000952,2672.2,upi,invalid_card,1,7,0.629,none,returning,10,47.9,0.219,1,0,not_recovered
txn_b8a1af0009d1,cust_000657,1170.37,upi,insufficient_funds,0,6,0.478,none,returning,12,111.0,0.221,0,0,not_recovered
txn_052f6998737d,cust_001515,1727.11,card,network_timeout,0,6,0.917,none,returning,15,8.3,0.086,0,0,not_recovered
txn_7845d2ef393b,cust_000380,1368.71,upi,network_timeout,0,1,0.621,cancelled,returning,28,26.9,0.222,1,1,recovered
txn_e54a80f11a29,cust_000702,1444.61,card,insufficient_funds,0,6,0.968,cancelled,returning,28,7.5,0.23,1,0,not_recovered
txn_bbc243f14785,cust_001085,3580.24,upi,risk_flagged,1,0,0.5,paused,new,8,720.0,0.236,0,0,not_recovered
txn_b4871f2e3f9a,cust_000484,2569.63,upi,otp_failed,1,0,0.5,paused,new,7,720.0,0.529,0,0,not_recovered
txn_9eeaad3ae869,cust_001529,4932.21,upi,network_timeout,0,8,0.887,none,returning,12,312.8,0.407,0,1,recovered
txn_4adcf068eb43,cust_000015,2790.04,card,bank_server_error,0,0,0.5,none,new,6,720.0,0.165,1,0,not_recovered
txn_5cd41cb42e01,cust_000967,918.11,netbanking,network_timeout,0,10,0.699,none,returning,17,54.2,0.345,1,1,recovered
txn_0040fd0ab408,cust_000432,1273.31,upi,insufficient_funds,1,5,0.619,paused,returning,16,10.6,0.055,3,0,not_recovered
txn_ad3c79fd65c9,cust_000177,1204.05,card,insufficient_funds,2,14,0.551,active,loyal,14,91.2,0.106,1,0,not_recovered
txn_428346cfaa72,cust_000739,1689.48,card,otp_failed,1,0,0.5,active,new,14,720.0,0.33,1,0,not_recovered
txn_5cb656a93d31,cust_000924,10049.14,upi,bank_server_error,0,4,0.904,active,returning,26,51.7,0.507,2,1,recovered
txn_1582c65a5497,cust_000002,11607.53,card,risk_flagged,0,8,0.654,none,returning,4,36.9,0.091,1,1,recovered
txn_e013275e52ab,cust_000981,4242.64,card,network_timeout,2,0,0.5,none,new,23,720.0,0.133,0,0,not_recovered
txn_2c686203a634,cust_001334,2223.61,card,card_declined_bank,0,0,0.5,active,new,18,720.0,0.092,0,0,not_recovered
txn_71f501fdf01d,cust_000011,586.7,card,network_timeout,1,0,0.5,none,new,24,720.0,0.187,1,0,not_recovered
txn_5c7b49a34eea,cust_000847,2435.74,upi,insufficient_funds,2,0,0.5,none,new,17,720.0,0.273,1,0,not_recovered
txn_34201f2cd6fb,cust_001494,981.41,upi,risk_flagged,1,0,0.5,paused,new,23,720.0,0.405,1,0,not_recovered
txn_d9119d6af2f7,cust_001362,8668.66,card,otp_failed,0,7,0.738,active,returning,18,19.4,0.265,2,1,recovered
txn_418bad3c2290,cust_000732,470.83,upi,network_timeout,0,9,0.389,active,returning,22,15.1,0.126,0,1,recovered
txn_50e5c74686c1,cust_001099,2824.36,card,bank_server_error,2,0,0.5,none,new,12,720.0,0.345,0,1,recovered
txn_d3b498b5d641,cust_000479,909.76,card,card_declined_bank,0,0,0.5,none,new,27,720.0,0.685,0,0,not_recovered
txn_6ac3f4d3e1b3,cust_000970,1981.16,card,invalid_card,2,0,0.5,paused,new,8,720.0,0.5,0,0,not_recovered
txn_91460b561fb9,cust_000215,3638.99,netbanking,otp_failed,0,8,0.886,none,returning,22,55.5,0.184,1,0,not_recovered
txn_c583c191e371,cust_001101,5012.91,wallet,network_timeout,1,0,0.5,cancelled,new,10,720.0,0.169,0,0,not_recovered
txn_5a64e5bc43a8,cust_000720,1891.98,upi,bank_server_error,2,7,0.815,none,returning,24,363.5,0.38,1,1,recovered
txn_741828559a53,cust_001146,3964.34,card,network_timeout,0,0,0.5,none,new,25,720.0,0.083,0,1,recovered
txn_540c5adfaf0f,cust_001254,1100.78,card,network_timeout,0,0,0.5,cancelled,new,5,720.0,0.266,0,1,recovered
txn_16ce420a45a6,cust_000621,2492.36,card,otp_failed,0,15,0.572,active,loyal,19,45.3,0.065,3,1,recovered
txn_ae982646c113,cust_000455,4924.54,netbanking,card_declined_bank,1,0,0.5,paused,new,16,720.0,0.056,0,0,not_recovered
txn_5edd274eeacd,cust_001112,2694.29,card,network_timeout,1,0,0.5,active,new,12,720.0,0.209,0,0,not_recovered
txn_0df7c1bdb000,cust_000596,1240.9,emi,card_declined_bank,0,0,0.5,none,new,8,720.0,0.038,0,0,not_recovered
txn_f4d63816ed28,cust_001343,1554.43,upi,otp_failed,1,27,0.958,active,loyal,19,139.1,0.208,3,0,not_recovered
txn_729873506b3c,cust_000726,4984.51,upi,card_declined_bank,2,3,0.513,none,returning,25,61.7,0.01,2,0,not_recovered
txn_044508822e28,cust_001164,747.95,netbanking,insufficient_funds,1,11,0.739,paused,returning,10,22.6,0.223,0,0,not_recovered
txn_5c4783122e2e,cust_001468,854.16,card,insufficient_funds,0,17,0.204,active,loyal,10,56.1,0.305,1,0,not_recovered
txn_bccb66ad62ca,cust_001045,3433.82,netbanking,network_timeout,2,0,0.5,active,new,26,720.0,0.687,0,0,not_recovered
txn_442050a53455,cust_000920,1345.84,card,insufficient_funds,1,24,0.86,none,loyal,23,4.3,0.196,2,1,recovered
txn_07d398d7f7b8,cust_001294,540.37,netbanking,insufficient_funds,0,0,0.5,active,new,22,720.0,0.143,0,0,not_recovered
txn_fd11949add84,cust_001261,6739.47,upi,insufficient_funds,2,5,0.752,none,returning,18,122.2,0.237,4,0,not_recovered
txn_9ebfe97f4e06,cust_000325,742.75,card,network_timeout,0,5,0.651,cancelled,returning,3,7.1,0.212,4,1,recovered
txn_7f33977e2252,cust_000614,1669.89,netbanking,network_timeout,2,4,0.822,active,returning,4,8.6,0.657,2,1,recovered
txn_c8d8534e0dda,cust_000502,1144.17,card,risk_flagged,1,20,0.827,none,loyal,1,316.1,0.253,1,1,recovered
txn_4cc5ad9cbf36,cust_001263,1528.57,card,card_declined_bank,1,0,0.5,none,new,9,720.0,0.292,0,0,not_recovered
txn_a3407e1f60ae,cust_000893,901.3,netbanking,insufficient_funds,0,17,0.845,active,loyal,1,91.5,0.052,3,1,recovered
txn_08c1ebdee7e8,cust_000185,3800.36,upi,invalid_card,0,4,0.906,active,returning,14,53.4,0.149,5,0,not_recovered
txn_4a726a901b65,cust_000315,2207.78,wallet,insufficient_funds,0,4,0.725,none,returning,0,323.1,0.083,1,1,recovered
txn_0b4ba3a17c91,cust_000456,4842.99,upi,insufficient_funds,1,16,0.57,none,loyal,30,93.9,0.188,3,0,not_recovered
txn_37275e71da8d,cust_001076,1154.88,upi,card_declined_bank,1,0,0.5,paused,new,15,720.0,0.312,0,0,not_recovered
txn_d7149cc97ed7,cust_000926,13625.79,card,bank_server_error,0,21,0.751,none,loyal,0,30.7,0.215,3,1,recovered
txn_5fe983ea8e4d,cust_001168,359.9,card,insufficient_funds,0,3,0.669,none,returning,5,93.8,0.52,1,0,not_recovered
txn_15932253a006,cust_000667,479.8,emi,insufficient_funds,1,7,0.447,paused,returning,5,57.7,0.066,0,0,not_recovered
txn_fa46b32f5862,cust_000039,9679.6,card,bank_server_error,0,0,0.5,paused,new,20,720.0,0.248,1,1,recovered
txn_71503a45fac0,cust_000480,3061.43,upi,otp_failed,0,7,0.49,cancelled,returning,23,44.5,0.298,3,0,not_recovered
txn_2f547eb4c050,cust_001023,2716.9,card,insufficient_funds,0,12,0.663,active,returning,14,2.7,0.031,0,1,recovered
txn_5ba06659ff18,cust_000498,2945.84,card,bank_server_error,1,6,0.879,cancelled,returning,22,267.5,0.46,1,0,not_recovered
txn_0a7f6b775f44,cust_000047,3341.2,upi,insufficient_funds,0,0,0.5,paused,new,2,720.0,0.171,2,0,not_recovered
txn_6a222a1561c1,cust_001246,2617.02,netbanking,bank_server_error,1,0,0.5,paused,new,9,720.0,0.363,0,1,recovered
txn_5cceb109f9b7,cust_000073,837.72,netbanking,network_timeout,0,24,0.835,none,loyal,0,139.1,0.353,4,1,recovered
txn_eace80a1e4b2,cust_001107,4172.92,netbanking,risk_flagged,0,0,0.5,cancelled,new,12,720.0,0.365,0,0,not_recovered
txn_a4d0ef77ddfb,cust_000230,3621.38,card,card_declined_bank,1,8,0.492,none,returning,1,275.3,0.227,1,0,not_recovered
txn_a0ec96398709,cust_001204,7227.06,upi,insufficient_funds,2,22,0.709,none,loyal,24,135.3,0.176,2,0,not_recovered
txn_f2a1c566f78c,cust_000355,9777.28,card,card_declined_bank,0,0,0.5,none,new,16,720.0,0.456,0,0,not_recovered
txn_24aefaf91408,cust_000884,2690.36,upi,network_timeout,1,0,0.5,none,new,23,720.0,0.436,0,0,not_recovered
txn_872b059a8248,cust_001338,661.96,card,insufficient_funds,1,8,0.457,paused,returning,18,30.3,0.307,2,0,not_recovered
txn_a5967f04ac17,cust_000294,9850.43,upi,bank_server_error,2,0,0.5,active,new,1,720.0,0.192,0,0,not_recovered
txn_78c0fe8f66e4,cust_000863,799.24,card,bank_server_error,0,10,0.777,none,returning,10,20.2,0.199,2,0,not_recovered
txn_319dfd19d3d2,cust_001252,2708.55,netbanking,card_declined_bank,0,4,0.634,none,returning,0,42.8,0.465,3,0,not_recovered
txn_44774b4c453c,cust_000085,1585.95,netbanking,invalid_card,0,4,0.364,none,returning,2,13.8,0.09,1,0,not_recovered
txn_03ec453f4c0d,cust_000675,1356.19,wallet,insufficient_funds,1,9,0.894,none,returning,29,48.5,0.226,3,0,not_recovered
txn_418ec4ea0203,cust_001490,3975.36,card,insufficient_funds,1,7,0.792,paused,returning,28,138.6,0.464,1,0,not_recovered
txn_8f2df50efe82,cust_001266,2489.94,emi,otp_failed,0,7,0.799,paused,returning,3,12.9,0.185,4,1,recovered
txn_d6fadd1dd1a2,cust_000723,3171.36,card,insufficient_funds,0,0,0.5,none,new,12,720.0,0.058,0,0,not_recovered
txn_b1b319c444fe,cust_000045,958.99,card,network_timeout,0,9,0.609,active,returning,8,480.2,0.197,0,1,recovered
txn_f1de2bd49d60,cust_000853,1708.43,card,invalid_card,0,16,0.835,none,loyal,13,64.2,0.064,2,0,not_recovered
txn_fe68916403df,cust_000070,999.66,card,card_declined_bank,2,6,0.702,paused,returning,18,15.7,0.092,2,0,not_recovered
txn_45c8067a6146,cust_001096,1670.43,upi,invalid_card,0,6,0.917,none,returning,11,45.2,0.198,0,0,not_recovered
txn_a6a2f5d487cb,cust_000492,1795.63,card,network_timeout,1,0,0.5,paused,new,25,720.0,0.188,0,0,not_recovered
txn_bd86dc977a00,cust_001300,10507.81,card,network_timeout,0,0,0.5,cancelled,new,1,720.0,0.192,0,0,not_recovered
txn_0d2b2f3b5671,cust_000675,1582.17,upi,bank_server_error,1,0,0.5,none,new,18,720.0,0.258,1,0,not_recovered
txn_82472b898c9e,cust_000913,295.0,netbanking,invalid_card,1,0,0.5,none,new,22,720.0,0.111,0,0,not_recovered
txn_c604822b674c,cust_000271,7013.43,upi,network_timeout,0,19,0.669,none,loyal,17,16.8,0.052,3,1,recovered
txn_77fbd23ada4c,cust_000969,2993.9,upi,network_timeout,1,0,0.5,none,new,20,720.0,0.368,0,0,not_recovered
txn_6a5a264f3dad,cust_000760,1775.95,card,network_timeout,1,12,0.567,active,loyal,19,58.7,0.495,1,1,recovered
txn_8c956a88bb57,cust_000132,1348.17,netbanking,card_declined_bank,2,0,0.5,active,new,5,720.0,0.354,1,0,not_recovered
txn_1ba30627cbaf,cust_001022,852.15,card,card_declined_bank,0,0,0.5,active,new,24,720.0,0.077,0,0,not_recovered
txn_1302006af2d6,cust_000083,11432.82,card,otp_failed,0,2,0.937,none,returning,8,156.5,0.41,2,1,recovered
txn_02b88c77ab47,cust_001420,2093.64,card,network_timeout,0,0,0.5,active,new,5,720.0,0.42,0,0,not_recovered
txn_69b86c226a3f,cust_000402,418.23,upi,card_declined_bank,1,8,0.36,none,returning,16,149.9,0.372,1,0,not_recovered
txn_75de70577eb0,cust_000712,2683.74,card,bank_server_error,0,25,0.87,none,loyal,19,31.9,0.207,0,1,recovered
txn_f226e4cf1359,cust_000850,5916.82,upi,network_timeout,2,17,0.894,none,loyal,11,46.9,0.059,1,0,not_recovered
txn_e9225a0d91b2,cust_000986,2300.29,card,insufficient_funds,0,0,0.5,paused,new,1,720.0,0.289,1,1,recovered
txn_616fe5e72879,cust_001390,887.64,upi,bank_server_error,2,4,0.881,none,returning,30,147.3,0.029,2,1,recovered
txn_f834412d426f,cust_000768,818.96,upi,insufficient_funds,0,0,0.5,active,new,25,720.0,0.591,0,1,recovered
txn_287cd4b77ab8,cust_000269,875.17,card,invalid_card,0,17,0.839,cancelled,loyal,15,107.1,0.595,1,1,recovered
txn_3cc28e667ad7,cust_001464,7859.61,upi,bank_server_error,0,9,0.493,paused,returning,10,1.2,0.158,2,1,recovered
txn_84dd93af9575,cust_001456,1873.39,upi,insufficient_funds,1,0,0.5,none,new,27,720.0,0.22,1,0,not_recovered
txn_5f852bcfc61b,cust_000618,441.05,upi,otp_failed,1,0,0.5,paused,new,10,720.0,0.313,0,0,not_recovered
txn_87c9feab368f,cust_000409,2823.47,card,otp_failed,0,0,0.5,active,new,6,720.0,0.137,0,1,recovered
txn_017004e261f4,cust_001123,2268.63,upi,network_timeout,0,0,0.5,paused,new,7,720.0,0.075,1,0,not_recovered
txn_acf177545c72,cust_001270,1334.08,card,otp_failed,2,18,0.878,active,loyal,17,262.4,0.141,2,0,not_recovered
txn_465f61b5b51e,cust_000166,797.62,card,insufficient_funds,0,5,0.689,none,returning,23,33.1,0.307,3,0,not_recovered
txn_4ec80bd1b331,cust_000442,767.01,card,insufficient_funds,0,19,0.864,active,loyal,9,407.4,0.157,2,1,recovered
txn_e985383a0088,cust_000441,5313.31,upi,otp_failed,1,0,0.5,paused,new,5,720.0,0.242,0,0,not_recovered
txn_e2f6cbf001f1,cust_000627,2496.79,card,bank_server_error,0,5,0.575,active,returning,28,145.6,0.44,0,1,recovered
txn_680b1dad1df5,cust_000904,3074.14,upi,insufficient_funds,0,0,0.5,active,new,3,720.0,0.436,0,0,not_recovered
txn_6066c8829597,cust_001088,2490.61,card,network_timeout,0,6,0.724,active,returning,17,22.1,0.212,2,1,recovered
txn_ca417de43e3d,cust_001297,2683.61,netbanking,bank_server_error,1,0,0.5,none,new,5,720.0,0.232,0,0,not_recovered
txn_badb943d6c98,cust_001367,1310.87,card,insufficient_funds,0,0,0.5,active,new,20,720.0,0.435,0,0,not_recovered
txn_23511cd30002,cust_000627,1660.3,upi,risk_flagged,2,6,0.69,none,returning,11,29.4,0.144,2,0,not_recovered
txn_6651f5688059,cust_000381,5701.14,netbanking,bank_server_error,0,0,0.5,none,new,2,720.0,0.278,0,0,not_recovered
txn_7f89f59bdfb4,cust_000101,7137.59,card,risk_flagged,2,8,0.744,paused,returning,5,100.4,0.372,5,0,not_recovered
txn_7900089bdc40,cust_001196,665.22,card,insufficient_funds,0,8,0.657,active,returning,15,191.2,0.173,1,0,not_recovered
txn_1a4a3b77a011,cust_000368,1656.67,upi,card_declined_bank,0,0,0.5,cancelled,new,4,720.0,0.053,0,1,recovered
txn_a179861b5ce1,cust_001539,4252.9,emi,network_timeout,0,21,0.741,none,loyal,17,237.2,0.385,1,1,recovered
txn_a2f8e5e64b21,cust_000513,10871.19,emi,insufficient_funds,0,8,0.852,active,returning,24,10.6,0.469,1,0,not_recovered
txn_c8c08ce68f49,cust_000619,9934.45,card,network_timeout,0,18,0.833,active,loyal,9,196.4,0.619,0,1,recovered
txn_9ad33efeafd2,cust_001124,976.35,netbanking,network_timeout,1,9,0.662,active,returning,29,14.5,0.113,0,1,recovered
txn_0b5a22dc1645,cust_000151,6295.19,card,risk_flagged,1,3,0.571,none,returning,22,95.9,0.128,3,0,not_recovered
txn_3e88af22a09a,cust_000386,2106.48,card,card_declined_bank,1,6,0.775,active,returning,2,125.8,0.517,2,0,not_recovered
txn_891dc3d7a97f,cust_000885,5115.22,upi,otp_failed,0,21,0.839,paused,loyal,14,2.6,0.385,0,0,not_recovered
txn_6a53089e4037,cust_000723,4062.08,upi,bank_server_error,1,6,0.438,none,returning,17,81.6,0.503,3,0,not_recovered
txn_9c7dd2ac64e4,cust_000369,640.62,upi,bank_server_error,0,0,0.5,active,new,17,720.0,0.278,0,1,recovered
txn_12435c1d38f2,cust_000535,3277.96,netbanking,otp_failed,1,0,0.5,none,new,14,720.0,0.191,0,1,recovered
txn_4ec592fa5880,cust_000143,4940.03,card,card_declined_bank,1,6,0.901,active,returning,11,53.1,0.214,2,1,recovered
txn_379596207e50,cust_001354,1962.28,upi,otp_failed,0,0,0.5,active,new,17,720.0,0.296,0,1,recovered
txn_9590c2de5938,cust_000935,1600.89,card,card_declined_bank,0,0,0.5,none,new,20,720.0,0.302,1,0,not_recovered
txn_1f8c68b63154,cust_001377,485.66,card,insufficient_funds,2,0,0.5,active,new,26,720.0,0.137,1,0,not_recovered
txn_56ddb331fa37,cust_000545,3696.92,card,invalid_card,0,5,0.912,active,returning,3,12.0,0.328,5,0,not_recovered
txn_d9726cab7c23,cust_001245,2411.18,wallet,network_timeout,1,0,0.5,cancelled,new,4,720.0,0.401,0,1,recovered
txn_b4f1958e8ee8,cust_000468,871.34,upi,insufficient_funds,2,5,0.861,none,returning,15,18.5,0.338,0,0,not_recovered
txn_71d359cf75e2,cust_000557,1490.32,card,risk_flagged,0,7,0.725,cancelled,returning,13,44.6,0.262,0,1,recovered
txn_80a2217f8f02,cust_001410,2296.3,upi,network_timeout,0,18,0.782,active,loyal,27,47.3,0.342,2,0,not_recovered
txn_03e442290bdb,cust_000582,1208.61,emi,network_timeout,0,0,0.5,paused,new,17,720.0,0.222,0,1,recovered
txn_d06482c1022d,cust_000170,2003.02,wallet,insufficient_funds,1,7,0.753,none,returning,7,82.4,0.057,2,1,recovered
txn_511eb9d8b9d0,cust_000962,413.67,upi,bank_server_error,0,3,0.558,active,returning,26,43.5,0.158,2,1,recovered
txn_3f957a18deec,cust_000692,6731.0,card,invalid_card,0,6,0.603,paused,returning,26,142.0,0.243,0,0,not_recovered
txn_51e52d24886b,cust_001349,2027.01,upi,card_declined_bank,0,7,0.728,active,returning,1,166.4,0.247,3,0,not_recovered
txn_330e12d9b310,cust_001105,742.92,netbanking,bank_server_error,2,0,0.5,none,new,27,720.0,0.138,0,0,not_recovered
txn_d1308dc146b8,cust_001294,218.39,netbanking,invalid_card,1,12,0.78,paused,loyal,11,20.9,0.123,3,1,recovered
txn_0ed6d11904cc,cust_000961,5045.35,netbanking,otp_failed,0,0,0.5,none,new,7,720.0,0.092,0,0,not_recovered
